tipo,bioma,variavel,fase,n,minimo,P10,Q1,mediana,media,Q3,P90,maximo,bigode_inf,bigode_sup,n_outliers,amplitude,IQR,desvio_padrao
bruto,Mata Atlântica,NP,El Niño,76,78.981,102.091,116.763,133.251,128.574,141.632,151.098,161.063,89.87,161.063,1,82.082,24.869,18.577
bruto,Mata Atlântica,NP,Neutro,148,94.429,119.466,127.818,134.238,135.935,144.326,152.953,179.129,104.256,167.913,8,84.701,16.508,14.835
bruto,Mata Atlântica,NP,La Niña,73,96.581,118.133,127.307,134.032,135.403,146.28,150.969,163.446,105.428,163.446,1,66.865,18.972,14.023
bruto,Mata Atlântica,EV,El Niño,76,76.775,86.511,91.146,98.763,100.348,109.554,116.719,128.426,76.775,128.426,0,51.651,18.408,12.045
bruto,Mata Atlântica,EV,Neutro,148,76.855,83.227,90.062,98.272,99.389,108.073,115.809,132.443,76.855,132.443,0,55.588,18.011,12.43
bruto,Mata Atlântica,EV,La Niña,73,81.052,87.953,96.822,105.351,104.784,113.669,119.134,127.355,81.052,127.355,0,46.304,16.847,11.851
bruto,Mata Atlântica,PRE,El Niño,76,15.349,26.511,39.857,66.698,86.555,131.62,165.043,273.604,15.349,250.482,1,258.255,91.764,59.187
bruto,Mata Atlântica,PRE,Neutro,148,10.066,35.242,51.417,79.765,85.914,105.126,150.337,264.159,10.066,171.02,7,254.093,53.709,48.611
bruto,Mata Atlântica,PRE,La Niña,73,21.626,34.912,53.448,88.081,97.186,125.681,162.957,386.014,21.626,207.636,3,364.389,72.233,62.289
bruto,Mata Atlântica,TST,El Niño,76,23.851,25.668,28.132,29.985,29.684,31.577,32.719,35.989,23.851,35.989,0,12.138,3.445,2.752
bruto,Mata Atlântica,TST,Neutro,148,22.086,24.12,24.95,26.792,27.082,28.985,30.804,32.886,22.086,32.886,0,10.8,4.035,2.557
bruto,Mata Atlântica,TST,La Niña,73,23.39,25.598,27.702,29.109,28.765,29.936,30.97,33.484,24.614,32.359,3,10.095,2.234,2.06
bruto,Mata Atlântica,WAI,El Niño,76,0.346,0.412,0.441,0.498,0.502,0.559,0.612,0.685,0.346,0.685,0,0.339,0.118,0.079
bruto,Mata Atlântica,WAI,Neutro,148,0.374,0.437,0.491,0.554,0.554,0.622,0.655,0.719,0.374,0.719,0,0.346,0.131,0.082
bruto,Mata Atlântica,WAI,La Niña,73,0.388,0.448,0.475,0.522,0.526,0.56,0.613,0.69,0.388,0.656,1,0.302,0.085,0.064
bruto,Mata Atlântica,BURN,El Niño,76,0.0,237.5,968.75,2062.5,6022.039,6981.25,13950.0,64425.0,0.0,15000.0,7,64425.0,6012.5,9942.83
bruto,Mata Atlântica,BURN,Neutro,148,0.0,0.0,0.0,675.0,1928.885,1912.5,3790.0,30475.0,0.0,4650.0,11,30475.0,1912.5,4240.541
bruto,Mata Atlântica,BURN,La Niña,73,0.0,100.0,400.0,1025.0,3671.233,2875.0,7880.0,59250.0,0.0,5200.0,10,59250.0,2475.0,8404.539
bruto,Cerrado,NP,El Niño,76,13.999,38.826,62.798,100.148,92.935,127.126,137.876,165.826,13.999,165.826,0,151.826,64.329,38.594
bruto,Cerrado,NP,Neutro,148,3.422,41.957,67.508,95.303,94.086,124.702,140.575,179.198,3.422,179.198,0,175.776,57.193,37.691
bruto,Cerrado,NP,La Niña,73,3.037,51.079,84.984,112.146,103.46,129.574,141.023,167.366,31.229,167.366,2,164.329,44.59,35.928
bruto,Cerrado,EV,El Niño,76,20.286,29.112,44.356,78.519,74.669,100.689,116.392,124.724,20.286,124.724,0,104.437,56.333,32.385
bruto,Cerrado,EV,Neutro,148,15.706,25.985,33.952,65.073,64.809,92.057,110.799,136.907,15.706,136.907,0,121.202,58.105,32.729
bruto,Cerrado,EV,La Niña,73,14.886,32.997,54.798,95.605,82.602,106.834,119.038,129.812,14.886,129.812,0,114.926,52.036,32.637
bruto,Cerrado,PRE,El Niño,76,0.491,1.342,21.422,93.808,106.642,175.062,224.096,463.288,0.491,287.871,1,462.797,153.64,96.485
bruto,Cerrado,PRE,Neutro,148,0.137,0.611,1.34,20.973,58.915,80.119,177.846,395.32,0.137,195.411,13,395.183,78.778,82.556
bruto,Cerrado,PRE,La Niña,73,0.215,1.138,23.512,122.902,122.528,187.259,235.797,426.755,0.215,426.755,0,426.54,163.748,95.571
bruto,Cerrado,TST,El Niño,76,27.921,29.569,30.721,32.22,33.513,36.32,38.954,43.486,27.921,43.486,0,15.565,5.599,3.737
bruto,Cerrado,TST,Neutro,148,26.229,28.184,29.525,30.774,31.85,33.598,36.989,42.85,26.229,39.529,4,16.622,4.073,3.507
bruto,Cerrado,TST,La Niña,73,27.832,28.799,29.727,31.342,32.47,34.628,38.389,41.388,27.832,41.388,0,13.555,4.901,3.607
bruto,Cerrado,WAI,El Niño,76,0.078,0.118,0.185,0.416,0.372,0.525,0.581,0.667,0.078,0.667,0,0.59,0.34,0.177
bruto,Cerrado,WAI,Neutro,148,0.06,0.108,0.159,0.321,0.333,0.503,0.577,0.686,0.06,0.686,0,0.627,0.344,0.183
bruto,Cerrado,WAI,La Niña,73,0.053,0.133,0.292,0.478,0.43,0.577,0.632,0.703,0.053,0.703,0,0.65,0.286,0.185
bruto,Cerrado,BURN,El Niño,76,500.0,5087.5,8256.25,20287.5,82092.763,64118.75,230500.0,690550.0,500.0,139200.0,12,690050.0,55862.5,143332.606
bruto,Cerrado,BURN,Neutro,148,0.0,3610.0,10156.25,17037.5,71432.77,52487.5,230870.0,1300950.0,0.0,115575.0,25,1300950.0,42331.25,148335.596
bruto,Cerrado,BURN,La Niña,73,0.0,2005.0,5500.0,17500.0,118070.548,74600.0,411475.0,1146050.0,0.0,173075.0,13,1146050.0,69100.0,237909.929
bruto,Caatinga,NP,El Niño,76,28.47,40.674,58.828,79.862,79.724,102.742,112.976,157.51,28.47,157.51,0,129.04,43.914,28.268
bruto,Caatinga,NP,Neutro,148,34.4,54.499,68.516,82.535,87.221,104.379,130.669,167.623,34.4,150.754,1,133.224,35.863,27.911
bruto,Caatinga,NP,La Niña,73,34.694,55.453,75.474,94.503,93.697,111.284,130.932,147.568,34.694,147.568,0,112.874,35.81,27.792
bruto,Caatinga,EV,El Niño,76,20.538,27.347,33.406,59.621,58.978,77.572,98.451,114.262,20.538,114.262,0,93.724,44.166,26.402
bruto,Caatinga,EV,Neutro,148,21.089,27.314,34.031,51.171,55.977,72.649,96.37,130.917,21.089,125.937,1,109.828,38.618,26.288
bruto,Caatinga,EV,La Niña,73,21.13,31.452,43.427,69.234,68.927,92.254,103.758,112.677,21.13,112.677,0,91.547,48.827,26.713
bruto,Caatinga,PRE,El Niño,76,4.144,10.808,19.603,40.295,65.661,100.168,147.803,393.782,4.144,205.358,2,389.638,80.565,67.621
bruto,Caatinga,PRE,Neutro,148,2.844,12.325,16.695,25.547,45.917,52.768,101.518,367.232,2.844,102.664,14,364.388,36.073,53.176
bruto,Caatinga,PRE,La Niña,73,3.136,12.194,25.621,65.189,72.997,95.17,148.249,291.316,3.136,189.014,2,288.179,69.549,56.648
bruto,Caatinga,TST,El Niño,76,27.638,29.632,31.549,33.128,33.742,36.063,38.537,41.24,27.638,41.24,0,13.602,4.514,3.427
bruto,Caatinga,TST,Neutro,148,25.782,27.457,29.125,30.643,31.486,33.81,36.653,40.578,25.782,40.578,0,14.796,4.685,3.415
bruto,Caatinga,TST,La Niña,73,27.752,28.417,30.107,31.969,32.438,35.017,37.476,39.321,27.752,39.321,0,11.568,4.91,3.158
bruto,Caatinga,WAI,El Niño,76,0.083,0.113,0.146,0.294,0.277,0.362,0.458,0.546,0.083,0.546,0,0.462,0.216,0.128
bruto,Caatinga,WAI,Neutro,148,0.085,0.119,0.178,0.259,0.279,0.354,0.485,0.62,0.085,0.616,1,0.536,0.176,0.134
bruto,Caatinga,WAI,La Niña,73,0.08,0.14,0.225,0.323,0.327,0.446,0.496,0.559,0.08,0.559,0,0.479,0.221,0.132
bruto,Caatinga,BURN,El Niño,76,0.0,187.5,718.75,3237.5,18274.671,19443.75,43012.5,298950.0,0.0,44475.0,6,298950.0,18725.0,40942.191
bruto,Caatinga,BURN,Neutro,148,0.0,125.0,525.0,2000.0,10811.486,6637.5,28392.5,199750.0,0.0,13650.0,23,199750.0,6112.5,26989.436
bruto,Caatinga,BURN,La Niña,73,0.0,205.0,750.0,2500.0,28850.0,13475.0,125280.0,238025.0,0.0,32175.0,13,238025.0,12725.0,59609.074
anomalia,Mata Atlântica,NP,El Niño,76,-52.779,-27.174,-14.048,-3.541,-5.285,6.768,12.101,25.306,-41.125,25.306,1,78.084,20.816,16.472
anomalia,Mata Atlântica,NP,Neutro,148,-37.331,-13.744,-7.011,1.985,1.82,8.886,16.921,48.946,-29.426,32.335,5,86.278,15.897,13.009
anomalia,Mata Atlântica,NP,La Niña,73,-34.414,-15.907,-7.414,1.22,1.812,11.966,18.003,35.178,-34.414,35.178,0,69.592,19.38,13.799
anomalia,Mata Atlântica,EV,El Niño,76,-25.917,-18.608,-7.794,-0.459,-1.67,6.553,10.572,19.856,-25.917,19.856,0,45.773,14.347,10.755
anomalia,Mata Atlântica,EV,Neutro,148,-21.371,-9.626,-4.829,0.523,0.041,5.101,9.756,20.38,-17.957,19.724,4,41.752,9.929,7.932
anomalia,Mata Atlântica,EV,La Niña,73,-15.698,-7.641,-3.499,0.288,1.654,6.745,13.337,18.785,-15.698,18.785,0,34.483,10.245,7.8
anomalia,Mata Atlântica,PRE,El Niño,76,-112.041,-71.598,-44.229,-14.442,-4.89,25.638,74.297,171.103,-112.041,110.794,2,283.144,69.868,57.49
anomalia,Mata Atlântica,PRE,Neutro,148,-105.166,-45.128,-26.172,-2.351,0.854,21.872,50.534,177.279,-88.429,91.273,7,282.445,48.044,44.391
anomalia,Mata Atlântica,PRE,La Niña,73,-91.821,-48.899,-22.119,-6.545,3.359,23.743,54.16,269.781,-78.752,80.263,5,361.603,45.862,52.697
anomalia,Mata Atlântica,TST,El Niño,76,-3.032,-0.977,-0.298,0.536,0.707,1.782,2.727,5.037,-3.032,4.813,1,8.068,2.08,1.51
anomalia,Mata Atlântica,TST,Neutro,148,-3.408,-1.6,-0.989,-0.135,-0.181,0.582,1.51,2.748,-3.129,2.748,1,6.156,1.571,1.214
anomalia,Mata Atlântica,TST,La Niña,73,-2.931,-2.163,-1.129,-0.351,-0.37,0.403,1.317,2.532,-2.931,2.532,0,5.463,1.532,1.256
anomalia,Mata Atlântica,WAI,El Niño,76,-0.159,-0.079,-0.052,-0.009,-0.012,0.034,0.057,0.107,-0.159,0.107,0,0.266,0.086,0.059
anomalia,Mata Atlântica,WAI,Neutro,148,-0.128,-0.063,-0.033,0.006,0.0,0.033,0.06,0.14,-0.128,0.113,1,0.268,0.067,0.05
anomalia,Mata Atlântica,WAI,La Niña,73,-0.073,-0.043,-0.025,0.004,0.012,0.044,0.067,0.148,-0.073,0.148,0,0.221,0.07,0.047
anomalia,Mata Atlântica,BURN,El Niño,76,-10152.083,-5660.417,-2050.688,-128.5,1676.885,2175.25,9000.125,56927.083,-7197.917,6219.0,12,67079.167,4225.938,9121.242
anomalia,Mata Atlântica,BURN,Neutro,148,-10052.083,-3241.075,-1539.5,-681.0,-579.45,184.5,1900.7,22977.083,-4031.0,2523.0,21,33029.167,1724.0,3716.808
anomalia,Mata Atlântica,BURN,La Niña,73,-9952.083,-7392.083,-5247.917,-1008.0,-571.022,420.0,3469.8,48997.917,-9952.083,6695.0,5,58950.0,5667.917,8086.843
anomalia,Cerrado,NP,El Niño,76,-56.976,-33.105,-12.299,-0.653,-0.451,16.45,29.416,47.466,-49.853,47.466,1,104.442,28.749,23.207
anomalia,Cerrado,NP,Neutro,148,-69.913,-25.87,-15.711,-2.241,-2.795,11.778,21.572,45.103,-55.083,45.103,2,115.016,27.489,20.969
anomalia,Cerrado,NP,La Niña,73,-51.99,-16.601,-0.975,7.739,6.135,16.083,25.689,42.925,-21.069,33.603,6,94.915,17.058,17.873
anomalia,Cerrado,EV,El Niño,76,-39.726,-17.357,-7.589,1.304,0.55,9.601,17.512,40.036,-31.532,31.185,4,79.763,17.19,15.581
anomalia,Cerrado,EV,Neutro,148,-41.435,-18.666,-10.519,-1.98,-2.307,7.196,13.86,30.87,-34.684,30.87,3,72.306,17.714,13.705
anomalia,Cerrado,EV,La Niña,73,-35.627,-9.191,-1.488,4.633,4.104,11.666,18.803,33.773,-12.459,27.283,5,69.399,13.154,12.965
anomalia,Cerrado,PRE,El Niño,76,-138.512,-85.24,-40.813,-0.734,-1.507,23.792,96.896,285.071,-136.5,116.336,4,423.583,64.605,70.43
anomalia,Cerrado,PRE,Neutro,148,-120.439,-53.991,-13.653,-1.124,-2.082,4.414,38.636,217.104,-39.658,26.727,38,337.543,18.067,47.829
anomalia,Cerrado,PRE,La Niña,73,-137.823,-55.635,-20.28,-2.263,5.79,32.958,72.46,250.229,-95.499,109.054,4,388.052,53.239,57.133
anomalia,Cerrado,TST,El Niño,76,-7.019,-1.504,-0.589,0.21,0.402,1.305,2.969,5.105,-3.054,3.595,6,12.125,1.893,1.989
anomalia,Cerrado,TST,Neutro,148,-4.751,-2.162,-0.979,0.081,-0.03,1.029,1.707,4.045,-3.414,3.55,3,8.796,2.008,1.593
anomalia,Cerrado,TST,La Niña,73,-4.151,-2.587,-1.268,-0.355,-0.359,0.6,1.412,3.184,-3.698,3.184,1,7.334,1.868,1.52
anomalia,Cerrado,WAI,El Niño,76,-0.249,-0.111,-0.056,0.003,-0.003,0.067,0.094,0.306,-0.225,0.16,3,0.555,0.123,0.099
anomalia,Cerrado,WAI,Neutro,148,-0.259,-0.128,-0.072,-0.013,-0.014,0.046,0.1,0.218,-0.248,0.218,2,0.478,0.118,0.094
anomalia,Cerrado,WAI,La Niña,73,-0.225,-0.052,-0.025,0.037,0.032,0.086,0.138,0.205,-0.147,0.205,2,0.43,0.111,0.087
anomalia,Cerrado,BURN,El Niño,76,-306452.0,-128460.333,-15939.25,-2716.896,-14128.452,4570.812,41393.042,269698.0,-36294.792,30809.0,21,576150.0,20510.062,96395.425
anomalia,Cerrado,BURN,Neutro,148,-312627.0,-95381.5,-16745.573,-4518.0,-9652.754,1921.5,18579.633,880098.0,-37670.0,23005.0,31,1192725.0,18667.073,103041.264
anomalia,Cerrado,BURN,La Niña,73,-302427.0,-24379.792,-8322.917,-48.0,34279.041,10809.0,141825.833,725198.0,-31669.792,22796.0,19,1027625.0,19131.917,154338.152
anomalia,Caatinga,NP,El Niño,76,-50.633,-33.085,-14.742,-3.316,-4.374,6.959,23.27,45.291,-44.425,35.762,3,95.924,21.7,20.213
anomalia,Caatinga,NP,Neutro,148,-53.627,-24.78,-13.342,-3.368,-1.328,7.051,28.208,55.403,-40.698,37.445,9,109.031,20.394,19.973
anomalia,Caatinga,NP,La Niña,73,-36.514,-17.716,-4.813,6.705,7.247,23.288,32.185,46.566,-36.514,46.566,0,83.08,28.101,19.467
anomalia,Caatinga,EV,El Niño,76,-37.043,-24.327,-10.289,-1.959,-1.82,8.431,17.774,33.064,-37.043,33.064,0,70.108,18.72,15.657
anomalia,Caatinga,EV,Neutro,148,-47.874,-18.163,-8.683,-4.006,-1.53,3.74,23.117,42.556,-27.263,21.132,23,90.43,12.423,15.698
anomalia,Caatinga,EV,La Niña,73,-23.499,-13.245,-6.031,2.985,4.997,15.941,28.661,37.307,-23.499,37.307,0,60.807,21.972,15.242
anomalia,Caatinga,PRE,El Niño,76,-96.936,-60.195,-39.217,-4.145,-0.217,21.987,58.315,283.521,-96.936,85.983,4,380.456,61.204,58.306
anomalia,Caatinga,PRE,Neutro,148,-95.589,-44.575,-14.369,-2.569,-1.197,8.373,26.479,256.97,-46.57,41.844,22,352.56,22.742,42.444
anomalia,Caatinga,PRE,La Niña,73,-99.507,-49.593,-15.833,-3.551,2.653,22.68,56.333,197.781,-73.547,70.769,7,297.288,38.514,46.58
anomalia,Caatinga,TST,El Niño,76,-4.213,-1.769,-0.59,0.409,0.541,1.886,2.445,5.511,-4.213,5.511,0,9.724,2.476,1.915
anomalia,Caatinga,TST,Neutro,148,-4.982,-2.801,-1.4,0.38,0.051,1.346,2.22,4.356,-4.982,4.356,0,9.338,2.746,1.884
anomalia,Caatinga,TST,La Niña,73,-5.622,-2.804,-1.473,-0.601,-0.666,0.442,1.683,2.759,-4.219,2.759,3,8.381,1.915,1.849
anomalia,Caatinga,WAI,El Niño,76,-0.195,-0.124,-0.049,-0.012,-0.01,0.045,0.083,0.186,-0.186,0.15,3,0.381,0.094,0.08
anomalia,Caatinga,WAI,Neutro,148,-0.251,-0.098,-0.055,-0.023,-0.008,0.019,0.108,0.246,-0.165,0.114,17,0.496,0.074,0.088
anomalia,Caatinga,WAI,La Niña,73,-0.123,-0.069,-0.03,0.021,0.027,0.097,0.13,0.204,-0.123,0.204,0,0.327,0.128,0.079
anomalia,Caatinga,BURN,El Niño,76,-73416.667,-31766.833,-6655.208,-1249.5,-3529.648,286.0,7232.0,232658.0,-13742.0,8844.792,21,306074.667,6941.208,34156.483
anomalia,Caatinga,BURN,Neutro,148,-57191.667,-20723.329,-2633.75,-640.0,-2902.154,557.5,2848.7,114558.333,-7198.0,4927.0,35,171750.0,3191.25,18352.581
anomalia,Caatinga,BURN,La Niña,73,-62341.667,-20456.042,-2830.208,-166.0,9558.522,2066.0,40088.333,202973.958,-7080.208,8110.0,23,265315.625,4896.208,44178.772
