bioma,versao,periodo,n_meses,dif_media_C,dif_mediana_C,rmse_C,r_pearson,maior_dif_abs_C,mes_maior_dif,pct_descartado_medio,pct_descartado_max,rho_spearman_tst_vs_pct_descartado
Mata Atlântica,erro ≤ 3 K,ano todo,297,0.0,0.0,0.0,1.0,0.0006,2018-09,0.0,0.0077,0.0542
Mata Atlântica,erro ≤ 3 K,trimestre chuvoso 11/12/1,73,0.0,0.0,0.0,1.0,0.0,2001-01,0.0,0.0,
Mata Atlântica,erro ≤ 3 K,trimestre seco 8/9/10,74,0.0,0.0,0.0001,1.0,0.0006,2018-09,0.0001,0.0077,0.1068
Mata Atlântica,boa qualidade,ano todo,297,1.3579,1.2429,1.5084,0.982,4.1471,2011-10,71.6604,94.7915,0.0837
Mata Atlântica,boa qualidade,trimestre chuvoso 11/12/1,73,1.4587,1.3707,1.5337,0.9686,2.7934,2008-11,75.8844,93.3744,-0.7085
Mata Atlântica,boa qualidade,trimestre seco 8/9/10,74,2.0074,1.98,2.1192,0.9806,4.1471,2011-10,70.5904,87.9807,-0.2187
Cerrado,erro ≤ 3 K,ano todo,297,0.0,0.0,0.0,1.0,0.0,2001-01,0.0,0.0,
Cerrado,erro ≤ 3 K,trimestre chuvoso 11/12/1,73,0.0,0.0,0.0,1.0,0.0,2001-01,0.0,0.0,
Cerrado,erro ≤ 3 K,trimestre seco 6/7/8,75,0.0,0.0,0.0,1.0,0.0,2001-06,0.0,0.0,
Cerrado,boa qualidade,ano todo,297,0.2258,0.0925,0.3822,0.9966,2.4507,2007-11,19.6706,69.0955,-0.2134
Cerrado,boa qualidade,trimestre chuvoso 11/12/1,73,0.3111,0.3067,0.4899,0.9895,2.4507,2007-11,33.3129,69.0287,-0.3567
Cerrado,boa qualidade,trimestre seco 6/7/8,75,0.0439,0.0379,0.0532,0.9999,0.1537,2009-06,1.4696,10.3702,-0.4302
Caatinga,erro ≤ 3 K,ano todo,297,0.0,0.0,0.0,1.0,0.0,2001-01,0.0,0.0,
Caatinga,erro ≤ 3 K,trimestre chuvoso 11/12/1,73,0.0,0.0,0.0,1.0,0.0,2001-01,0.0,0.0,
Caatinga,erro ≤ 3 K,trimestre seco 7/8/9,75,0.0,0.0,0.0,1.0,0.0,2001-07,0.0,0.0,
Caatinga,boa qualidade,ano todo,297,0.6003,0.5432,0.8124,0.9879,2.7239,2017-09,36.3146,73.0224,-0.421
Caatinga,boa qualidade,trimestre chuvoso 11/12/1,73,0.1981,0.1778,0.3897,0.9947,0.9736,2016-01,38.8518,64.1859,-0.5848
Caatinga,boa qualidade,trimestre seco 7/8/9,75,1.2295,1.2185,1.3006,0.9916,2.7239,2017-09,29.4999,42.494,-0.6801
