ano,mes,bioma,psn_g_c_m2,et_mm,pet_mm,ida,lst_dia_c,precip_mm,area_queimada_ha,oni
2001,1,Caatinga,133.5361,106.2291,219.3035,0.4844,30.0072,28.6896,7025.0,-0.76
2001,1,Cerrado,133.7422,92.6071,218.4159,0.424,31.5003,58.3005,7850.0,-0.76
2001,1,Mata Atlântica,161.6541,116.8653,217.5747,0.5371,29.1096,49.6895,5200.0,-0.76
2001,2,Caatinga,75.7057,76.8603,240.687,0.3193,33.4961,36.2057,275.0,-0.54
2001,2,Cerrado,84.1919,82.4445,249.1432,0.3309,31.3417,104.0196,1775.0,-0.54
2001,2,Mata Atlântica,134.8238,107.799,241.1154,0.4471,32.001,43.9821,12050.0,-0.54
2001,3,Caatinga,94.112,81.7372,214.0357,0.3819,31.604,94.5384,250.0,-0.43
2001,3,Cerrado,100.2236,88.6509,202.1379,0.4386,30.2458,163.1524,10825.0,-0.43
2001,3,Mata Atlântica,126.124,110.4488,206.1173,0.5359,29.1372,112.1279,50.0,-0.43
2001,4,Caatinga,88.9669,68.5096,216.0492,0.3171,31.7033,28.215,125.0,-0.29
2001,4,Cerrado,82.8162,69.7852,227.4796,0.3068,30.7771,38.3165,15850.0,-0.29
2001,4,Mata Atlântica,134.8856,115.5542,201.6987,0.5729,27.8492,79.9661,0.0,-0.29
2001,5,Caatinga,61.589,43.0266,197.5063,0.2178,32.8695,21.1658,325.0,-0.19
2001,5,Cerrado,49.6629,42.2946,209.7364,0.2017,30.7237,21.5359,6350.0,-0.19
2001,5,Mata Atlântica,112.7375,99.1285,161.3049,0.6145,27.7659,104.4185,0.0,-0.19
2001,6,Caatinga,76.5573,36.7496,174.4009,0.2107,29.457,36.0094,3475.0,-0.08
2001,6,Cerrado,71.355,35.9076,195.1987,0.184,29.4078,1.0723,10350.0,-0.08
2001,6,Mata Atlântica,128.5406,85.8443,142.1115,0.6041,24.1966,118.4004,0.0,-0.08
2001,7,Caatinga,75.5775,35.157,186.0688,0.1889,29.5065,20.2575,2600.0,-0.05
2001,7,Cerrado,58.6063,26.8873,213.5746,0.1259,30.3744,1.2406,66275.0,-0.05
2001,7,Mata Atlântica,135.6736,85.7563,146.7145,0.5845,24.328,97.9959,0.0,-0.05
2001,8,Caatinga,71.1243,34.2609,203.963,0.168,31.2375,24.5272,22475.0,-0.13
2001,8,Cerrado,50.8249,26.1078,232.1966,0.1124,33.2247,1.2968,246375.0,-0.13
2001,8,Mata Atlântica,141.8455,88.304,163.6012,0.5398,24.6058,97.0637,0.0,-0.13
2001,9,Caatinga,49.5002,27.7706,243.8408,0.1139,36.9353,20.8163,40650.0,-0.15
2001,9,Cerrado,3.4221,16.1168,269.3919,0.0598,38.3086,13.6309,481525.0,-0.15
2001,9,Mata Atlântica,149.9371,97.49,200.3869,0.4865,28.9842,80.5712,0.0,-0.15
2001,10,Caatinga,61.3882,43.9959,242.7132,0.1813,38.1546,60.3811,62375.0,-0.26
2001,10,Cerrado,56.4236,48.2346,234.4881,0.2057,35.3977,128.3884,176450.0,-0.26
2001,10,Mata Atlântica,148.2268,111.7316,204.8344,0.5455,29.2663,153.9614,200.0,-0.26
2001,11,Caatinga,67.9367,57.0932,241.2405,0.2367,37.097,57.7101,5625.0,-0.33
2001,11,Cerrado,85.0236,72.4289,233.3355,0.3104,33.5968,195.4114,16850.0,-0.33
2001,11,Mata Atlântica,148.3619,115.3365,222.4618,0.5185,30.804,75.3584,0.0,-0.33
2001,12,Caatinga,71.4924,59.1801,215.7339,0.2743,34.4882,120.8792,0.0,-0.32
2001,12,Cerrado,86.6999,69.4243,208.3852,0.3332,32.8353,174.196,0.0,-0.32
2001,12,Mata Atlântica,133.3912,104.5851,193.7108,0.5399,29.2887,141.7928,0.0,-0.32
2002,1,Caatinga,119.0026,101.7676,186.3313,0.5462,29.1911,277.4654,775.0,-0.15
2002,1,Cerrado,123.4223,100.6081,180.2731,0.5581,28.86,211.335,3000.0,-0.15
2002,1,Mata Atlântica,127.4268,109.8093,169.6583,0.6472,27.161,243.5619,0.0,-0.15
2002,2,Caatinga,150.7544,125.9368,241.0419,0.5225,29.3091,100.7217,100.0,0.07
2002,2,Cerrado,128.5482,105.0129,236.7765,0.4435,29.2116,119.5435,10475.0,0.07
2002,2,Mata Atlântica,175.2254,124.3747,227.338,0.5471,29.021,138.6198,0.0,0.07
2002,3,Caatinga,96.7163,83.0697,230.691,0.3601,30.3312,25.1821,25.0,0.11
2002,3,Cerrado,69.8906,67.377,227.5502,0.2961,31.5137,79.4474,10875.0,0.11
2002,3,Mata Atlântica,158.6779,118.7836,217.7418,0.5455,27.0913,83.049,0.0,0.11
2002,4,Caatinga,89.8385,69.4812,213.3479,0.3257,30.9749,31.8663,0.0,0.15
2002,4,Cerrado,82.1981,65.5489,223.4233,0.2934,30.7058,54.275,3525.0,0.15
2002,4,Mata Atlântica,148.6969,112.4202,198.4376,0.5665,27.3975,74.854,0.0,0.15
2002,5,Caatinga,76.4822,47.8945,194.972,0.2456,30.6678,30.5902,1150.0,0.3
2002,5,Cerrado,48.0834,36.9586,213.4331,0.1732,31.062,24.8791,17225.0,0.3
2002,5,Mata Atlântica,134.161,98.3349,166.66,0.59,26.2843,87.968,1275.0,0.3
2002,6,Caatinga,76.0609,38.7574,171.9483,0.2254,28.5868,24.7712,350.0,0.45
2002,6,Cerrado,59.9388,31.1076,194.5282,0.1599,29.6377,0.8728,21700.0,0.45
2002,6,Mata Atlântica,121.4911,85.2178,140.0278,0.6086,23.7082,104.6585,50.0,0.45
2002,7,Caatinga,68.6364,32.6079,192.2867,0.1696,30.5025,17.8122,1550.0,0.57
2002,7,Cerrado,41.3217,24.1304,215.04,0.1122,31.8146,2.5576,63450.0,0.57
2002,7,Mata Atlântica,135.3717,86.5657,149.6473,0.5785,24.2932,92.1151,25.0,0.57
2002,8,Caatinga,62.229,28.8733,213.2429,0.1354,32.0071,16.8882,10050.0,0.63
2002,8,Cerrado,40.3063,22.512,237.5869,0.0948,34.301,0.7135,383175.0,0.63
2002,8,Mata Atlântica,134.7345,86.5247,167.6365,0.5161,25.2747,82.1798,200.0,0.63
2002,9,Caatinga,56.2908,31.1252,238.7312,0.1304,36.0124,38.6783,52550.0,0.78
2002,9,Cerrado,25.7902,24.0829,250.6882,0.0961,37.1175,35.2464,690550.0,0.78
2002,9,Mata Atlântica,154.9625,100.0989,201.405,0.497,27.5314,113.3755,1575.0,0.78
2002,10,Caatinga,43.7257,33.6714,243.9864,0.138,38.8113,10.8033,40825.0,0.99
2002,10,Cerrado,13.9994,30.7268,247.5134,0.1241,39.627,40.426,361850.0,0.99
2002,10,Mata Atlântica,137.4912,100.6244,219.1869,0.4591,31.2968,30.3838,15000.0,0.99
2002,11,Caatinga,63.3814,45.694,253.3178,0.1804,37.9945,51.2515,14575.0,1.19
2002,11,Cerrado,48.9115,47.6381,262.1673,0.1817,39.1298,100.5474,41475.0,1.19
2002,11,Mata Atlântica,141.4724,103.9274,231.1961,0.4495,31.9445,71.333,11500.0,1.19
2002,12,Caatinga,59.5637,51.0218,201.8484,0.2528,35.6863,151.94,6450.0,1.08
2002,12,Cerrado,63.0327,63.451,183.0518,0.3466,32.581,276.4993,9975.0,1.08
2002,12,Mata Atlântica,98.3714,86.7938,191.1931,0.454,32.5588,156.369,33100.0,1.08
2003,1,Caatinga,88.1197,81.1341,202.9383,0.3998,32.2105,110.735,2250.0,0.9
2003,1,Cerrado,102.0313,89.838,177.4825,0.5062,29.3792,205.4171,3875.0,0.9
2003,1,Mata Atlântica,111.4703,99.2413,195.3377,0.508,31.0521,60.3282,5525.0,0.9
2003,2,Caatinga,108.6097,84.9794,231.5122,0.3671,31.0593,32.4914,4325.0,0.59
2003,2,Cerrado,138.6714,105.303,217.1459,0.4849,30.8018,113.7282,9300.0,0.59
2003,2,Mata Atlântica,138.167,102.7038,233.7687,0.4393,29.7679,53.9141,6000.0,0.59
2003,3,Caatinga,93.3428,74.3419,220.3277,0.3374,33.1188,98.3868,2825.0,0.38
2003,3,Cerrado,112.8005,97.3572,196.6425,0.4951,30.1102,159.7719,4275.0,0.38
2003,3,Mata Atlântica,117.1388,95.715,212.3902,0.4507,31.3592,81.0356,5900.0,0.38
2003,4,Caatinga,99.1833,73.6747,215.5663,0.3418,31.9677,31.5843,950.0,-0.01
2003,4,Cerrado,131.2246,93.8577,203.3912,0.4615,29.9036,72.4793,12125.0,-0.01
2003,4,Mata Atlântica,120.6033,101.732,195.1422,0.5213,29.1222,96.681,2025.0,-0.01
2003,5,Caatinga,87.225,56.4184,177.9595,0.317,31.0324,55.3828,600.0,-0.18
2003,5,Cerrado,104.8188,64.4375,174.7965,0.3686,29.9801,25.256,11375.0,-0.18
2003,5,Mata Atlântica,120.1291,97.2725,155.785,0.6244,27.2669,149.4644,1225.0,-0.18
2003,6,Caatinga,92.4735,44.7737,170.2438,0.263,29.0674,22.9659,1125.0,-0.13
2003,6,Cerrado,94.882,45.1929,180.4293,0.2505,29.7343,0.9755,19500.0,-0.13
2003,6,Mata Atlântica,137.9318,91.5181,146.5286,0.6246,25.4407,71.2213,1800.0,-0.13
2003,7,Caatinga,84.6741,37.0995,179.9911,0.2061,28.9359,26.421,2225.0,0.09
2003,7,Cerrado,79.0959,31.6434,200.829,0.1576,30.3781,0.3632,37225.0,0.09
2003,7,Mata Atlântica,133.6005,82.4541,144.8804,0.5691,24.2665,101.0986,1125.0,0.09
2003,8,Caatinga,66.5686,33.2729,207.7608,0.1601,32.4844,22.6012,4500.0,0.14
2003,8,Cerrado,48.0696,27.3217,221.4291,0.1234,33.8041,17.8776,73400.0,0.14
2003,8,Mata Atlântica,140.7141,90.9344,164.2507,0.5536,25.8959,85.4775,650.0,0.14
2003,9,Caatinga,55.2542,28.6766,238.6892,0.1201,36.3864,16.9166,42175.0,0.23
2003,9,Cerrado,29.0331,25.4112,251.8735,0.1009,37.7312,16.3731,294400.0,0.23
2003,9,Mata Atlântica,150.7346,98.0161,199.5407,0.4912,28.5452,71.5576,9400.0,0.23
2003,10,Caatinga,48.7212,29.2357,241.9899,0.1208,39.3595,13.024,42150.0,0.23
2003,10,Cerrado,43.4241,35.8283,243.7813,0.147,38.0583,39.5678,157800.0,0.23
2003,10,Mata Atlântica,138.5085,98.115,211.5434,0.4638,31.4657,56.3634,23025.0,0.23
2003,11,Caatinga,60.4054,50.8797,251.6769,0.2022,36.8093,79.5594,5850.0,0.29
2003,11,Cerrado,69.245,66.7802,238.7495,0.2797,35.8743,151.1173,26650.0,0.29
2003,11,Mata Atlântica,132.2348,95.8296,237.2277,0.404,32.8855,71.6332,4650.0,0.29
2003,12,Caatinga,44.2541,40.8018,224.063,0.1821,36.5983,33.1362,12500.0,0.29
2003,12,Cerrado,72.4919,67.221,209.327,0.3211,33.6032,125.8149,15225.0,0.29
2003,12,Mata Atlântica,104.2562,81.5222,210.4989,0.3873,32.7687,52.2265,30475.0,0.29
2004,1,Caatinga,66.5498,72.3068,172.4584,0.4193,34.177,367.2321,700.0,0.34
2004,1,Cerrado,93.5186,87.9128,167.6782,0.5243,31.4349,395.3203,2625.0,0.34
2004,1,Mata Atlântica,94.4286,92.9323,169.0055,0.5499,30.9372,245.0959,350.0,0.34
2004,2,Caatinga,167.6231,130.9172,224.6714,0.5827,28.2491,129.9139,625.0,0.27
2004,2,Cerrado,140.65,122.0783,191.0337,0.639,28.1564,254.7186,425.0,0.27
2004,2,Mata Atlântica,169.6719,132.4431,222.7216,0.5947,28.1781,128.0961,1950.0,0.27
2004,3,Caatinga,143.9117,121.2426,214.256,0.5659,28.2062,126.6915,2950.0,0.19
2004,3,Cerrado,138.2423,119.935,193.3637,0.6203,28.0907,240.8942,39650.0,0.19
2004,3,Mata Atlântica,134.1104,120.4881,192.3948,0.6263,28.3482,225.4981,2550.0,0.19
2004,4,Caatinga,135.7719,108.6056,209.5426,0.5183,28.7269,23.9929,1300.0,0.1
2004,4,Cerrado,141.7976,110.6277,195.9663,0.5645,29.181,64.7877,11850.0,0.1
2004,4,Mata Atlântica,139.2546,116.4958,182.7939,0.6373,26.8264,106.5292,600.0,0.1
2004,5,Caatinga,119.4531,78.4904,183.0339,0.4288,28.1975,24.9002,950.0,0.12
2004,5,Cerrado,128.9386,85.8223,178.8957,0.4797,29.2327,2.7247,19200.0,0.12
2004,5,Mata Atlântica,134.1741,104.6126,157.6882,0.6634,25.4619,101.324,25.0,0.12
2004,6,Caatinga,104.4621,56.3558,166.9746,0.3375,27.4903,21.1341,575.0,0.22
2004,6,Cerrado,111.5966,60.7784,165.875,0.3664,28.2887,0.6195,16725.0,0.22
2004,6,Mata Atlântica,133.9969,95.2982,141.2797,0.6745,23.7295,99.0099,0.0,0.22
2004,7,Caatinga,97.1158,45.4975,174.7784,0.2603,28.0109,14.4273,1575.0,0.39
2004,7,Cerrado,96.7911,42.9536,188.236,0.2282,28.8779,0.4369,31975.0,0.39
2004,7,Mata Atlântica,144.3252,91.6806,141.475,0.648,22.9715,83.1241,0.0,0.39
2004,8,Caatinga,76.11,34.7832,207.1121,0.1679,31.8781,7.4082,11850.0,0.54
2004,8,Cerrado,65.9144,31.5557,226.0793,0.1396,33.4289,5.0174,136600.0,0.54
2004,8,Mata Atlântica,161.0631,92.4542,168.8794,0.5475,26.2233,31.839,1025.0,0.54
2004,9,Caatinga,58.8247,27.1062,239.6865,0.1131,34.7306,6.0288,41875.0,0.58
2004,9,Cerrado,34.365,26.9462,256.7623,0.1049,37.5563,0.7953,422525.0,0.58
2004,9,Mata Atlântica,155.4196,85.4719,202.992,0.4211,29.05,25.7169,3025.0,0.58
2004,10,Caatinga,51.3049,30.6431,254.378,0.1205,38.2636,33.0446,54575.0,0.61
2004,10,Cerrado,55.456,44.6731,247.454,0.1805,38.7299,81.8545,233825.0,0.61
2004,10,Mata Atlântica,142.589,91.6222,225.606,0.4061,31.4872,62.1513,6250.0,0.61
2004,11,Caatinga,70.2078,56.2331,240.4045,0.2339,36.7388,122.9948,27075.0,0.64
2004,11,Cerrado,71.0772,67.1605,226.8747,0.296,36.2695,149.104,40975.0,0.64
2004,11,Mata Atlântica,142.374,110.2973,220.7718,0.4996,31.6182,157.2728,5150.0,0.64
2004,12,Caatinga,83.1042,73.0433,226.44,0.3226,33.9869,33.5088,7950.0,0.71
2004,12,Cerrado,94.0694,81.836,205.5504,0.3981,32.51,124.9797,28000.0,0.71
2004,12,Mata Atlântica,145.3281,109.9877,219.6395,0.5008,30.9165,57.6532,5450.0,0.71
2005,1,Caatinga,82.748,74.7744,217.9142,0.3431,34.3983,132.0573,1600.0,0.62
2005,1,Cerrado,110.2379,97.7749,194.1116,0.5037,31.857,211.6025,1600.0,0.62
2005,1,Mata Atlântica,137.7377,104.6752,216.484,0.4835,32.282,121.0746,2850.0,0.62
2005,2,Caatinga,120.1886,104.5103,223.6065,0.4674,30.7817,174.0527,0.0,0.55
2005,2,Cerrado,145.6418,124.7237,210.3637,0.5929,29.1082,219.4835,1000.0,0.55
2005,2,Mata Atlântica,142.454,123.3848,215.9972,0.5712,31.2282,187.8383,400.0,0.55
2005,3,Caatinga,129.6457,110.5949,222.9056,0.4962,29.9611,101.0266,800.0,0.4
2005,3,Cerrado,129.3932,120.785,196.0463,0.6161,28.1024,242.1329,8000.0,0.4
2005,3,Mata Atlântica,150.1692,124.4835,221.5313,0.5619,29.0591,109.7201,1575.0,0.4
2005,4,Caatinga,137.6812,107.6311,204.9932,0.525,28.5159,84.6311,1175.0,0.37
2005,4,Cerrado,147.4452,112.7854,195.3454,0.5774,29.2627,74.8303,10550.0,0.37
2005,4,Mata Atlântica,145.3732,121.9773,193.8105,0.6294,26.5794,149.6536,0.0,0.37
2005,5,Caatinga,135.8446,89.7653,175.0539,0.5128,26.6068,64.8799,775.0,0.27
2005,5,Cerrado,143.8221,90.777,170.8024,0.5315,27.4559,45.8988,12075.0,0.27
2005,5,Mata Atlântica,138.4025,106.5329,159.9334,0.6661,25.1194,156.5772,550.0,0.27
2005,6,Caatinga,115.1956,65.7242,166.7744,0.3941,27.1074,37.1979,2050.0,0.09
2005,6,Cerrado,124.809,70.7962,165.0391,0.429,28.1057,1.0213,17675.0,0.09
2005,6,Mata Atlântica,135.3305,99.2331,142.5428,0.6962,23.9328,156.7894,0.0,0.09
2005,7,Caatinga,104.3517,51.1071,173.6808,0.2943,27.9058,26.5102,3575.0,-0.04
2005,7,Cerrado,111.0503,48.402,186.092,0.2601,29.4189,0.3744,27550.0,-0.04
2005,7,Mata Atlântica,146.6827,91.941,143.7704,0.6395,23.9813,90.245,75.0,-0.04
2005,8,Caatinga,83.1827,39.7504,207.4345,0.1916,30.7955,20.1735,8300.0,-0.14
2005,8,Cerrado,74.434,35.4401,227.951,0.1555,33.2056,0.4688,114825.0,-0.14
2005,8,Mata Atlântica,153.4524,95.6344,172.763,0.5536,24.7206,83.6827,575.0,-0.14
2005,9,Caatinga,59.2614,31.8489,243.0132,0.1311,35.0442,12.5403,29250.0,-0.11
2005,9,Cerrado,41.3027,30.9751,258.7895,0.1197,36.3813,25.5568,280475.0,-0.11
2005,9,Mata Atlântica,152.1399,98.6851,203.5745,0.4848,27.9921,52.1534,1375.0,-0.11
2005,10,Caatinga,43.8972,26.6454,261.3628,0.1019,38.9052,12.7598,162750.0,-0.27
2005,10,Cerrado,29.4048,34.1472,266.2548,0.1283,39.973,26.0517,616025.0,-0.27
2005,10,Mata Atlântica,140.5711,95.829,235.1748,0.4075,32.0761,33.433,26700.0,-0.27
2005,11,Caatinga,77.7395,63.5683,216.3626,0.2938,35.5334,106.2066,24650.0,-0.57
2005,11,Cerrado,84.9838,83.6452,188.0657,0.4448,34.9323,233.3523,60175.0,-0.57
2005,11,Mata Atlântica,123.6843,107.7864,198.0951,0.5441,30.5493,164.6607,4775.0,-0.57
2005,12,Caatinga,109.8146,88.7265,196.681,0.4511,31.6295,91.3591,675.0,-0.82
2005,12,Cerrado,97.9149,90.83,161.8855,0.5611,30.1937,264.6428,8800.0,-0.82
2005,12,Mata Atlântica,137.5949,109.1663,195.3954,0.5587,29.2647,125.6806,975.0,-0.82
2006,1,Caatinga,105.7733,76.4847,217.4675,0.3517,31.9693,10.7549,3500.0,-0.86
2006,1,Cerrado,144.6456,98.8902,200.8347,0.4924,30.4567,40.394,9650.0,-0.86
2006,1,Mata Atlântica,148.415,102.0154,214.896,0.4747,28.6348,61.9914,2400.0,-0.86
2006,2,Caatinga,81.4492,66.9159,237.0995,0.2822,33.8705,80.4497,4050.0,-0.8
2006,2,Cerrado,115.1121,106.8342,199.8769,0.5345,30.6598,140.4288,1600.0,-0.8
2006,2,Mata Atlântica,129.0758,102.1178,244.5318,0.4176,31.4541,34.7484,9650.0,-0.8
2006,3,Caatinga,104.5158,92.2543,209.0015,0.4414,30.2744,179.9092,350.0,-0.63
2006,3,Cerrado,122.4905,112.6622,189.818,0.5935,28.8379,261.611,0.0,-0.63
2006,3,Mata Atlântica,105.4282,103.9622,201.5502,0.5158,29.8646,207.6358,1425.0,-0.63
2006,4,Caatinga,129.0389,114.9525,185.3167,0.6203,27.0978,133.9788,0.0,-0.45
2006,4,Cerrado,124.6658,111.1976,171.4358,0.6486,27.6069,143.2609,6700.0,-0.45
2006,4,Mata Atlântica,122.0868,115.3177,173.7956,0.6635,26.7498,151.9323,0.0,-0.45
2006,5,Caatinga,144.2658,99.1102,172.6414,0.5741,27.3807,31.8839,525.0,-0.19
2006,5,Cerrado,141.2273,93.6203,162.7474,0.5752,27.8304,34.5071,8675.0,-0.19
2006,5,Mata Atlântica,143.2831,108.5501,158.5472,0.6847,25.8067,76.3485,0.0,-0.19
2006,6,Caatinga,131.6658,69.988,159.3316,0.4393,26.4226,42.1423,625.0,-0.05
2006,6,Cerrado,146.7362,75.9915,160.3533,0.4739,27.2423,1.7772,12500.0,-0.05
2006,6,Mata Atlântica,132.6416,92.8424,132.688,0.6997,23.5036,166.0134,0.0,-0.05
2006,7,Caatinga,113.4803,53.6627,170.7862,0.3142,27.7782,22.747,2125.0,0.12
2006,7,Cerrado,111.4647,52.0647,178.8833,0.2911,29.4178,0.137,41425.0,0.12
2006,7,Mata Atlântica,152.9707,91.374,145.8917,0.6263,24.3641,64.354,1175.0,0.12
2006,8,Caatinga,87.2618,40.04,207.405,0.1931,31.3454,11.9842,9950.0,0.33
2006,8,Cerrado,83.8739,38.8772,224.1357,0.1735,33.3399,1.4837,169025.0,0.33
2006,8,Mata Atlântica,157.5334,92.5273,173.5913,0.533,26.297,57.4761,2475.0,0.33
2006,9,Caatinga,70.9427,36.9959,234.0989,0.158,34.7344,23.1519,14975.0,0.54
2006,9,Cerrado,66.2888,43.4042,232.7207,0.1865,36.4722,30.0487,214375.0,0.54
2006,9,Mata Atlântica,155.279,100.8844,199.5712,0.5055,27.9969,74.2643,900.0,0.54
2006,10,Caatinga,73.292,54.0305,228.1364,0.2368,36.3961,98.9173,20775.0,0.71
2006,10,Cerrado,88.2772,75.2016,208.9248,0.3599,34.3674,186.0956,32725.0,0.71
2006,10,Mata Atlântica,140.8572,114.4803,203.9935,0.5612,29.8421,137.8428,100.0,0.71
2006,11,Caatinga,112.408,96.2501,229.9697,0.4185,31.612,132.4358,7650.0,0.88
2006,11,Cerrado,126.8309,99.1388,219.0393,0.4526,33.1714,194.0057,6850.0,0.88
2006,11,Mata Atlântica,156.3007,128.4257,217.6196,0.5901,27.9208,209.6118,175.0,0.88
2006,12,Caatinga,91.4062,79.0168,216.0322,0.3658,33.0489,50.0266,19000.0,0.88
2006,12,Cerrado,108.2213,87.9897,203.2697,0.4329,31.4529,150.1395,36425.0,0.88
2006,12,Mata Atlântica,138.3493,116.3765,202.0629,0.5759,29.6063,107.1286,1525.0,0.88
2007,1,Caatinga,69.6208,61.9272,224.3309,0.2761,33.7913,43.2652,10050.0,0.62
2007,1,Cerrado,100.8879,90.3336,206.3234,0.4378,31.0713,140.68,14350.0,0.62
2007,1,Mata Atlântica,138.4285,110.5709,213.1987,0.5186,29.777,59.022,2650.0,0.62
2007,2,Caatinga,86.028,79.7785,212.9239,0.3747,30.9326,273.8658,250.0,0.19
2007,2,Cerrado,118.8389,107.9109,192.3254,0.5611,29.5508,271.658,3325.0,0.19
2007,2,Mata Atlântica,124.5262,110.8361,209.0768,0.5301,29.4402,264.1591,75.0,0.19
2007,3,Caatinga,146.371,110.5442,232.7639,0.4749,28.058,40.0509,1325.0,-0.12
2007,3,Cerrado,156.4409,115.1465,227.4064,0.5063,29.6053,42.916,15525.0,-0.12
2007,3,Mata Atlântica,179.1294,130.5861,233.4572,0.5594,26.9834,88.0456,50.0,-0.12
2007,4,Caatinga,89.0125,77.6268,204.8893,0.3789,29.9652,52.1773,250.0,-0.32
2007,4,Cerrado,106.4966,76.5558,208.8987,0.3665,30.6129,47.6219,20250.0,-0.32
2007,4,Mata Atlântica,128.1774,115.8412,192.2731,0.6025,27.2297,141.5908,0.0,-0.32
2007,5,Caatinga,95.1666,59.5428,190.3766,0.3128,30.1928,24.457,1425.0,-0.34
2007,5,Cerrado,96.2605,54.5797,200.3013,0.2725,31.0253,5.6813,34150.0,-0.34
2007,5,Mata Atlântica,137.1144,106.8445,163.1877,0.6547,26.1298,87.9979,500.0,-0.34
2007,6,Caatinga,88.073,42.0715,172.5961,0.2438,28.5972,19.1684,2275.0,-0.41
2007,6,Cerrado,80.9264,36.8417,188.819,0.1951,29.9421,0.5239,63625.0,-0.41
2007,6,Mata Atlântica,127.1261,86.5026,142.2098,0.6083,24.7366,57.0649,2125.0,-0.41
2007,7,Caatinga,78.0823,35.3531,181.2584,0.195,29.144,17.5321,4975.0,-0.49
2007,7,Cerrado,64.4561,28.8422,200.4169,0.1439,31.5399,0.192,224225.0,-0.49
2007,7,Mata Atlântica,128.3708,79.1056,146.7535,0.539,24.6128,64.801,2425.0,-0.49
2007,8,Caatinga,76.883,32.2557,207.3882,0.1555,30.7508,16.3354,32175.0,-0.77
2007,8,Cerrado,59.6782,25.0627,232.4422,0.1078,33.9098,0.3529,689975.0,-0.77
2007,8,Mata Atlântica,139.1782,81.8091,169.4,0.4829,25.1756,68.2796,900.0,-0.77
2007,9,Caatinga,60.9181,27.8501,234.6676,0.1187,34.4199,15.0041,171200.0,-1.05
2007,9,Cerrado,31.2288,20.154,263.5851,0.0765,38.1928,1.3139,1146050.0,-1.05
2007,9,Mata Atlântica,146.7638,87.825,195.323,0.4496,26.9655,69.9058,4725.0,-1.05
2007,10,Caatinga,34.6937,21.1299,262.8971,0.0804,39.3207,9.0619,177900.0,-1.38
2007,10,Cerrado,3.0374,14.8862,281.9495,0.0528,41.3878,23.5117,599125.0,-1.38
2007,10,Mata Atlântica,132.6525,90.5087,233.2854,0.388,31.9331,53.8103,59250.0,-1.38
2007,11,Caatinga,51.0423,39.6865,232.4515,0.1707,38.4882,87.9059,162500.0,-1.57
2007,11,Cerrado,42.5335,45.9951,228.2957,0.2015,37.5932,162.5282,185575.0,-1.57
2007,11,Mata Atlântica,118.7555,92.8723,213.4102,0.4352,32.2175,128.761,31900.0,-1.57
2007,12,Caatinga,98.7728,69.0238,215.7118,0.32,33.4774,80.1946,7425.0,-1.72
2007,12,Cerrado,100.255,72.3004,196.34,0.3682,35.3866,139.0119,22700.0,-1.72
2007,12,Mata Atlântica,145.3375,99.9291,210.3178,0.4751,30.0482,116.03,2250.0,-1.72
2008,1,Caatinga,84.3396,64.3738,210.3289,0.3061,33.863,69.7515,11500.0,-1.76
2008,1,Cerrado,100.0337,71.2864,190.8951,0.3734,34.3974,137.2004,5100.0,-1.76
2008,1,Mata Atlântica,139.7908,100.9589,207.3962,0.4868,30.0029,84.55,4050.0,-1.76
2008,2,Caatinga,97.4223,76.4301,231.9401,0.3295,33.3454,120.1216,850.0,-1.61
2008,2,Cerrado,119.5116,103.2056,196.3617,0.5256,30.9499,183.7859,3900.0,-1.61
2008,2,Mata Atlântica,142.4223,112.3508,231.2121,0.4859,30.4551,119.1791,575.0,-1.61
2008,3,Caatinga,123.1815,100.3356,209.0774,0.4799,30.2978,141.3907,750.0,-1.37
2008,3,Cerrado,128.4399,114.1034,183.7171,0.6211,28.7898,202.7462,5500.0,-1.37
2008,3,Mata Atlântica,127.3072,117.7983,214.2749,0.5498,29.4386,135.0405,275.0,-1.37
2008,4,Caatinga,139.2445,112.6771,201.4763,0.5593,28.2012,90.8992,1600.0,-1.05
2008,4,Cerrado,131.831,106.7008,190.233,0.5609,28.5159,113.8867,22575.0,-1.05
2008,4,Mata Atlântica,131.2094,116.5341,200.0447,0.5825,28.2442,60.6735,100.0,-1.05
2008,5,Caatinga,125.7519,81.1131,171.7712,0.4722,28.4324,27.3502,350.0,-0.85
2008,5,Cerrado,125.177,76.6241,171.962,0.4456,29.2392,8.1082,9250.0,-0.85
2008,5,Mata Atlântica,121.1146,93.6742,159.4044,0.5877,26.696,54.3383,2225.0,-0.85
2008,6,Caatinga,111.0879,54.9649,165.9082,0.3313,27.7525,24.2835,100.0,-0.56
2008,6,Cerrado,114.6082,54.7982,174.4878,0.3141,29.1166,0.717,18475.0,-0.56
2008,6,Mata Atlântica,125.7794,86.8547,143.8642,0.6037,24.8247,113.58,825.0,-0.56
2008,7,Caatinga,96.2649,41.581,176.9362,0.235,28.4476,20.0924,175.0,-0.33
2008,7,Cerrado,93.473,36.9958,193.8714,0.1908,30.2344,0.187,44400.0,-0.33
2008,7,Mata Atlântica,139.6319,83.3381,146.931,0.5672,24.4061,70.869,4400.0,-0.33
2008,8,Caatinga,73.2695,32.2783,208.4599,0.1548,31.49,12.3296,5400.0,-0.2
2008,8,Cerrado,61.8573,28.5477,229.9839,0.1241,33.9119,0.2944,121400.0,-0.2
2008,8,Mata Atlântica,139.9829,81.5262,173.0674,0.4711,26.3615,47.7678,2300.0,-0.2
2008,9,Caatinga,49.7134,26.4193,238.0878,0.111,36.2146,13.1405,32775.0,-0.25
2008,9,Cerrado,22.0664,22.7247,255.813,0.0888,38.4535,24.8414,266225.0,-0.25
2008,9,Mata Atlântica,131.0409,83.8346,200.6878,0.4177,30.6104,39.0001,7725.0,-0.25
2008,10,Caatinga,37.0354,21.8748,258.5537,0.0846,39.4035,9.0206,199750.0,-0.36
2008,10,Cerrado,9.262,19.1986,279.0857,0.0688,41.3019,8.2024,488725.0,-0.36
2008,10,Mata Atlântica,130.3354,88.4948,236.87,0.3736,32.8434,38.2503,16875.0,-0.36
2008,11,Caatinga,52.9952,47.9135,212.5643,0.2254,38.3836,83.3284,228725.0,-0.57
2008,11,Cerrado,72.3055,78.04,166.6798,0.4682,34.6281,277.1471,124675.0,-0.57
2008,11,Mata Atlântica,96.5806,98.5037,180.2297,0.5465,33.4841,151.1324,24475.0,-0.57
2008,12,Caatinga,94.5032,75.9327,199.2316,0.3811,32.065,124.16,625.0,-0.79
2008,12,Cerrado,104.8877,96.0881,172.8795,0.5558,31.4943,215.2082,3075.0,-0.79
2008,12,Mata Atlântica,136.7994,112.5376,195.6931,0.5751,29.6746,153.7862,0.0,-0.79
2009,1,Caatinga,120.8447,93.0291,216.3794,0.4299,31.8473,100.5281,6050.0,-0.89
2009,1,Cerrado,132.012,107.0299,192.0345,0.5573,31.496,187.2593,100.0,-0.89
2009,1,Mata Atlântica,148.662,118.1905,212.9806,0.5549,28.1855,129.8328,700.0,-0.89
2009,2,Caatinga,129.053,95.0278,230.549,0.4122,31.3173,79.1643,1025.0,-0.84
2009,2,Cerrado,149.9456,123.0986,207.6937,0.5927,29.3608,113.5354,1275.0,-0.84
2009,2,Mata Atlântica,158.8439,118.5431,236.0503,0.5022,29.259,67.3844,500.0,-0.84
2009,3,Caatinga,110.8559,82.6314,219.583,0.3763,32.1455,84.9908,2175.0,-0.63
2009,3,Cerrado,123.9987,109.4698,194.0984,0.564,29.3892,148.8732,16750.0,-0.63
2009,3,Mata Atlântica,117.9768,102.0395,216.2723,0.4718,31.0396,79.2774,2875.0,-0.63
2009,4,Caatinga,103.7594,95.2406,184.9261,0.515,29.2607,152.498,0.0,-0.35
2009,4,Cerrado,105.4231,104.9603,152.8953,0.6865,28.372,220.6754,3575.0,-0.35
2009,4,Mata Atlântica,112.5995,110.6593,177.9421,0.6219,27.8745,200.2293,50.0,-0.35
2009,5,Caatinga,130.2421,99.0049,160.7751,0.6158,26.9196,59.3528,2650.0,0.03
2009,5,Cerrado,133.3124,98.1832,152.3528,0.6444,27.1569,67.4809,12675.0,0.03
2009,5,Mata Atlântica,131.9882,108.4675,151.6114,0.7154,25.1365,159.9335,0.0,0.03
2009,6,Caatinga,128.3264,76.6769,162.6761,0.4713,26.9695,31.0977,1825.0,0.34
2009,6,Cerrado,135.0779,85.9848,158.1292,0.5438,27.8879,24.2238,11300.0,0.34
2009,6,Mata Atlântica,135.2724,98.6681,142.7919,0.691,24.431,85.2093,0.0,0.34
2009,7,Caatinga,110.0889,53.8317,174.8797,0.3078,28.6613,18.8825,800.0,0.5
2009,7,Cerrado,128.5139,65.9602,180.9646,0.3645,30.5391,0.4906,18375.0,0.5
2009,7,Mata Atlântica,153.0417,97.9647,153.7203,0.6373,24.7065,75.4206,975.0,0.5
2009,8,Caatinga,85.5744,41.0512,203.6396,0.2016,32.0516,16.415,1600.0,0.56
2009,8,Cerrado,101.3507,49.028,214.0451,0.2291,33.6729,1.3206,37850.0,0.56
2009,8,Mata Atlântica,150.9963,94.8971,173.144,0.5481,25.9186,78.4026,200.0,0.56
2009,9,Caatinga,56.6423,30.1549,242.5773,0.1243,37.1842,6.8798,44475.0,0.66
2009,9,Cerrado,64.2043,41.9166,249.9423,0.1677,37.6122,17.5381,208300.0,0.66
2009,9,Mata Atlântica,151.2,97.8927,210.91,0.4641,29.4192,42.6131,1750.0,0.66
2009,10,Caatinga,80.3958,66.0046,198.935,0.3318,34.095,179.9542,11775.0,0.92
2009,10,Cerrado,80.6391,84.0529,166.1974,0.5057,31.7857,256.3051,42975.0,0.92
2009,10,Mata Atlântica,124.8522,106.5342,193.808,0.5497,30.0012,172.8135,1000.0,0.92
2009,11,Caatinga,106.6969,80.1686,241.8766,0.3314,34.5281,20.5341,5975.0,1.31
2009,11,Cerrado,136.097,106.0074,227.4358,0.4661,33.4836,103.9664,10475.0,1.31
2009,11,Mata Atlântica,155.82,111.8122,236.094,0.4736,31.5061,36.473,6925.0,1.31
2009,12,Caatinga,80.4134,70.027,197.7484,0.3541,34.0529,89.631,425.0,1.5
2009,12,Cerrado,116.4166,98.9022,180.0113,0.5494,31.3525,224.254,8050.0,1.5
2009,12,Mata Atlântica,111.992,90.0634,200.1312,0.45,32.4833,42.7859,8100.0,1.5
2010,1,Caatinga,108.5586,86.6819,197.6019,0.4387,31.4114,51.5173,1200.0,1.47
2010,1,Cerrado,140.5211,113.2502,193.2062,0.5862,29.8622,93.5006,6025.0,1.47
2010,1,Mata Atlântica,120.338,91.3421,205.9678,0.4435,31.7855,45.8986,11050.0,1.47
2010,2,Caatinga,88.412,69.5009,225.0972,0.3088,33.7713,45.007,1100.0,1.21
2010,2,Cerrado,143.5368,116.8024,221.4893,0.5273,30.7821,100.553,8325.0,1.21
2010,2,Mata Atlântica,115.4587,92.6712,217.8071,0.4255,31.7969,60.8955,6000.0,1.21
2010,3,Caatinga,106.6424,94.2707,209.8449,0.4492,31.7342,142.4791,0.0,0.88
2010,3,Cerrado,133.3163,122.793,194.4025,0.6316,30.1433,208.9116,10900.0,0.88
2010,3,Mata Atlântica,111.4208,111.0941,194.6647,0.5707,30.3944,215.9952,375.0,0.88
2010,4,Caatinga,129.875,103.7572,204.6824,0.5069,28.6301,119.6739,750.0,0.38
2010,4,Cerrado,148.4581,113.2076,199.9036,0.5663,29.5519,98.3503,25100.0,0.38
2010,4,Mata Atlântica,140.2495,123.029,190.7746,0.6449,26.8977,158.9729,0.0,0.38
2010,5,Caatinga,105.0909,70.7106,186.8224,0.3785,30.5124,16.7498,200.0,-0.16
2010,5,Cerrado,122.7961,90.1989,179.0888,0.5037,30.5262,20.7996,11850.0,-0.16
2010,5,Mata Atlântica,128.4787,108.2271,164.452,0.6581,26.6567,61.9071,0.0,-0.16
2010,6,Caatinga,95.3406,49.0656,169.8131,0.2889,29.3186,25.6212,1525.0,-0.66
2010,6,Cerrado,121.9867,62.5446,172.1549,0.3633,29.7233,0.215,25725.0,-0.66
2010,6,Mata Atlântica,132.9334,91.0985,143.5969,0.6344,25.646,62.4571,1050.0,-0.66
2010,7,Caatinga,90.3302,43.0673,177.0306,0.2433,27.9556,42.6032,3075.0,-0.98
2010,7,Cerrado,105.7176,47.9063,184.7148,0.2594,30.0439,1.2962,92800.0,-0.98
2010,7,Mata Atlântica,134.824,88.9923,144.8396,0.6144,23.3895,153.4079,500.0,-0.98
2010,8,Caatinga,84.4895,37.5241,205.4648,0.1826,30.9541,12.0194,13475.0,-1.24
2010,8,Cerrado,84.1953,34.6356,221.0771,0.1567,33.446,0.2834,397475.0,-1.24
2010,8,Mata Atlântica,146.7083,87.2893,167.2546,0.5219,25.7112,49.3934,825.0,-1.24
2010,9,Caatinga,61.529,30.2099,236.9215,0.1275,35.384,12.8941,50575.0,-1.43
2010,9,Cerrado,51.3622,28.9355,249.3151,0.1161,38.5078,15.7273,874625.0,-1.43
2010,9,Mata Atlântica,145.8736,90.2572,203.3149,0.4439,28.0891,52.5804,4150.0,-1.43
2010,10,Caatinga,60.4385,43.4271,231.042,0.188,37.1497,65.1895,135050.0,-1.54
2010,10,Cerrado,61.0676,60.1363,206.2784,0.2915,37.1592,112.1846,414975.0,-1.54
2010,10,Mata Atlântica,131.3345,98.3027,213.6471,0.4601,32.3587,80.2926,2475.0,-1.54
2010,11,Caatinga,78.6873,67.0628,222.848,0.3009,35.1285,71.0103,9775.0,-1.57
2010,11,Cerrado,97.6284,93.6102,189.651,0.4936,34.0794,204.985,45700.0,-1.57
2010,11,Mata Atlântica,128.5437,110.8548,218.0441,0.5084,30.0638,126.5752,775.0,-1.57
2010,12,Caatinga,105.5558,89.2539,193.3975,0.4615,31.8525,149.964,3200.0,-1.48
2010,12,Cerrado,109.3405,96.425,173.5837,0.5555,32.1324,183.3323,34225.0,-1.48
2010,12,Mata Atlântica,122.1113,106.9524,201.4599,0.5309,29.917,109.6885,875.0,-1.48
2011,1,Caatinga,123.3571,97.2992,202.0473,0.4816,30.9806,75.9124,2350.0,-1.29
2011,1,Cerrado,132.4659,112.8467,177.2899,0.6365,30.5026,173.4178,3475.0,-1.29
2011,1,Mata Atlântica,133.3873,108.1353,203.8107,0.5306,29.6755,94.2319,950.0,-1.29
2011,2,Caatinga,120.8856,90.143,215.7411,0.4178,31.0542,83.1264,1650.0,-1.06
2011,2,Cerrado,136.6786,122.9765,192.8369,0.6377,29.3921,162.183,3075.0,-1.06
2011,2,Mata Atlântica,147.4852,113.6687,233.6612,0.4865,28.8553,54.821,1750.0,-1.06
2011,3,Caatinga,118.422,104.7847,203.8757,0.514,29.1217,156.211,1650.0,-0.85
2011,3,Cerrado,118.4922,120.5556,171.512,0.7029,27.8323,206.641,2975.0,-0.85
2011,3,Mata Atlântica,113.7527,112.2755,201.0956,0.5583,29.6393,167.7996,300.0,-0.85
2011,4,Caatinga,147.5681,109.0622,212.4656,0.5133,28.6213,62.6092,225.0,-0.68
2011,4,Cerrado,157.6947,124.809,194.0543,0.6432,28.4036,68.6895,59400.0,-0.68
2011,4,Mata Atlântica,146.504,125.6854,199.046,0.6314,26.7022,177.7036,150.0,-0.68
2011,5,Caatinga,119.5284,77.015,172.1229,0.4474,28.2327,30.9474,650.0,-0.5
2011,5,Cerrado,145.1403,95.7367,166.4653,0.5751,29.2168,13.0606,20725.0,-0.5
2011,5,Mata Atlântica,141.934,111.4917,161.5867,0.69,24.6144,65.2694,150.0,-0.5
2011,6,Caatinga,99.4325,50.2122,167.2089,0.3003,29.5344,11.3978,250.0,-0.34
2011,6,Cerrado,124.9667,72.6541,164.5279,0.4416,29.6367,0.5327,28900.0,-0.34
2011,6,Mata Atlântica,131.4035,93.3751,142.7904,0.6539,24.8255,37.2438,1025.0,-0.34
2011,7,Caatinga,82.3642,36.0231,177.9282,0.2025,30.0273,16.4388,2350.0,-0.37
2011,7,Cerrado,111.042,50.8243,183.3254,0.2772,30.9328,0.9425,52275.0,-0.37
2011,7,Mata Atlântica,133.5231,84.0935,146.9962,0.5721,24.8101,35.5819,1200.0,-0.37
2011,8,Caatinga,69.4502,29.2812,210.599,0.139,32.6586,8.6199,10925.0,-0.5
2011,8,Cerrado,86.0516,37.6501,223.2097,0.1687,34.6812,0.3967,173075.0,-0.5
2011,8,Mata Atlântica,149.2232,87.1525,174.7983,0.4986,26.3133,21.6255,4700.0,-0.5
2011,9,Caatinga,55.9878,25.4447,232.0072,0.1097,35.2838,6.3933,98200.0,-0.76
2011,9,Cerrado,57.4335,32.9319,235.8576,0.1396,38.0292,1.3034,877775.0,-0.76
2011,9,Mata Atlântica,137.984,83.8167,194.7615,0.4304,28.9909,26.1602,13625.0,-0.76
2011,10,Caatinga,74.1111,53.159,215.8164,0.2463,36.124,61.2823,24300.0,-0.94
2011,10,Cerrado,88.434,77.7895,192.0747,0.405,36.1146,152.5341,109800.0,-0.94
2011,10,Mata Atlântica,131.2503,100.7135,192.9879,0.5219,28.9367,95.1748,300.0,-0.94
2011,11,Caatinga,108.4859,84.8551,219.3758,0.3868,32.8627,95.1699,1750.0,-1.02
2011,11,Cerrado,118.9612,108.9049,188.2071,0.5786,31.8574,231.852,23825.0,-1.02
2011,11,Mata Atlântica,148.9891,119.2812,209.2823,0.57,28.0212,156.1434,400.0,-1.02
2011,12,Caatinga,105.7089,78.5996,205.163,0.3831,33.402,89.0937,4550.0,-0.92
2011,12,Cerrado,125.3331,103.5738,182.2291,0.5684,31.7036,236.4082,3425.0,-0.92
2011,12,Mata Atlântica,139.803,109.4372,198.1251,0.5524,28.5571,120.5354,400.0,-0.92
2012,1,Caatinga,83.6962,62.7872,202.7306,0.3097,32.7312,36.7149,7525.0,-0.71
2012,1,Cerrado,112.1462,98.9864,168.4281,0.5877,29.9454,171.6391,6500.0,-0.71
2012,1,Mata Atlântica,133.5525,100.5737,200.6547,0.5012,28.9298,44.3271,700.0,-0.71
2012,2,Caatinga,95.0749,65.4697,217.1067,0.3016,32.5652,61.657,1325.0,-0.56
2012,2,Cerrado,130.6141,110.9681,192.1975,0.5774,29.727,81.4715,9425.0,-0.56
2012,2,Mata Atlântica,150.313,104.8394,230.1948,0.4554,29.4981,61.0013,2875.0,-0.56
2012,3,Caatinga,78.0087,52.4047,241.8369,0.2167,34.9946,20.8518,8325.0,-0.44
2012,3,Cerrado,122.8971,95.9046,206.234,0.465,31.6894,75.5015,31250.0,-0.44
2012,3,Mata Atlântica,134.8679,102.0132,228.9861,0.4455,30.4087,42.2636,1700.0,-0.44
2012,4,Caatinga,53.3459,36.5666,228.5491,0.16,34.6341,4.3262,3250.0,-0.35
2012,4,Cerrado,109.9788,79.1058,214.3121,0.3691,32.6712,23.028,15975.0,-0.35
2012,4,Mata Atlântica,120.4575,90.5464,201.3316,0.4497,29.9297,10.0665,3000.0,-0.35
2012,5,Caatinga,54.0043,30.5345,190.5126,0.1603,32.7633,20.4002,2525.0,-0.18
2012,5,Cerrado,93.7216,58.626,182.5607,0.3211,30.9123,21.1457,33050.0,-0.18
2012,5,Mata Atlântica,110.2258,82.3394,155.4121,0.5298,27.4668,100.4051,500.0,-0.18
2012,6,Caatinga,59.4526,27.5956,173.8424,0.1587,31.1758,13.1285,125.0,0.03
2012,6,Cerrado,82.8931,40.7269,189.3439,0.2151,31.4029,1.2068,31825.0,0.03
2012,6,Mata Atlântica,120.165,83.0792,145.3207,0.5717,25.2627,51.1696,1900.0,0.03
2012,7,Caatinga,65.176,26.3061,182.2759,0.1443,30.3136,12.8523,2375.0,0.28
2012,7,Cerrado,71.1223,29.2584,205.3691,0.1425,31.8575,0.5919,138150.0,0.28
2012,7,Mata Atlântica,131.4271,82.8212,147.9972,0.5596,24.3694,47.0381,2475.0,0.28
2012,8,Caatinga,64.125,25.7721,205.9448,0.1251,31.6686,18.7384,9225.0,0.39
2012,8,Cerrado,61.3829,24.5875,232.3239,0.1058,34.2736,1.6668,316225.0,0.39
2012,8,Mata Atlântica,140.6581,83.2657,169.8909,0.4901,24.9599,83.0799,325.0,0.39
2012,9,Caatinga,47.2413,21.265,238.8233,0.089,36.7817,4.6204,112825.0,0.37
2012,9,Cerrado,21.6759,16.4974,263.4336,0.0626,39.369,2.5753,1300950.0,0.37
2012,9,Mata Atlântica,143.1592,88.679,202.4534,0.438,29.3375,31.5147,3625.0,0.37
2012,10,Caatinga,34.3996,24.0295,234.3774,0.1025,40.5784,14.598,109400.0,0.28
2012,10,Cerrado,28.8732,30.4269,243.5237,0.1249,42.8502,30.8525,372500.0,0.28
2012,10,Mata Atlântica,120.8989,90.3855,213.4866,0.4234,31.8867,49.2106,8125.0,0.28
2012,11,Caatinga,83.2785,66.0909,211.0954,0.3131,36.1115,159.9873,8875.0,0.13
2012,11,Cerrado,85.5224,91.6902,165.4095,0.5543,34.6835,344.1536,26525.0,0.13
2012,11,Mata Atlântica,134.419,109.0144,213.8684,0.5097,31.0846,192.5948,900.0,0.13
2012,12,Caatinga,89.8089,63.0018,225.3511,0.2796,36.3314,16.5324,30725.0,-0.03
2012,12,Cerrado,113.0691,82.3076,218.7214,0.3763,36.3514,56.0859,22175.0,-0.03
2012,12,Mata Atlântica,134.0114,100.9285,232.4058,0.4343,32.186,11.0669,6150.0,-0.03
2013,1,Caatinga,72.4909,58.3547,198.8994,0.2934,35.8141,138.4651,4075.0,-0.24
2013,1,Cerrado,103.1194,90.8317,180.5714,0.503,33.3396,288.829,2300.0,-0.24
2013,1,Mata Atlântica,115.5995,94.2037,204.5702,0.4605,31.7517,136.2563,4350.0,-0.24
2013,2,Caatinga,117.3633,78.7077,241.3055,0.3262,33.6619,13.2525,1975.0,-0.28
2013,2,Cerrado,157.7052,124.4588,225.4682,0.552,31.5502,47.4441,11925.0,-0.28
2013,2,Mata Atlântica,144.329,107.6866,235.2485,0.4578,30.4987,46.4809,5150.0,-0.28
2013,3,Caatinga,71.9972,53.6118,238.5201,0.2248,35.6031,39.9843,5200.0,-0.23
2013,3,Cerrado,116.1413,102.3116,209.8802,0.4875,32.1167,144.5611,10450.0,-0.23
2013,3,Mata Atlântica,123.077,98.6082,229.7305,0.4292,32.1094,30.9443,10575.0,-0.23
2013,4,Caatinga,78.9522,61.0029,202.3505,0.3015,32.1628,58.2281,575.0,-0.2
2013,4,Cerrado,123.461,99.2852,186.4173,0.5326,29.9862,109.2016,6150.0,-0.2
2013,4,Mata Atlântica,116.0909,102.4894,185.5962,0.5522,28.241,81.9385,1425.0,-0.2
2013,5,Caatinga,84.9121,51.2355,181.1086,0.2829,31.4135,14.7947,125.0,-0.3
2013,5,Cerrado,120.1187,76.5786,184.4256,0.4152,31.2741,9.3568,5200.0,-0.3
2013,5,Mata Atlântica,133.7872,105.263,167.01,0.6303,26.7575,53.0446,1850.0,-0.3
2013,6,Caatinga,76.8217,39.6154,174.4422,0.2271,30.6349,24.7368,125.0,-0.38
2013,6,Cerrado,97.4625,58.0865,176.0175,0.33,30.7706,6.069,17275.0,-0.38
2013,6,Mata Atlântica,129.7054,97.5161,148.5359,0.6565,24.9632,100.7614,1125.0,-0.38
2013,7,Caatinga,72.9292,34.6277,179.952,0.1924,30.6513,31.9631,1175.0,-0.45
2013,7,Cerrado,82.8257,38.7293,196.7033,0.1969,32.0895,1.1718,19500.0,-0.45
2013,7,Mata Atlântica,137.0336,92.7567,149.788,0.6193,24.922,91.299,3625.0,-0.45
2013,8,Caatinga,68.545,33.2179,206.4007,0.1609,32.6798,20.2393,1325.0,-0.34
2013,8,Cerrado,65.065,30.3664,224.647,0.1352,34.4996,1.3799,41875.0,-0.34
2013,8,Mata Atlântica,148.1786,97.2526,170.4584,0.5705,25.785,100.5946,850.0,-0.34
2013,9,Caatinga,47.9058,25.168,239.3494,0.1052,37.1286,12.1524,48225.0,-0.32
2013,9,Cerrado,32.619,24.4335,252.0553,0.0969,39.3365,5.8253,145300.0,-0.32
2013,9,Mata Atlântica,148.6142,100.3052,206.0695,0.4868,27.9934,73.1322,3475.0,-0.32
2013,10,Caatinga,52.5313,31.299,239.1053,0.1309,38.1174,41.4531,28025.0,-0.14
2013,10,Cerrado,64.9353,48.1984,226.3793,0.2129,38.5782,70.6037,115575.0,-0.14
2013,10,Mata Atlântica,144.0244,103.7166,212.9221,0.4871,28.9304,91.9965,3400.0,-0.14
2013,11,Caatinga,60.8842,47.2417,228.6915,0.2066,36.9303,90.3915,3225.0,-0.12
2013,11,Cerrado,91.3783,76.727,214.0997,0.3584,35.9569,186.3626,6225.0,-0.12
2013,11,Mata Atlântica,142.1509,113.4895,226.5494,0.5009,30.8037,144.7733,500.0,-0.12
2013,12,Caatinga,76.0073,74.2563,169.0529,0.4392,33.7783,210.7973,200.0,-0.11
2013,12,Cerrado,93.3833,95.5352,150.1606,0.6362,31.7376,335.0791,850.0,-0.11
2013,12,Mata Atlântica,101.5625,103.7565,168.1592,0.617,30.1927,217.1146,175.0,-0.11
2014,1,Caatinga,134.524,91.6931,206.9217,0.4431,31.563,14.6724,800.0,-0.24
2014,1,Cerrado,139.1113,104.9821,185.0231,0.5674,31.8761,59.445,4225.0,-0.24
2014,1,Mata Atlântica,167.9127,121.1679,209.7055,0.5778,28.7202,57.827,375.0,-0.24
2014,2,Caatinga,125.5599,80.1137,226.0711,0.3544,32.389,54.3866,100.0,-0.21
2014,2,Cerrado,143.4264,112.9835,195.8355,0.5769,30.266,100.4323,2475.0,-0.21
2014,2,Mata Atlântica,176.6407,122.6145,233.6379,0.5248,28.696,79.5641,175.0,-0.21
2014,3,Caatinga,115.3832,81.9709,214.0056,0.383,31.7841,67.7014,325.0,-0.02
2014,3,Cerrado,132.601,118.0895,183.954,0.642,29.9206,161.1265,10925.0,-0.02
2014,3,Mata Atlântica,148.4774,115.1751,213.4281,0.5396,27.795,106.5356,350.0,-0.02
2014,4,Caatinga,108.0855,79.3616,206.002,0.3852,31.3748,92.5044,475.0,0.25
2014,4,Cerrado,137.5954,110.3993,196.7434,0.5611,29.7977,92.7681,14550.0,0.25
2014,4,Mata Atlântica,129.6018,108.884,200.1536,0.544,28.4163,61.1286,475.0,0.25
2014,5,Caatinga,109.266,64.7232,184.2479,0.3513,29.9248,30.6883,225.0,0.35
2014,5,Cerrado,139.6824,93.1582,179.4811,0.519,29.7971,20.3206,4325.0,0.35
2014,5,Mata Atlântica,127.5278,98.2098,164.9519,0.5954,27.2506,66.8214,3250.0,0.35
2014,6,Caatinga,88.4822,44.2776,171.2638,0.2585,29.5892,17.7392,125.0,0.22
2014,6,Cerrado,116.423,64.5974,172.3646,0.3748,29.965,1.8772,11900.0,0.22
2014,6,Mata Atlântica,123.614,90.199,142.573,0.6327,24.72,95.1084,650.0,0.22
2014,7,Caatinga,76.7931,37.9528,177.7881,0.2135,29.4221,30.3766,1325.0,0.07
2014,7,Cerrado,95.0226,48.0793,179.7517,0.2675,30.7401,0.5731,14025.0,0.07
2014,7,Mata Atlântica,130.7382,88.7162,144.621,0.6134,24.0776,117.8388,0.0,0.07
2014,8,Caatinga,70.5425,32.673,211.7269,0.1543,32.1818,10.8722,6450.0,0.07
2014,8,Cerrado,72.1173,30.9449,228.0509,0.1357,35.0947,0.2482,40250.0,0.07
2014,8,Mata Atlântica,149.994,91.777,176.4571,0.5201,26.1676,36.3304,550.0,0.07
2014,9,Caatinga,58.0603,26.6503,239.4177,0.1113,36.3621,12.3142,10400.0,0.24
2014,9,Cerrado,52.9052,27.4084,258.9034,0.1059,39.0816,5.5296,257900.0,0.24
2014,9,Mata Atlântica,135.4406,85.5368,198.3293,0.4313,28.6264,35.2902,3525.0,0.24
2014,10,Caatinga,47.2214,26.6986,245.8223,0.1086,38.8924,32.8696,30775.0,0.51
2014,10,Cerrado,49.7965,38.0316,241.5945,0.1574,40.8856,66.2341,457175.0,0.51
2014,10,Mata Atlântica,133.0314,91.8893,217.3683,0.4227,31.2093,92.4054,12175.0,0.51
2014,11,Caatinga,97.2588,72.0005,207.6137,0.3468,34.3294,141.9416,2675.0,0.7
2014,11,Cerrado,97.5078,88.1949,186.9408,0.4718,35.5399,223.9379,43875.0,0.7
2014,11,Mata Atlântica,141.1724,113.3499,207.3104,0.5468,30.2953,135.304,1200.0,0.7
2014,12,Caatinga,111.1622,81.6268,200.6967,0.4067,31.5803,116.0943,425.0,0.8
2014,12,Cerrado,114.45,94.2677,175.2324,0.538,32.9906,195.7808,32650.0,0.8
2014,12,Mata Atlântica,143.389,109.4097,206.6098,0.5295,29.1407,148.1969,1325.0,0.8
2015,1,Caatinga,102.2092,77.4935,217.3752,0.3565,32.2755,20.5453,4225.0,0.73
2015,1,Cerrado,135.0173,94.1671,212.2114,0.4437,33.7569,72.4423,16000.0,0.73
2015,1,Mata Atlântica,143.8444,102.9668,219.9224,0.4682,29.7603,30.2402,2325.0,0.73
2015,2,Caatinga,95.7949,77.2851,214.3873,0.3605,33.0158,117.2154,125.0,0.65
2015,2,Cerrado,129.2754,109.1961,195.0921,0.5597,31.2396,150.0548,4250.0,0.65
2015,2,Mata Atlântica,126.1687,101.2655,225.1541,0.4498,29.9684,107.101,1350.0,0.65
2015,3,Caatinga,102.5011,77.6753,221.1251,0.3513,32.4786,46.2919,175.0,0.72
2015,3,Cerrado,128.0122,112.5865,193.6248,0.5815,30.3155,134.5951,10200.0,0.72
2015,3,Mata Atlântica,117.0259,108.4817,221.9103,0.4889,28.9582,63.1659,1975.0,0.72
2015,4,Caatinga,87.6562,72.1091,203.955,0.3536,32.7141,103.9191,0.0,0.86
2015,4,Cerrado,115.952,103.341,184.9366,0.5588,29.6949,205.306,8450.0,0.86
2015,4,Mata Atlântica,105.2242,104.1278,190.603,0.5463,29.3506,103.4611,1175.0,0.86
2015,5,Caatinga,107.2067,70.3593,177.4032,0.3966,29.6518,44.2422,1550.0,1.04
2015,5,Cerrado,142.9887,98.3449,173.0543,0.5683,29.0579,22.7163,7000.0,1.04
2015,5,Mata Atlântica,121.483,101.1064,153.839,0.6572,26.1329,140.5906,3075.0,1.04
2015,6,Caatinga,92.2408,53.245,160.4178,0.3319,28.6525,38.4032,475.0,1.19
2015,6,Cerrado,122.4541,71.6042,161.9523,0.4421,29.6091,1.9809,9950.0,1.19
2015,6,Mata Atlântica,123.2206,96.6915,141.1779,0.6849,24.2308,149.8031,725.0,1.19
2015,7,Caatinga,85.4579,42.8806,176.8637,0.2424,29.6479,24.4165,1225.0,1.44
2015,7,Cerrado,99.4073,48.702,179.2406,0.2717,31.2248,0.6269,20225.0,1.44
2015,7,Mata Atlântica,136.5133,94.6463,147.2145,0.6429,24.228,73.1818,825.0,1.44
2015,8,Caatinga,71.2493,34.1076,211.8121,0.161,32.7383,19.8431,18425.0,1.73
2015,8,Cerrado,72.2951,31.7694,224.6384,0.1414,35.2632,1.022,43225.0,1.73
2015,8,Mata Atlântica,150.8703,97.3028,174.145,0.5587,25.9386,63.5042,2450.0,1.73
2015,9,Caatinga,44.6862,24.4572,248.1522,0.0986,38.1202,4.1441,298950.0,2.02
2015,9,Cerrado,23.8537,20.2865,261.7929,0.0775,41.5524,1.883,529625.0,2.02
2015,9,Mata Atlântica,143.4892,96.3688,215.9385,0.4463,30.5514,17.7942,12900.0,2.02
2015,10,Caatinga,35.1819,22.2091,263.296,0.0844,40.8273,12.0347,143500.0,2.28
2015,10,Cerrado,27.5224,26.9444,263.1278,0.1024,43.4864,37.8564,539325.0,2.28
2015,10,Mata Atlântica,125.4077,89.7657,236.3598,0.3798,33.5648,24.1436,19600.0,2.28
2015,11,Caatinga,34.9405,31.5804,245.2661,0.1288,41.2404,48.6925,44150.0,2.45
2015,11,Cerrado,62.0924,63.9809,204.676,0.3126,39.4252,147.2506,98725.0,2.45
2015,11,Mata Atlântica,89.8696,88.2031,223.1886,0.3952,35.9891,30.2997,24200.0,2.45
2015,12,Caatinga,39.0103,32.0506,230.3634,0.1391,39.1485,11.8397,37450.0,2.59
2015,12,Cerrado,68.2959,54.6136,220.4763,0.2477,37.9061,38.0133,69100.0,2.59
2015,12,Mata Atlântica,95.5194,76.7749,213.2743,0.36,35.2071,19.573,64425.0,2.59
2016,1,Caatinga,63.2525,67.1889,168.8338,0.398,33.8029,393.7822,2100.0,2.5
2016,1,Cerrado,76.7508,86.111,149.7616,0.575,31.5074,463.2875,10300.0,2.5
2016,1,Mata Atlântica,78.9811,83.3241,171.4278,0.4861,33.2847,250.4824,3675.0,2.5
2016,2,Caatinga,157.5103,114.262,238.8569,0.4784,30.462,25.4153,575.0,2.21
2016,2,Cerrado,165.8256,121.1851,230.2847,0.5262,31.7067,33.2508,5275.0,2.21
2016,2,Mata Atlântica,149.5746,120.9107,246.3683,0.4908,28.7887,27.3049,5700.0,2.21
2016,3,Caatinga,103.4657,83.9557,242.8176,0.3458,32.6767,11.3582,0.0,1.69
2016,3,Cerrado,119.5662,100.1438,230.9094,0.4337,33.1462,71.5822,6925.0,1.69
2016,3,Mata Atlântica,122.0626,98.2856,235.3253,0.4177,31.6415,34.2647,1275.0,1.69
2016,4,Caatinga,69.8612,57.3143,216.2683,0.265,32.7325,9.3557,1150.0,1.11
2016,4,Cerrado,82.9952,67.6719,212.6808,0.3182,33.4964,9.0183,16000.0,1.11
2016,4,Mata Atlântica,105.8757,86.4544,198.9214,0.4346,30.8004,29.958,1475.0,1.11
2016,5,Caatinga,62.6946,42.7608,187.2839,0.2283,32.1502,23.9192,25.0,0.57
2016,5,Cerrado,69.1521,47.1372,192.1813,0.2453,32.8428,1.9023,5475.0,0.57
2016,5,Mata Atlântica,100.2105,80.4783,159.3375,0.5051,29.2782,58.2159,3150.0,0.57
2016,6,Caatinga,69.5138,38.7157,175.2312,0.2209,30.4338,14.6735,100.0,0.09
2016,6,Cerrado,68.3225,37.7331,185.6417,0.2033,31.3042,3.8032,19525.0,0.09
2016,6,Mata Atlântica,99.5596,76.8554,140.0084,0.5489,26.9005,49.7753,1375.0,0.09
2016,7,Caatinga,74.9347,33.3423,184.2054,0.181,30.3833,10.0707,775.0,-0.19
2016,7,Cerrado,64.0901,28.224,203.2872,0.1388,32.8994,0.7077,16050.0,-0.19
2016,7,Mata Atlântica,128.0572,83.1351,146.4629,0.5676,25.6911,55.5738,150.0,-0.19
2016,8,Caatinga,59.0244,28.081,211.2105,0.133,33.9042,14.1381,17325.0,-0.34
2016,8,Cerrado,37.2234,21.3073,234.9578,0.0907,36.6177,1.6027,60850.0,-0.34
2016,8,Mata Atlântica,136.6128,85.623,171.1305,0.5003,27.1197,52.932,425.0,-0.34
2016,9,Caatinga,49.5537,27.4056,232.9395,0.1177,37.3382,20.0241,44175.0,-0.42
2016,9,Cerrado,29.6144,25.6978,234.952,0.1094,39.4401,26.8896,135075.0,-0.42
2016,9,Mata Atlântica,134.193,90.1374,199.243,0.4524,30.255,56.0375,825.0,-0.42
2016,10,Caatinga,56.8705,34.3123,250.9197,0.1367,37.9446,40.754,22850.0,-0.51
2016,10,Cerrado,48.8804,39.4456,256.777,0.1536,40.385,70.515,50125.0,-0.51
2016,10,Mata Atlântica,144.9246,104.3468,230.7271,0.4523,29.6761,95.4437,650.0,-0.51
2016,11,Caatinga,79.8769,64.8119,220.4231,0.294,37.5567,94.694,7225.0,-0.49
2016,11,Cerrado,94.4085,86.1939,186.0854,0.4632,36.6706,163.4222,46200.0,-0.49
2016,11,Mata Atlântica,122.6866,112.2372,215.3055,0.5213,31.2379,146.4594,725.0,-0.49
2016,12,Caatinga,92.0098,64.9157,218.7791,0.2967,34.7856,46.9646,3550.0,-0.37
2016,12,Cerrado,118.5752,89.5398,192.7953,0.4644,33.4619,110.9241,9150.0,-0.37
2016,12,Mata Atlântica,125.7708,106.431,212.1635,0.5016,30.7134,69.8338,925.0,-0.37
2017,1,Caatinga,73.6047,51.5224,230.9449,0.2231,36.1824,17.8831,4775.0,-0.08
2017,1,Cerrado,102.2788,83.0084,204.8192,0.4053,34.4415,76.1194,2300.0,-0.08
2017,1,Mata Atlântica,131.9101,98.9537,228.9865,0.4321,31.5325,16.3979,975.0,-0.08
2017,2,Caatinga,80.2987,59.8694,217.6078,0.2751,34.2268,78.0821,50.0,0.08
2017,2,Cerrado,129.6465,115.3251,187.5611,0.6149,29.8961,209.0611,2125.0,0.08
2017,2,Mata Atlântica,125.3509,94.1059,228.5957,0.4117,29.8296,95.4935,0.0,0.08
2017,3,Caatinga,88.1497,61.2086,222.8312,0.2747,35.2896,79.9727,1550.0,0.27
2017,3,Cerrado,131.8733,110.4166,201.3782,0.5483,31.2725,150.2258,18525.0,0.27
2017,3,Mata Atlântica,111.2588,98.9608,221.7265,0.4463,30.795,112.6526,0.0,0.27
2017,4,Caatinga,99.9276,68.8532,209.9655,0.3279,31.7188,52.2286,325.0,0.32
2017,4,Cerrado,139.7765,105.9731,204.358,0.5186,31.228,54.6634,6325.0,0.32
2017,4,Mata Atlântica,130.338,109.6741,199.6676,0.5493,27.4576,92.4676,0.0,0.32
2017,5,Caatinga,81.6005,48.7685,190.4555,0.2561,32.3009,28.4637,500.0,0.35
2017,5,Cerrado,120.3385,74.1308,189.8423,0.3905,31.5847,16.6735,10375.0,0.35
2017,5,Mata Atlântica,126.8522,107.1381,166.6171,0.643,26.2889,82.4595,0.0,0.35
2017,6,Caatinga,76.857,37.0316,174.8527,0.2118,30.2936,25.6442,0.0,0.32
2017,6,Cerrado,97.8212,45.5155,187.8791,0.2423,31.0016,1.1301,6825.0,0.32
2017,6,Mata Atlântica,127.9068,95.279,150.2562,0.6341,25.0049,85.7076,0.0,0.32
2017,7,Caatinga,80.2979,33.1747,178.0385,0.1863,28.4539,32.2172,2675.0,0.14
2017,7,Cerrado,95.5835,34.445,191.4938,0.1799,30.0942,5.2087,6600.0,0.14
2017,7,Mata Atlântica,127.5524,84.8144,139.4873,0.608,22.8579,92.7004,625.0,0.14
2017,8,Caatinga,63.3974,27.4145,213.3234,0.1285,33.3519,7.8191,7200.0,-0.07
2017,8,Cerrado,53.6807,23.7101,233.188,0.1017,35.9587,0.9394,63975.0,-0.07
2017,8,Mata Atlântica,149.984,92.2802,171.6106,0.5377,25.2863,32.6471,1700.0,-0.07
2017,9,Caatinga,61.706,26.7476,236.7777,0.113,34.7296,36.1409,10650.0,-0.23
2017,9,Cerrado,42.2376,21.5881,253.5824,0.0851,39.2185,2.16,108225.0,-0.23
2017,9,Mata Atlântica,146.0235,92.705,197.2265,0.47,26.4343,72.7057,300.0,-0.23
2017,10,Caatinga,42.2028,27.0995,244.1665,0.111,39.3258,10.5854,77475.0,-0.44
2017,10,Cerrado,19.6389,28.5968,242.4446,0.118,42.1845,17.3443,302200.0,-0.44
2017,10,Mata Atlântica,132.0946,97.9636,219.5007,0.4463,29.9761,21.0724,2125.0,-0.44
2017,11,Caatinga,73.291,55.702,222.9052,0.2499,37.9873,81.9726,4175.0,-0.61
2017,11,Cerrado,91.9629,81.2857,191.2537,0.425,36.1149,152.6663,17500.0,-0.61
2017,11,Mata Atlântica,122.1645,107.8231,209.9507,0.5136,31.0691,114.811,700.0,-0.61
2017,12,Caatinga,81.9851,61.8456,204.2074,0.3029,35.2185,77.7016,850.0,-0.76
2017,12,Cerrado,108.3088,90.2231,176.4929,0.5112,33.401,154.5464,10250.0,-0.76
2017,12,Mata Atlântica,121.4368,105.0439,191.9733,0.5472,29.5919,141.7177,25.0,-0.76
2018,1,Caatinga,77.7279,57.5447,227.4679,0.253,35.0169,57.4675,0.0,-0.71
2018,1,Cerrado,128.8096,98.5627,206.4154,0.4775,32.48,122.9015,25.0,-0.71
2018,1,Mata Atlântica,148.9676,109.2338,226.6513,0.4819,30.4501,50.4282,1400.0,-0.71
2018,2,Caatinga,106.9772,80.9386,216.4868,0.3739,31.9658,135.4162,0.0,-0.67
2018,2,Cerrado,140.454,119.4782,194.5646,0.6141,28.3552,228.2245,9100.0,-0.67
2018,2,Mata Atlântica,133.56,113.9063,227.8218,0.5,29.3776,112.6336,3375.0,-0.67
2018,3,Caatinga,131.402,103.3198,209.5864,0.493,30.6443,114.0099,0.0,-0.55
2018,3,Cerrado,141.0566,120.3985,196.6263,0.6123,29.3717,175.6036,25225.0,-0.55
2018,3,Mata Atlântica,129.3485,116.204,208.879,0.5563,29.3858,99.9355,1150.0,-0.55
2018,4,Caatinga,132.9883,90.1162,199.7589,0.4511,29.8049,40.0045,225.0,-0.35
2018,4,Cerrado,146.6212,114.5274,184.1806,0.6218,29.4562,82.1325,4375.0,-0.35
2018,4,Mata Atlântica,143.0091,112.5524,190.4263,0.5911,26.4443,108.4573,800.0,-0.35
2018,5,Caatinga,108.0424,59.8316,183.0038,0.3269,30.2372,24.6901,575.0,-0.07
2018,5,Cerrado,146.6775,83.9937,179.1089,0.469,30.5082,3.3549,1600.0,-0.07
2018,5,Mata Atlântica,139.3573,106.7449,163.3507,0.6535,25.5322,90.1332,0.0,-0.07
2018,6,Caatinga,90.9069,43.7168,168.7262,0.2591,29.3319,28.4974,1375.0,0.13
2018,6,Cerrado,118.4909,59.2636,169.696,0.3492,30.4869,2.5106,6825.0,0.13
2018,6,Mata Atlântica,131.8158,95.8664,145.627,0.6583,24.1388,85.1982,0.0,0.13
2018,7,Caatinga,75.6141,30.1032,183.836,0.1638,30.5151,7.1723,950.0,0.2
2018,7,Cerrado,95.5915,38.7985,189.2872,0.205,31.9926,0.2803,5600.0,0.2
2018,7,Mata Atlântica,145.919,92.5498,153.8243,0.6017,24.2939,43.7199,1375.0,0.2
2018,8,Caatinga,54.8709,24.8875,213.1772,0.1167,34.2323,7.9638,8575.0,0.3
2018,8,Cerrado,65.06,32.9635,218.91,0.1506,35.5499,8.6819,25325.0,0.3
2018,8,Mata Atlântica,134.5931,89.8357,175.121,0.513,26.2973,35.1284,600.0,0.3
2018,9,Caatinga,40.4188,20.5377,246.8361,0.0832,37.7707,4.7865,33375.0,0.52
2018,9,Cerrado,31.0801,24.3709,258.5594,0.0943,39.9454,3.1826,114400.0,0.52
2018,9,Mata Atlântica,136.6724,89.5952,210.3281,0.426,30.3308,25.5006,10250.0,0.52
2018,10,Caatinga,40.6049,31.6778,236.8189,0.1338,40.5242,43.5458,28400.0,0.82
2018,10,Cerrado,53.4946,59.3647,200.8754,0.2955,38.7457,112.2505,118475.0,0.82
2018,10,Mata Atlântica,103.9715,90.0809,204.2599,0.441,32.9834,62.6684,10250.0,0.82
2018,11,Caatinga,78.249,65.0523,209.9306,0.3099,34.0403,68.9583,1525.0,1.04
2018,11,Cerrado,110.1548,99.1288,186.1657,0.5325,31.9292,214.2044,20350.0,1.04
2018,11,Mata Atlântica,121.2457,108.5406,201.1738,0.5395,28.6211,134.8443,400.0,1.04
2018,12,Caatinga,106.0316,82.7281,199.3708,0.4149,31.9434,134.5774,450.0,1.05
2018,12,Cerrado,116.7892,97.6648,182.5963,0.5349,31.2924,171.3843,21500.0,1.05
2018,12,Mata Atlântica,125.6454,111.5092,197.4299,0.5648,29.6487,150.9369,300.0,1.05
2019,1,Caatinga,85.487,65.9002,215.2949,0.3061,33.9063,13.3259,3375.0,0.99
2019,1,Cerrado,124.8368,102.3229,196.79,0.52,31.6453,41.7172,7375.0,0.99
2019,1,Mata Atlântica,137.5977,102.027,221.1908,0.4613,30.3292,16.7816,950.0,0.99
2019,2,Caatinga,78.3853,63.6158,231.4964,0.2748,34.6206,96.9873,1375.0,0.94
2019,2,Cerrado,131.0066,112.6735,214.7505,0.5247,31.9105,151.2525,4900.0,0.94
2019,2,Mata Atlântica,115.9743,98.1792,241.7532,0.4061,32.5597,40.3977,8675.0,0.94
2019,3,Caatinga,92.5266,77.5376,218.0915,0.3555,33.1451,143.6668,475.0,0.87
2019,3,Cerrado,124.3213,118.1333,191.4179,0.6171,30.057,253.6399,7925.0,0.87
2019,3,Mata Atlântica,90.4925,93.0375,204.9091,0.454,31.7951,130.5456,11650.0,0.87
2019,4,Caatinga,131.1571,100.6512,210.2103,0.4788,29.8982,71.4906,625.0,0.82
2019,4,Cerrado,143.2932,115.3192,198.8468,0.5799,29.5409,101.9304,10525.0,0.82
2019,4,Mata Atlântica,138.1798,124.7727,203.9052,0.6119,28.5013,101.9859,275.0,0.82
2019,5,Caatinga,104.8418,67.7268,184.3736,0.3673,31.4539,23.9042,750.0,0.71
2019,5,Cerrado,137.0799,92.9376,183.8433,0.5055,30.9301,29.928,5300.0,0.71
2019,5,Mata Atlântica,126.8781,115.9124,173.7901,0.667,27.3313,59.5326,1750.0,0.71
2019,6,Caatinga,96.1937,47.5003,167.9286,0.2829,29.616,32.8144,1550.0,0.59
2019,6,Cerrado,126.6644,64.7427,170.4504,0.3798,29.9515,1.364,4700.0,0.59
2019,6,Mata Atlântica,125.4611,93.7121,146.2167,0.6409,25.4183,83.6008,1200.0,0.59
2019,7,Caatinga,82.389,38.4937,181.9362,0.2116,30.4051,26.6531,1300.0,0.38
2019,7,Cerrado,98.3228,43.102,189.2934,0.2277,31.5525,0.9152,17450.0,0.38
2019,7,Mata Atlântica,128.1361,88.7246,147.2011,0.6027,25.0194,76.1902,50.0,0.38
2019,8,Caatinga,74.9706,34.9856,207.7682,0.1684,31.955,22.0885,5200.0,0.2
2019,8,Cerrado,78.1691,35.4446,216.6789,0.1636,34.7165,1.7618,58025.0,0.2
2019,8,Mata Atlântica,151.6691,97.114,170.7045,0.5689,25.6124,74.057,525.0,0.2
2019,9,Caatinga,54.7104,28.432,243.3144,0.1169,36.4633,17.6812,13650.0,0.31
2019,9,Cerrado,44.2305,27.7626,251.5561,0.1104,39.5289,12.8391,207375.0,0.31
2019,9,Mata Atlântica,152.9456,101.3786,206.4777,0.491,27.9784,57.464,1425.0,0.31
2019,10,Caatinga,40.7434,27.1921,255.6926,0.1063,40.1996,26.8962,38350.0,0.51
2019,10,Cerrado,43.3435,36.955,255.0726,0.1449,41.546,53.0562,139200.0,0.51
2019,10,Mata Atlântica,133.4715,100.5596,234.275,0.4292,31.5637,50.1045,9250.0,0.51
2019,11,Caatinga,47.2758,36.4659,247.7831,0.1472,40.4421,41.9125,25100.0,0.72
2019,11,Cerrado,72.9269,72.8937,214.9503,0.3391,37.3679,127.9072,57825.0,0.72
2019,11,Mata Atlântica,118.619,104.1317,231.9219,0.449,33.9792,67.7178,16500.0,0.72
2019,12,Caatinga,45.2675,34.1861,231.0997,0.1479,38.2576,34.3412,3100.0,0.75
2019,12,Cerrado,81.9483,68.8957,212.1479,0.3248,35.4854,70.3631,40000.0,0.75
2019,12,Mata Atlântica,121.5565,97.6453,222.3615,0.4391,30.9215,65.6779,2150.0,0.75
2020,1,Caatinga,79.3289,67.1241,194.3794,0.3453,33.9043,186.7359,625.0,0.71
2020,1,Cerrado,111.1953,94.9026,187.7869,0.5054,31.9275,287.8707,500.0,0.71
2020,1,Mata Atlântica,111.6857,102.116,200.1087,0.5103,30.2785,143.4494,1850.0,0.71
2020,2,Caatinga,130.0876,108.7134,214.2938,0.5073,31.247,74.3955,575.0,0.66
2020,2,Cerrado,133.008,123.0068,195.6306,0.6288,30.4794,170.5006,1075.0,0.66
2020,2,Mata Atlântica,134.5566,120.9387,226.222,0.5346,30.6982,36.9546,5500.0,0.66
2020,3,Caatinga,113.545,107.5502,197.1445,0.5455,29.7582,205.3584,250.0,0.57
2020,3,Cerrado,116.3478,116.3762,174.4388,0.6671,28.487,279.5107,48375.0,0.57
2020,3,Mata Atlântica,112.9185,114.1231,196.7498,0.58,28.9909,190.8692,575.0,0.57
2020,4,Caatinga,142.6554,120.4036,201.3924,0.5979,28.3156,123.5859,225.0,0.33
2020,4,Cerrado,135.8324,120.3409,183.9675,0.6541,29.3846,146.4536,14575.0,0.33
2020,4,Mata Atlântica,138.9033,126.3315,193.4033,0.6532,27.6888,171.0197,0.0,0.33
2020,5,Caatinga,139.7319,107.9281,177.1691,0.6092,27.0989,47.289,550.0,0.04
2020,5,Cerrado,145.497,105.9568,167.6261,0.6321,28.3165,31.33,11325.0,0.04
2020,5,Mata Atlântica,134.2821,115.7955,161.0056,0.7192,25.4718,111.8817,0.0,0.04
2020,6,Caatinga,138.295,80.4805,167.7947,0.4796,26.7673,36.9385,425.0,-0.18
2020,6,Cerrado,151.1364,87.0021,165.1354,0.5269,28.3411,2.2819,12850.0,-0.18
2020,6,Mata Atlântica,141.6425,105.7798,150.2039,0.7042,24.5829,67.9848,2825.0,-0.18
2020,7,Caatinga,115.4159,56.5389,172.0321,0.3287,27.3423,32.7664,2725.0,-0.29
2020,7,Cerrado,129.3433,61.8504,172.7211,0.3581,29.5623,0.7126,14475.0,-0.29
2020,7,Mata Atlântica,154.5303,100.8565,152.1515,0.6629,23.8928,57.5674,0.0,-0.29
2020,8,Caatinga,94.5368,46.6268,204.2588,0.2283,30.2418,19.4713,4525.0,-0.43
2020,8,Cerrado,100.5695,46.1568,212.6598,0.217,33.6396,1.0384,47600.0,-0.43
2020,8,Mata Atlântica,160.7843,101.8861,170.8631,0.5963,24.4373,53.5042,1200.0,-0.43
2020,9,Caatinga,66.4375,34.4284,241.6821,0.1425,35.1415,11.9175,39575.0,-0.77
2020,9,Cerrado,56.4126,33.2589,252.1245,0.1319,38.9926,4.1792,118425.0,-0.77
2020,9,Mata Atlântica,163.4459,99.9701,211.8126,0.472,28.3701,28.3416,1975.0,-0.77
2020,10,Caatinga,49.1932,45.9234,226.4545,0.2028,38.4284,64.6789,123500.0,-1.0
2020,10,Cerrado,59.0083,60.8918,197.7326,0.308,39.7573,98.2948,423100.0,-1.0
2020,10,Mata Atlântica,113.7231,106.1791,195.1021,0.5442,30.4008,110.9577,8050.0,-1.0
2020,11,Caatinga,115.2409,100.4932,231.9175,0.4333,30.9398,161.6389,150.0,-1.11
2020,11,Cerrado,119.4836,99.7203,214.9076,0.464,33.653,184.8478,33700.0,-1.11
2020,11,Mata Atlântica,158.9291,127.3553,226.4603,0.5624,28.8086,143.526,0.0,-1.11
2020,12,Caatinga,91.7802,85.3593,236.755,0.3605,32.5865,15.2766,4250.0,-1.06
2020,12,Cerrado,118.3799,95.6047,221.9091,0.4308,34.2283,102.846,10450.0,-1.06
2020,12,Mata Atlântica,160.2926,121.0091,234.1872,0.5167,29.5635,24.4117,275.0,-1.06
2021,1,Caatinga,75.4736,69.2335,228.8373,0.3025,32.8956,50.5572,5500.0,-0.99
2021,1,Cerrado,129.5735,103.3085,222.207,0.4649,31.8383,118.2898,2925.0,-0.99
2021,1,Mata Atlântica,143.7253,103.5387,224.637,0.4609,29.6128,53.4475,1325.0,-0.99
2021,2,Caatinga,86.4771,78.3583,218.2045,0.3591,32.572,116.3057,250.0,-0.85
2021,2,Cerrado,127.3835,113.7485,201.5446,0.5644,29.8852,249.5516,6700.0,-0.85
2021,2,Mata Atlântica,122.0704,105.3506,212.0784,0.4968,29.9363,78.3479,1350.0,-0.85
2021,3,Caatinga,94.4134,77.3637,239.4985,0.323,32.4448,18.6199,3750.0,-0.74
2021,3,Cerrado,131.3536,105.4638,215.4323,0.4895,29.9928,57.0582,28375.0,-0.74
2021,3,Mata Atlântica,130.9141,108.4047,231.6974,0.4679,30.6918,26.4486,6725.0,-0.74
2021,4,Caatinga,85.7869,68.4636,198.1459,0.3455,31.6728,98.4167,1300.0,-0.56
2021,4,Cerrado,105.6911,89.0662,186.6316,0.4772,30.5203,129.1754,15850.0,-0.56
2021,4,Mata Atlântica,116.2416,102.83,186.9418,0.5501,29.6059,108.9475,2825.0,-0.56
2021,5,Caatinga,92.6354,61.5861,184.9377,0.333,29.9117,14.8572,3800.0,-0.4
2021,5,Cerrado,110.7702,66.493,182.373,0.3646,30.0625,0.8986,7400.0,-0.4
2021,5,Mata Atlântica,121.9457,98.6442,162.5002,0.607,26.942,27.1104,2400.0,-0.4
2021,6,Caatinga,78.3024,40.8817,175.9965,0.2323,29.4558,12.5886,3675.0,-0.31
2021,6,Cerrado,92.4194,47.39,179.1035,0.2646,30.111,1.3549,15625.0,-0.31
2021,6,Mata Atlântica,116.521,82.7885,143.325,0.5776,24.5776,43.7192,1425.0,-0.31
2021,7,Caatinga,76.6207,36.0781,183.9987,0.1961,29.9948,28.4764,8975.0,-0.35
2021,7,Cerrado,79.0526,33.3662,196.481,0.1698,31.1998,0.6984,25750.0,-0.35
2021,7,Mata Atlântica,120.9511,77.0612,144.5529,0.5331,25.9046,57.0022,2225.0,-0.35
2021,8,Caatinga,72.9987,32.559,210.0499,0.155,32.0849,16.038,24900.0,-0.46
2021,8,Cerrado,63.4821,28.2425,222.9235,0.1267,34.503,1.2133,163175.0,-0.46
2021,8,Mata Atlântica,132.0246,79.9077,167.8834,0.476,25.6444,42.7344,875.0,-0.46
2021,9,Caatinga,42.4019,23.944,246.6504,0.0971,37.5579,3.1363,223350.0,-0.64
2021,9,Cerrado,6.914,15.9752,262.5397,0.0608,40.7382,4.1192,741000.0,-0.64
2021,9,Mata Atlântica,127.3496,88.4653,213.039,0.4153,30.6773,32.5672,7200.0,-0.64
2021,10,Caatinga,44.8707,38.6939,226.2289,0.171,38.3254,71.8032,238025.0,-0.77
2021,10,Cerrado,46.8447,46.0221,214.5536,0.2145,38.8749,96.5092,283550.0,-0.77
2021,10,Mata Atlântica,111.4732,96.8221,201.3508,0.4809,30.312,90.3669,11325.0,-0.77
2021,11,Caatinga,111.284,98.1988,219.623,0.4471,31.7556,168.0466,200.0,-0.91
2021,11,Cerrado,112.4123,104.5195,193.8349,0.5392,33.1292,226.687,5275.0,-0.91
2021,11,Mata Atlântica,139.1046,125.8333,206.4592,0.6095,28.7671,185.2916,475.0,-0.91
2021,12,Caatinga,107.7479,99.0133,183.8738,0.5385,29.629,291.3157,0.0,-0.83
2021,12,Cerrado,99.203,101.5012,155.1941,0.654,29.1029,426.7546,0.0,-0.83
2021,12,Mata Atlântica,123.3948,118.1455,180.1444,0.6558,27.6434,386.0143,0.0,-0.83
2022,1,Caatinga,142.1538,110.0323,204.6756,0.5376,28.4126,108.7796,675.0,-0.76
2022,1,Cerrado,134.7881,114.7998,174.8332,0.6566,28.2083,206.0885,1550.0,-0.76
2022,1,Mata Atlântica,151.1328,114.4473,204.8164,0.5588,28.3674,91.0464,0.0,-0.76
2022,2,Caatinga,135.8298,110.5182,222.2778,0.4972,29.0485,61.4947,1200.0,-0.68
2022,2,Cerrado,146.209,125.9784,199.6266,0.6311,28.5695,157.9377,20850.0,-0.68
2022,2,Mata Atlântica,146.2795,120.12,216.0202,0.5561,29.109,61.443,100.0,-0.68
2022,3,Caatinga,138.3641,101.4641,227.2333,0.4465,28.8776,62.6648,925.0,-0.77
2022,3,Cerrado,167.3664,129.8125,216.9268,0.5984,30.4321,68.3965,33050.0,-0.77
2022,3,Mata Atlântica,159.4006,124.3349,222.1511,0.5597,27.142,99.5318,0.0,-0.77
2022,4,Caatinga,107.1788,78.4097,213.8607,0.3666,30.2616,57.7407,2500.0,-0.86
2022,4,Cerrado,144.0779,102.4785,208.6056,0.4913,31.2699,48.2092,13875.0,-0.86
2022,4,Mata Atlântica,135.491,114.8382,197.6644,0.581,27.7022,106.3539,1975.0,-0.86
2022,5,Caatinga,94.75,57.7655,181.5166,0.3182,29.0113,15.5536,800.0,-0.83
2022,5,Cerrado,125.463,70.9985,180.5089,0.3933,29.8757,3.7294,10950.0,-0.83
2022,5,Mata Atlântica,131.7111,102.7227,162.2834,0.633,25.586,44.6947,2625.0,-0.83
2022,6,Caatinga,85.8919,43.2092,175.6905,0.2459,28.4035,15.9237,1925.0,-0.73
2022,6,Cerrado,100.286,48.4677,175.582,0.276,29.8696,0.2651,13100.0,-0.73
2022,6,Mata Atlântica,131.5401,89.8218,148.8116,0.6036,24.8622,22.272,1275.0,-0.73
2022,7,Caatinga,80.9318,35.1849,183.465,0.1918,28.16,29.4536,3550.0,-0.7
2022,7,Cerrado,89.1673,38.5099,191.6562,0.2009,30.1586,1.0983,29475.0,-0.7
2022,7,Mata Atlântica,130.4395,81.0517,148.6791,0.5451,23.8658,65.1658,300.0,-0.7
2022,8,Caatinga,72.9901,31.2517,210.9775,0.1481,30.7933,18.0066,28450.0,-0.78
2022,8,Cerrado,70.7497,29.2404,223.4133,0.1309,33.5324,0.3431,74600.0,-0.78
2022,8,Mata Atlântica,134.0317,81.7841,166.2832,0.4918,25.5611,43.2348,1525.0,-0.78
2022,9,Caatinga,52.8752,27.97,244.3134,0.1145,35.9679,9.2896,52975.0,-0.87
2022,9,Cerrado,34.5768,26.0368,247.4626,0.1052,38.438,22.0176,201750.0,-0.87
2022,9,Mata Atlântica,138.0261,92.3055,205.4075,0.4494,29.065,35.5644,875.0,-0.87
2022,10,Caatinga,55.3192,36.9364,232.4202,0.1589,37.1072,23.0186,125725.0,-0.89
2022,10,Cerrado,51.0076,44.6716,228.6782,0.1953,35.5504,40.0382,293375.0,-0.89
2022,10,Mata Atlântica,132.0442,95.2811,212.5949,0.4482,28.7749,49.8923,1025.0,-0.89
2022,11,Caatinga,108.3184,92.6661,194.7479,0.4758,30.1072,231.7824,0.0,-0.82
2022,11,Cerrado,101.9811,99.8417,166.3469,0.6002,30.8322,308.8036,11475.0,-0.82
2022,11,Mata Atlântica,112.1597,108.4415,175.1424,0.6192,28.3527,252.6554,225.0,-0.82
2022,12,Caatinga,126.3582,103.8672,193.9561,0.5355,28.5921,189.0139,600.0,-0.7
2022,12,Cerrado,110.5428,104.6454,161.1767,0.6493,29.7678,245.5946,4050.0,-0.7
2022,12,Mata Atlântica,125.1141,109.4292,173.2742,0.6315,27.6883,257.8547,100.0,-0.7
2023,1,Caatinga,140.7608,106.3529,210.3156,0.5057,28.2352,91.9237,1750.0,-0.55
2023,1,Cerrado,140.8879,117.2748,185.6843,0.6316,28.709,203.7327,6525.0,-0.55
2023,1,Mata Atlântica,159.6314,122.7509,201.9253,0.6079,27.3623,88.0813,100.0,-0.55
2023,2,Caatinga,137.1435,102.311,247.0045,0.4142,30.0305,25.4505,325.0,-0.33
2023,2,Cerrado,179.1981,136.9073,228.9148,0.5981,29.5012,39.869,14275.0,-0.33
2023,2,Mata Atlântica,175.9883,125.6731,237.8721,0.5283,28.4133,42.346,675.0,-0.33
2023,3,Caatinga,110.6402,81.0754,229.0247,0.354,30.3314,68.3474,1000.0,-0.11
2023,3,Cerrado,140.5427,117.3411,198.8415,0.5901,30.0159,118.3996,18050.0,-0.11
2023,3,Mata Atlântica,162.2011,117.0984,229.6951,0.5098,27.3224,66.318,125.0,-0.11
2023,4,Caatinga,102.5632,76.3607,210.8876,0.3621,29.9888,41.2318,1125.0,0.19
2023,4,Cerrado,136.6678,101.044,196.3873,0.5145,30.1957,62.9802,9125.0,0.19
2023,4,Mata Atlântica,129.2168,114.7308,195.6199,0.5865,27.5728,120.8549,675.0,0.19
2023,5,Caatinga,100.8068,66.5668,178.0639,0.3738,28.0136,51.8771,1525.0,0.46
2023,5,Cerrado,136.5213,88.7802,179.141,0.4956,28.9246,20.6235,15600.0,0.46
2023,5,Mata Atlântica,131.9808,104.0803,161.8748,0.643,24.7724,67.7027,925.0,0.46
2023,6,Caatinga,92.0555,48.3316,171.3387,0.2821,27.7558,22.4815,1550.0,0.73
2023,6,Cerrado,115.6054,62.6494,172.3263,0.3636,28.9298,0.961,17000.0,0.73
2023,6,Mata Atlântica,134.9036,93.9908,146.0301,0.6436,23.8514,51.7528,1675.0,0.73
2023,7,Caatinga,78.2411,36.525,183.7009,0.1988,28.7935,15.5573,10675.0,1.0
2023,7,Cerrado,89.185,40.9886,189.4176,0.2164,30.103,1.1156,20550.0,1.0
2023,7,Mata Atlântica,132.1512,86.4808,147.8307,0.585,23.9738,49.9128,400.0,1.0
2023,8,Caatinga,58.829,27.501,215.6897,0.1275,31.9381,14.1969,6200.0,1.25
2023,8,Cerrado,62.0203,30.7582,218.386,0.1408,33.436,16.4325,66125.0,1.25
2023,8,Mata Atlântica,136.9226,88.0487,176.7802,0.4981,26.2186,38.2334,1625.0,1.25
2023,9,Caatinga,42.4103,24.0841,248.028,0.0971,35.6051,10.8124,59775.0,1.5
2023,9,Cerrado,33.381,27.4977,252.3079,0.109,37.8655,10.5787,159200.0,1.5
2023,9,Mata Atlântica,142.1113,92.8065,210.9534,0.4399,28.1773,27.4001,1725.0,1.5
2023,10,Caatinga,34.889,24.1654,256.7722,0.0941,37.7768,7.6566,118350.0,1.74
2023,10,Cerrado,38.8737,39.7086,242.7275,0.1636,38.7774,34.2868,227175.0,1.74
2023,10,Mata Atlântica,119.6809,87.9519,226.6746,0.388,31.8641,23.2603,7150.0,1.74
2023,11,Caatinga,28.4703,29.9254,264.8006,0.113,38.1635,37.0456,24100.0,1.9
2023,11,Cerrado,38.7775,41.8953,265.3821,0.1579,37.6915,63.148,31450.0,1.9
2023,11,Mata Atlântica,113.2444,86.4963,250.1933,0.3457,33.8259,15.3486,39275.0,1.9
2023,12,Caatinga,32.8023,31.7306,222.0613,0.1429,36.2147,55.9401,15925.0,1.99
2023,12,Cerrado,40.758,46.3767,221.4696,0.2094,35.6335,94.1158,18825.0,1.99
2023,12,Mata Atlântica,90.8254,78.6463,217.1317,0.3622,32.879,85.7138,16775.0,1.99
2024,1,Caatinga,73.842,65.5133,210.2518,0.3116,33.1115,225.8716,1875.0,1.84
2024,1,Cerrado,96.8224,91.2835,192.0975,0.4752,31.9217,272.0337,6900.0,1.84
2024,1,Mata Atlântica,91.1168,90.5586,205.5047,0.4407,30.6851,273.6038,3725.0,1.84
2024,2,Caatinga,121.7954,102.3041,215.2568,0.4753,28.525,162.1859,50.0,1.53
2024,2,Cerrado,130.8513,118.0541,199.3592,0.5922,27.9214,200.2543,10450.0,1.53
2024,2,Mata Atlântica,130.7425,117.0616,207.5999,0.5639,27.785,177.7887,0.0,1.53
2024,3,Caatinga,125.0176,113.7391,243.8622,0.4664,28.8499,46.0212,5000.0,1.18
2024,3,Cerrado,140.012,116.4082,232.8266,0.5,29.5964,97.4008,46200.0,1.18
2024,3,Mata Atlântica,132.1963,123.8018,235.865,0.5249,28.3482,69.6629,0.0,1.18
2024,4,Caatinga,115.8023,103.0055,210.7177,0.4888,27.6384,83.6508,200.0,0.77
2024,4,Cerrado,130.1207,104.1081,205.7343,0.506,29.2096,89.9142,14825.0,0.77
2024,4,Mata Atlântica,136.5176,122.5515,200.0542,0.6126,26.3951,142.244,0.0,0.77
2024,5,Caatinga,108.9349,74.3615,189.3161,0.3928,27.7851,22.5076,525.0,0.43
2024,5,Cerrado,105.0346,69.6544,193.8739,0.3593,29.5331,2.0889,7775.0,0.43
2024,5,Mata Atlântica,131.295,108.8932,175.2921,0.6212,25.9982,48.6356,0.0,0.43
2024,6,Caatinga,96.3152,51.7149,173.3166,0.2984,26.3553,35.8393,3900.0,0.18
2024,6,Cerrado,89.2582,44.1601,183.8388,0.2402,28.2009,3.8901,9575.0,0.18
2024,6,Mata Atlântica,132.6019,96.7646,150.3128,0.6438,23.7557,86.515,550.0,0.18
2024,7,Caatinga,90.449,37.7941,183.2316,0.2063,26.4129,15.0394,4400.0,0.06
2024,7,Cerrado,79.3255,32.0156,196.4249,0.163,28.7416,0.6758,14200.0,0.06
2024,7,Mata Atlântica,130.6866,82.3295,150.9018,0.5456,23.6465,34.6308,600.0,0.06
2024,8,Caatinga,70.6383,30.3009,212.2694,0.1427,29.5603,16.8086,16075.0,-0.04
2024,8,Cerrado,48.2179,23.1336,228.7685,0.1011,32.3251,1.6479,98175.0,-0.04
2024,8,Mata Atlântica,144.8861,89.6206,175.5784,0.5104,24.8303,45.9278,1550.0,-0.04
2024,9,Caatinga,57.0734,24.8506,245.452,0.1012,32.6424,2.8441,21500.0,-0.12
2024,9,Cerrado,20.0658,16.4084,256.714,0.0639,36.3239,0.5446,415250.0,-0.12
2024,9,Mata Atlântica,142.8133,87.7044,211.5537,0.4146,27.27,18.9709,1700.0,-0.12
2024,10,Caatinga,41.3372,31.8823,248.2231,0.1284,35.3626,42.1722,28000.0,-0.19
2024,10,Cerrado,30.5643,32.2698,228.8901,0.141,35.7976,118.4648,252550.0,-0.19
2024,10,Mata Atlântica,117.9204,89.8158,215.4577,0.4169,29.9619,46.3587,1750.0,-0.19
2024,11,Caatinga,71.1503,66.8253,238.06,0.2807,32.7289,102.6643,2475.0,-0.29
2024,11,Cerrado,94.9361,83.4999,219.4646,0.3805,31.9762,206.1344,53125.0,-0.29
2024,11,Mata Atlântica,134.9953,105.8382,228.2082,0.4638,29.0111,144.7655,1025.0,-0.29
2024,12,Caatinga,57.8838,61.3628,231.7359,0.2648,32.6396,30.5499,9600.0,-0.43
2024,12,Cerrado,83.2495,85.0017,202.1269,0.4205,30.6188,120.6283,2050.0,-0.43
2024,12,Mata Atlântica,120.8973,98.5217,226.0377,0.4359,28.9876,27.8037,4175.0,-0.43
2025,1,Caatinga,82.6815,69.8028,211.8512,0.3295,29.6499,131.9072,450.0,-0.46
2025,1,Cerrado,113.1227,102.0424,192.8818,0.529,27.9251,216.5941,3625.0,-0.46
2025,1,Mata Atlântica,116.5939,101.2296,202.4796,0.4999,28.3637,114.8697,850.0,-0.46
2025,2,Caatinga,111.0613,85.5591,246.8461,0.3466,28.4504,24.3758,100.0,-0.22
2025,2,Cerrado,138.6054,106.7813,230.0279,0.4642,27.6365,57.5989,10400.0,-0.22
2025,2,Mata Atlântica,162.5584,108.0214,244.0271,0.4427,26.5991,51.4994,0.0,-0.22
2025,3,Caatinga,69.7134,55.7865,242.0113,0.2305,29.788,20.3321,2025.0,-0.08
2025,3,Cerrado,78.5307,68.0898,233.0912,0.2921,29.3642,69.2327,18400.0,-0.08
2025,3,Mata Atlântica,139.0962,105.3423,230.9426,0.4561,26.3057,51.6546,0.0,-0.08
2025,4,Caatinga,68.4308,57.1771,217.8298,0.2625,30.3743,56.6659,225.0,0.02
2025,4,Cerrado,90.1775,77.3947,208.0822,0.3719,28.1957,72.286,2625.0,0.02
2025,4,Mata Atlântica,113.4156,101.914,197.4758,0.5161,26.4468,86.2296,0.0,0.02
2025,5,Caatinga,107.1164,60.4812,182.2066,0.3319,26.6377,80.2584,1075.0,-0.04
2025,5,Cerrado,117.6235,68.4502,186.9037,0.3662,26.3517,25.3051,14750.0,-0.04
2025,5,Mata Atlântica,142.6149,104.0607,160.6404,0.6478,23.6382,127.9292,1975.0,-0.04
2025,6,Caatinga,89.081,39.7323,173.1551,0.2295,25.7821,23.495,2075.0,-0.02
2025,6,Cerrado,84.7022,38.7588,184.7737,0.2098,26.2287,0.707,17800.0,-0.02
2025,6,Mata Atlântica,143.5284,89.6347,143.9232,0.6228,22.5139,40.7939,1350.0,-0.02
2025,7,Caatinga,87.3908,33.1813,179.3899,0.185,25.8838,14.2213,4625.0,-0.11
2025,7,Cerrado,79.4404,27.2678,195.9982,0.1391,27.1017,0.679,39725.0,-0.11
2025,7,Mata Atlântica,153.7669,87.1631,144.2506,0.6042,22.0856,37.7792,3000.0,-0.11
2025,8,Caatinga,70.8081,25.9622,212.3732,0.1222,27.6707,13.7302,25375.0,-0.26
2025,8,Cerrado,50.3767,20.8007,231.2444,0.09,29.3503,2.3065,114375.0,-0.26
2025,8,Mata Atlântica,150.5593,80.9974,171.5607,0.4721,22.7813,32.4958,825.0,-0.26
2025,9,Caatinga,54.984,21.0891,246.1377,0.0857,30.8077,10.4799,69175.0,-0.43
2025,9,Cerrado,19.3704,15.7058,263.2997,0.0597,33.5595,4.0557,330000.0,-0.43
2025,9,Mata Atlântica,150.3856,79.0542,207.28,0.3814,25.1683,33.4725,2725.0,-0.43
2025,10,Caatinga,46.0701,23.1219,250.7562,0.0922,33.3615,,41300.0,-0.57
2025,10,Cerrado,23.3365,21.2525,250.7405,0.0848,35.1868,,309600.0,-0.57
2025,10,Mata Atlântica,134.5004,83.0114,215.346,0.3855,26.2922,,2175.0,-0.57
2025,11,Caatinga,75.4927,57.6409,209.5345,0.2751,31.5094,,5025.0,-0.61
2025,11,Cerrado,84.4095,74.6588,180.17,0.4144,31.9654,,41725.0,-0.61
2025,11,Mata Atlântica,133.1841,100.5829,195.8489,0.5136,26.3084,,250.0,-0.61
2025,12,Caatinga,99.7467,69.5261,206.5678,0.3366,29.418,,4850.0,-0.6
2025,12,Cerrado,128.1676,100.2602,176.8393,0.567,28.7363,,21575.0,-0.6
2025,12,Mata Atlântica,144.3913,96.4697,198.0127,0.4872,26.2234,,50.0,-0.6
