ano;mes;ONI;FMA_PSN;Cerrado_PSN;Caatinga_PSN;FMA_Evap;Cerrado_Evap;Caatinga_Evap;FMA_PET;Cerrado_PET;Caatinga_PET;FMA_IDA;Cerrado_IDA;Caatinga_IDA;FMA_Temp;Cerrado_Temp;Caatinga_Temp;FMA_Precip;Cerrado_Precip;Caatinga_Precip;FMA_AreaQueimada;Cerrado_AreaQueimada;Caatinga_AreaQueimada
2001;1;-0,76;160,1861;132,9859;133,0722;107,2975;95,5944;106,9931;;;;0,5495;0,4032;0,4699;29,0908;31,1975;29,8057;51,3;59,99;32,41;5300,0;7000,0;6275,0
2001;2;-0,54;133,4854;83,9807;75,4696;104,9693;83,9749;78,6215;;;;0,4434;0,3224;0,3068;32,0178;31,3594;33,4845;44,28;102,81;34,95;11225,0;1700,0;425,0
2001;3;-0,43;125,1755;99,9636;93,8035;98,5551;89,2413;80,7663;;;;0,5598;0,4304;0,3801;29,1505;30,2487;31,5951;113,51;160,98;97,51;100,0;11950,0;775,0
2001;4;-0,29;134,0681;82,8587;88,8666;111,5411;72,8252;68,3464;;;;0,5786;0,2976;0,3165;27,8595;30,7817;31,6978;75,49;40,55;24,82;0,0;14775,0;450,0
2001;5;-0,19;112,1725;49,8018;61,6095;97,9127;43,9848;43,8693;;;;0,6082;0,1978;0,2181;27,7867;30,727;32,8616;109,85;22,57;20,86;0,0;5650,0;275,0
2001;6;-0,08;127,6461;71,5369;76,5246;71,2621;35,7193;33,0466;;;;0,6489;0,1902;0,237;24,2104;29,4131;29,456;113,79;1,46;38,9;0,0;10875,0;3350,0
2001;7;-0,05;134,5885;58,7605;75,4298;82,3936;27,9563;33,6451;;;;0,5852;0,1252;0,2055;24,3424;30,3779;29,5154;95,78;2,25;21,09;0,0;65850,0;2950,0
2001;8;-0,13;140,5;50,8428;70,8298;76,1151;26,9267;31,1587;;;;0,5709;0,1116;0,1904;24,6298;33,2303;31,26;92,31;1,17;25,71;0,0;241100,0;22925,0
2001;9;-0,15;148,309;3,5982;49,1858;85,5576;16,4452;27,1705;;;;0,5063;0,0596;0,1203;29,018;38,322;36,9442;75,96;13,86;81,6;0,0;481900,0;40975,0
2001;10;-0,26;146,8706;56,2363;61,1511;93,251;47,7389;43,0745;;;;0,5785;0,2036;0,1871;29,3045;35,4421;38,1451;147,94;132,77;61,85;0,0;174100,0;61575,0
2001;11;-0,33;140,9388;71,9137;62,2393;101,5254;69,7119;56,5202;;;;0,5417;0,3074;0,2371;30,8291;33,6013;37,0874;61,94;190,88;57,6;0,0;16575,0;5350,0
2001;12;-0,32;132,3167;86,2603;71,2313;89,3348;69,4023;57,9878;;;;0,569;0,3214;0,2804;29,2949;32,8514;34,4703;144,23;199,25;124,04;0,0;0,0;0,0
2002;1;-0,15;126,7474;122,8323;118,6635;87,9578;88,8725;89,6959;;;;0,6734;0,5697;0,5569;26,8958;27,9746;26,9724;273,05;252,39;297,54;0,0;3525,0;650,0
2002;2;0,07;174,1388;128,1137;150,7345;120,9776;106,8802;129,0055;;;;0,5485;0,4243;0,506;29,0148;29,2245;29,3099;143,3;129,21;108,2;0,0;11000,0;200,0
2002;3;0,11;157,4312;69,8118;96,5245;99,8639;69,0892;78,3248;;;;0,576;0,2861;0,3767;27,07;31,5189;30,3277;82,7;78,88;21,92;0,0;10850,0;25,0
2002;4;0,15;147,6852;82,3594;89,8433;102,4368;68,3233;67,4175;;;;0,5843;0,2855;0,3338;27,4082;30,7207;30,9775;74,05;48,72;27,68;0,0;3100,0;0,0
2002;5;0,3;133,2083;48,2556;76,5227;97,2557;38,5915;48,0266;;;;0,586;0,1705;0,2537;26,2901;31,0781;30,6823;86,96;30,29;31,8;1425,0;16550,0;1125,0
2002;6;0,45;120,7572;60,1403;76,0779;79,0919;32,4361;36,7207;;;;0,6221;0,1589;0,2468;23,7208;29,6406;28,6059;97,74;1,79;24,63;0,0;20925,0;325,0
2002;7;0,57;134,2708;41,4363;68,5914;87,654;25,0067;33,1021;;;;0,5684;0,1125;0,1794;24,3028;31,8024;30,5109;81,25;4,06;18,68;0,0;62475,0;1550,0
2002;8;0,63;133,5572;40,3546;62,0458;86,9665;23,1854;29,236;;;;0,5114;0,0944;0,1418;25,3027;34,2283;31,9905;77,02;1,34;16,89;47400,0;375725,0;10375,0
2002;9;0,78;153,3703;25,8219;56,0487;100,7991;24,6209;31,6723;;;;0,4892;0,0944;0,132;27,5769;37,1346;36,0341;111,77;45,84;43,18;1675,0;688125,0;52900,0
2002;10;0,99;136,1164;14,15;43,5983;99,6495;31,193;34,3987;;;;0,4458;0,1219;0,1394;31,3575;39,6489;38,8237;27,87;40,93;11,43;14850,0;358525,0;40725,0
2002;11;1,19;140,0782;48,9093;63,2278;106,2869;49,2945;47,2673;;;;0,4362;0,1769;0,1766;31,9947;39,1453;37,992;69,14;100,88;52,49;10700,0;40500,0;14200,0
2002;12;1,08;97,5204;62,9086;59,401;91,1863;64,2578;52,9437;;;;0,4375;0,3379;0,2484;32,5806;32,601;35,6779;152,7;264,13;138,35;33700,0;9900,0;6100,0
2003;1;0,9;110,6001;101,5544;88,0533;103,1607;90,6093;84,4534;;;;0,4998;0,4947;0,3942;32,3567;31,4833;32,6733;77,5217;79,3121;45,395;5475,0;3800,0;2325,0
2003;2;0,59;137,0599;138,1667;108,3954;102,9978;109,2611;87,7852;;;;0,4335;0,4653;0,3536;30,935;31,5175;31,1875;56,0479;138,6802;37,271;6475,0;9025,0;4025,0
2003;3;0,38;116,3219;112,5683;93,2057;97,0388;98,0108;76,059;;;;0,4428;0,4835;0,3286;33,295;30,7175;31,8825;84,6906;186,2649;98,66;5275,0;4300,0;2400,0
2003;4;-0,01;119,8185;131,4172;99,2552;106,1514;98,2123;76,9441;;;;0,509;0,4445;0,3312;30,4875;30,175;31,825;96,9518;66,3088;31,52;1975,0;10200,0;1275,0
2003;5;-0,18;119,434;104,864;87,3562;102,619;67,5021;58,5073;;;;0,6079;0,357;0,3143;27,9675;30,12;31,605;140,8877;26,1497;51,56;1400,0;12125,0;600,0
2003;6;-0,13;137,0808;95,0396;92,4669;97,2216;47,2596;45,9064;;;;0,5998;0,2453;0,2676;26,0625;29,76;30,435;71,1988;1,1875;25,4;1700,0;19675,0;1150,0
2003;7;0,09;132,5619;79,232;84,5967;86,155;32,9614;37,6721;;;;0,5506;0,1562;0,2148;25,1225;29,665;30,745;89,8925;0,8473;26,59;1150,0;36725,0;2075,0
2003;8;0,14;139,4921;48,1191;66,4253;87,3522;28,217;32,6841;;;;0,5512;0,1227;0,1722;27,75;33,8775;34,0975;79,1887;17,6373;25,54;975,0;73750,0;4550,0
2003;9;0,23;149,3302;29,1111;55,0721;99,4373;26,1562;28,8681;;;;0,481;0,0999;0,1245;31,43;37,76;37,535;69,8455;10,4714;16,61;9150,0;292925,0;47450,0
2003;10;0,23;137,1428;43,445;48,5393;99,7416;36,6583;29,6139;;;;0,4488;0,1449;0,122;33,4675;38,41;39,7406;56,2465;34,6698;13,24;23500,0;155850,0;42400,0
2003;11;0,29;130,7578;69,218;60,1874;98,9406;69,4078;52,5669;;;;0,387;0,2712;0,1959;35,2295;36,07;36,9875;73,0;143,6092;84,48;4650,0;26325,0;5625,0
2003;12;0,29;103,0807;72,3686;44,1799;83,9692;70,07;42,186;;;;0,3707;0,3098;0,1787;33,605;33,8975;36,53;49,8188;128,5146;30,92;29075,0;15100,0;12925,0
2004;1;0,34;93,7921;93,2125;66,4326;84,7308;82,8518;67,9122;;;;0,5489;0,5044;0,4005;32,2206;31,4167;33,9033;239,3357;380,68;357,22;200,0;2675,0;925,0
2004;2;0,27;168,3671;140,3181;167,1746;128,5803;115,6979;130,8961;;;;0,5961;0,6366;0,5694;29,7575;29,1875;29,01;151,38;245,3;134,67;2150,0;350,0;625,0
2004;3;0,19;133,2363;138,3204;143,7385;115,0139;121,3091;123,3922;;;;0,6313;0,6124;0,5566;29,6375;28,3225;28,0325;231,27;236,0;125,06;2625,0;35625,0;3100,0
2004;4;0,1;138,4366;142,0457;135,8916;116,6995;117,3252;113,7547;;;;0,6402;0,5443;0,5011;27,7675;29,2625;28,7675;99,49;102,42;22,49;575,0;12900,0;1475,0
2004;5;0,12;133,3979;129,1688;119,7174;110,4857;90,7854;83,1108;;;;0,6571;0,4667;0,4194;26,1575;29,3675;28,7025;100,48;3,72;27,02;0,0;19575,0;750,0
2004;6;0,22;133,3626;111,8976;104,7571;98,4996;63,9678;58,5787;;;;0,6692;0,3591;0,3399;24,4875;28,3825;28,3475;91,0;2,079;19,75;0,0;16950,0;500,0
2004;7;0,39;143,4824;97,0129;97,3043;95,2101;44,9097;46,9683;;;;0,6386;0,2256;0,2684;23,4475;28,97;28,885;75,22;0,59;16,31;0,0;31950,0;1450,0
2004;8;0,54;159,9698;66,0485;76,2025;98,2636;32,862;36,0498;;;;0,5353;0,1396;0,1747;27,375;33,4725;32,5425;30,69;1,26;8,12;1075,0;135300,0;12050,0
2004;9;0,58;154,0969;34,4751;58,7777;87,0741;27,9592;27,8229;;;;0,4138;0,1046;0,1188;30,955;37,58;36,005;28,34;3,9;6,51;2350,0;421875,0;41525,0
2004;10;0,61;51,3046;55,5294;51,3046;93,594;46,3392;31,6299;;;;0,397;0,1781;0,1233;33,1675;38,6825;38,445;55,56;82,79;29,32;6000,0;230750,0;53775,0
2004;11;0,64;141,3101;71,0707;70,2317;112,7146;69,0695;58,5819;;;;0,4922;0,2894;0,2342;33,23;36,3225;36,92;165,42;135,48;120,27;5225,0;40750,0;26775,0
2004;12;0,71;144,3258;93,9069;83,0884;116,088;85,0778;76,9055;;;;0,4894;0,3816;0,3145;32,18;32,445;33,6125;56,99;114,36;31,33;4825,0;27625,0;7950,0
2005;1;0,62;136,8877;110,1789;82,7942;109,3852;100,6223;78,2909;;;;0,4721;0,4869;0,334;33,7767;31,5889;33,85;111,46;224,32;127,36;2850,0;1850,0;1375,0
2005;2;0,55;141,6261;145,5368;120,0845;125,7583;130,9748;109,5004;;;;0,5653;0,5808;0,4507;31,945;29,5632;31,0225;192,78;244,18;177,15;350,0;1000,0;0,0
2005;3;0,4;149,3445;129,5443;129,7523;131,0724;121,498;115,6864;;;;0,5529;0,6087;0,4814;29,4575;28,6764;30,1725;104,43;225,92;105,19;1325,0;9800,0;850,0
2005;4;0,37;144,6076;147,8111;137,8136;125,4794;120,0517;111,2318;;;;0,6242;0,5628;0,5135;27,2025;29,6115;29,1775;154,06;66,91;92,168;0,0;11275,0;1300,0
2005;5;0,27;137,6949;144,1535;136,0588;113,2676;96,7676;92,5621;;;;0,6521;0,5168;0,5006;25,895;27,6128;27,39;158,49;50,17;64,4;550,0;11275,0;750,0
2005;6;0,09;134,6585;125,1374;115,4485;104,5393;74,9312;68,3059;;;;0,6821;0,4181;0,392;24,3325;28,1414;28,0875;165,6;2,21;38,54;0,0;16925,0;2000,0
2005;7;-0,04;145,9437;111,3333;104,585;99,1113;50,7619;53,4464;;;;0,6212;0,2552;0,3017;24,6825;29,4397;29,25;65,81;1,1;24,01;25,0;26175,0;3325,0
2005;8;-0,14;152,3595;74,648;83,343;94,1148;36,979;40,545;;;;0,5514;0,154;0,2007;26,37;33,2095;32,6225;66,74;1,046;23,07;600,0;111050,0;8125,0
2005;9;-0,11;150,9853;41,4428;59,3145;90,8353;32,223;32,5388;;;;0,4991;0,1187;0,1377;29,565;36,5473;36,1275;39,19;32,5;10,48;1625,0;274850,0;29525,0
2005;10;-0,27;139,3113;29,6069;43,9978;100,9037;35,4898;27,5553;;;;0,3909;0,1272;0,1043;34,1825;39,9565;39,1975;14,9;23,4;9,22;26250,0;611200,0;161825,0
2005;11;-0,57;122,8057;84,7962;77,7954;104,4383;83,0978;65,5434;;;;0,5495;0,4421;0,2963;31,955;34,5168;36,0775;174,15;207,55;98,52;4375,0;58875,0;24275,0
2005;12;-0,82;136,6099;97,8882;109,805;107,3686;92,4415;92,23;;;;0,5586;0,5474;0,4417;31,0;30,1122;32,2275;138,59;290,9;101,73;900,0;8050,0;500,0
2006;1;-0,86;147,257;144,6607;105,7926;102,9188;104,6399;79,7711;;;;0,4695;0,4746;0,3402;30,2633;31,8467;32,43;30,9;54,81;10,42;2525,0;9950,0;3575,0
2006;2;-0,8;128,05;115,0736;81,3846;105,7895;108,258;69,3933;;;;0,4048;0,5263;0,277;32,5925;31,32;33,8775;35,24;157,68;80,27;9550,0;1475,0;4250,0
2006;3;-0,63;104,7889;122,5624;104,4751;101,3977;115,1178;92,1398;;;;0,5125;0,5828;0,4354;30,7;29,7175;30,6375;189,5;309,91;203,18;1450,0;75,0;425,0
2006;4;-0,45;121,5422;125,1128;129,1943;114,2929;112,4923;114,9309;;;;0,6662;0,644;0,6182;27,705;28,4917;27,0975;180,2;183,28;154,88;0,0;6275,0;0,0
2006;5;-0,19;142,5229;141,6278;144,5753;116,002;99,6477;103,6023;;;;0,6697;0,5593;0,5615;26,2075;28,105;27,7775;86,22;43,34;42,73;0,0;8825,0;500,0
2006;6;-0,05;131,9209;147,145;132,0064;93,8542;80,8551;70,9963;;;;0,6918;0,4604;0,4428;24,73;27,31;27,3725;122,46;2,34;36,69;0,0;12425,0;575,0
2006;7;0,12;152,0145;111,7837;113,7655;99,1435;54,7335;56,822;;;;0,6042;0,2845;0,316;24,8075;29,435;28,5125;37,38;0,3;17,22;1225,0;39350,0;2175,0
2006;8;0,33;156,428;84,0617;87,4526;97,3404;40,561;41,9257;;;;0,5181;0,1704;0,1981;27,6;33,37;32,455;39,79;1,21;11,57;2925,0;166675,0;10025,0
2006;9;0,54;154,0615;66,4684;70,9813;95,6483;45,0996;37,9193;;;;0,5133;0,1841;0,1644;30,52;36,5925;35,9725;58,14;25,64;18,09;800,0;209975,0;15175,0
2006;10;0,71;139,8648;88,4258;73,3461;105,087;73,0982;54,5513;;;;0,5786;0,3595;0,2413;30,7925;34,685;37,14;138,22;182,22;101,96;125,0;32550,0;20275,0
2006;11;0,88;155,2218;126,5548;112,4457;130,755;104,4787;100,718;;;;0,5838;0,4342;0,4082;28,635;33,445;32,4;185,45;166,49;120,7;250,0;7025,0;18525,0
2006;12;0,88;137,3948;108,3522;91,4765;121,5058;92,7861;83,503;;;;0,5648;0,4169;0,3571;30,265;31,855;33,2975;109,93;177,39;59,81;1775,0;36225,0;8700,0
2007;1;0,62;137,6504;101,0444;69,7334;111,888;95,4015;64,7018;;;;0,5098;0,4212;0,2708;30,65;31,88;33,6;42,45;81,71;27,99;2400,0;15425,0;9925,0
2007;2;0,19;123,7807;118,7659;85,9671;108,8386;111,3888;80,3509;;;;0,5239;0,548;0,3646;30,3125;30,15;30,85;271,97;284,28;286,11;75,0;3550,0;275,0
2007;3;-0,12;178,0709;156,5263;146,3102;135,1147;122,7179;114,5053;;;;0,5465;0,4883;0,458;27,795;29,8632;29,095;58,61;44,31;34,18;50,0;15350,0;1425,0
2007;4;-0,32;127,5115;107,0564;89,2494;120,3673;81,0018;80,2058;;;;0,5824;0,3564;0,3702;28,3375;30,7845;30,655;104,8;34,58;49,64;0,0;19350,0;175,0
2007;5;-0,34;136,3136;96,6767;95,4182;114,5752;57,4377;61,9692;;;;0,6739;0,2938;0,334;26,6125;31,0471;31,005;57,65;10,98;15,49;2200,0;32675,0;1725,0
2007;6;-0,41;126,4576;81,2682;88,3676;92,4408;38,606;44,0358;;;;0,567;0,2009;0,2585;25,35;30,05;29,66;29,68;1,23;16,28;2200,0;61300,0;1725,0
2007;7;-0,49;127,5693;64,7132;78,2778;83,6732;30,0971;36,5097;;;;0,5326;0,1428;0,2091;25,8075;31,5625;30,54;40,65;0,6;16,17;2300,0;220450,0;4850,0
2007;8;-0,77;138,1644;59,9435;77,0992;83,3612;26,125;33,0087;;;;0,5132;0,1137;0,1727;26,84;33,945;32,435;40,66;1,32;14,5;1025,0;683775,0;31950,0
2007;9;-1,05;145,5809;31,4346;61,1247;83,3698;21,0068;28,0513;;;;0,4041;0,0803;0,1205;29,545;38,2275;35,7925;50,09;2,36;15,51;5225,0;1139350,0;170300,0
2007;10;-1,38;131,4556;3,2345;34,8773;91,3974;15,4664;21,6876;;;;0,4093;0,0615;0,0905;33,9925;41,4375;39,565;44,52;32,8;11,3;60300,0;597500,0;177825,0
2007;11;-1,57;117,6799;42,7077;51,2243;92,7573;44,8071;41,0425;;;;0,3693;0,1754;0,1548;33,73;40,08;38,6125;107,35;106,27;82,88;32625,0;186575,0;161825,0
2007;12;-1,72;144,2071;100,3768;98,9644;105,1971;74,5594;72,7906;;;;0,4775;0,3293;0,3091;31,33;35,4425;33,23;108,86;148,66;89,95;1750,0;22375,0;7550,0
2008;1;-1,76;138,7391;100,2257;84,4671;103,3364;74,8807;67,7501;;;;0,4755;0,3616;0,2997;32,5233;34,05;34,3533;78,15;158,29;62,89;3900,0;5450,0;11900,0
2008;2;-1,61;141,4098;119,5114;97,4394;115,573;107,384;80,1431;;;;0,4728;0,511;0,3204;31,4725;31,475;33,2725;116,73;151,73;113,05;525,0;4125,0;1050,0
2008;3;-1,37;126,6353;128,8816;123,2533;121,6409;116,1646;102,857;;;;0,5349;0,6098;0,466;30,4575;29,835;31,2525;131,96;213,12;138,81;175,0;7150,0;975,0
2008;4;-1,05;130,3746;132,5148;139,5168;121,4581;110,9205;115,4064;;;;0,5646;0,5462;0,5463;29,41;28,8575;28,53;39,92;141,95;91,0;100,0;21675,0;1475,0
2008;5;-0,85;120,4909;125,8175;126,2727;99,4305;81,4013;85,7253;;;;0,5664;0,4316;0,4574;27,4325;29,2825;28,8425;33,62;11,07;25,91;2100,0;9525,0;350,0
2008;6;-0,56;125,1638;115,0649;111,4548;92,3796;57,7633;57,6367;;;;0,5821;0,3052;0,3248;25,4725;29,21;28,67;81,11;1,67;20,46;1200,0;18425,0;100,0
2008;7;-0,33;138,9429;93,8159;96,6761;89,4035;38,7735;43,7655;;;;0,5448;0,1873;0,2366;25,25;30,2675;29,2025;46,14;0,61;17,48;4425,0;43650,0;175,0
2008;8;-0,2;139,051;62,1248;73,6082;85,6731;29,8596;33,2073;;;;0,4556;0,1229;0,1597;28,095;33,9425;32,875;23,87;0,44;10,93;2575,0;115550,0;5475,0
2008;9;-0,25;130,074;22,2526;49,9948;81,7827;23,8105;27,1531;;;;0,4132;0,0889;0,1144;33,1325;38,5975;36,775;28,34;21,42;13,76;7600,0;264975,0;33100,0
2008;10;-0,36;129,2888;9,4492;37,3287;91,8709;20,0895;22,5086;;;;0,3575;0,0692;0,0864;35,0925;41,3125;39,85;14,5;8,94;5,55;17150,0;482075,0;193625,0
2008;11;-0,57;95,9705;72,4355;53,1494;87,8093;70,5249;45,9488;;;;0,5598;0,4721;0,2458;36,2675;35,0475;38,9525;136,04;211,36;69,84;24975,0;125250,0;230375,0
2008;12;-0,79;135,7687;104,7968;94,4898;101,6095;94,7593;76,7377;;;;0,5875;0,5499;0,3841;31,185;31,7125;32,2975;142,44;219,66;127,74;25,0;2775,0;625,0
2009;1;-0,89;147,6037;132,132;120,9374;116,3736;113,3023;97,8654;;;;0,5545;0,541;0,4152;28,6867;31,4467;32,59;102,95;155,47;92,06;675,0;0,0;6300,0
2009;2;-0,84;157,7448;150,2021;129,0292;121,1622;129,5828;98,9197;;;;0,4935;0,5786;0,3987;31,54;30,5625;31,6975;46,74;96,81;78,47;600,0;1300,0;975,0
2009;3;-0,63;117,1768;124,5187;111,0383;105,1837;113,3419;84,8531;;;;0,4565;0,5551;0,3717;32,54;30,86;32,385;91,73;107,15;88,2;2975,0;16800,0;1500,0
2009;4;-0,35;112,1125;105,9172;103,9932;108,6737;105,7303;94,879;;;;0,6312;0,6825;0,5201;28,9;29,075;29,73;210,59;237,23;181,11;125,0;3225,0;125,0
2009;5;0,03;131,3021;134,1444;130,6615;112,851;104,2519;99,6447;;;;0,7044;0,6336;0,6113;25,7;27,3775;27,3725;131,3;78,5;63,26;0,0;13725,0;2450,0
2009;6;0,34;134,4594;135,8706;128,7694;104,1344;91,9015;80,2598;;;;0,6782;0,5331;0,4647;24,95;28,045;27,84;65,08;26,55;24,19;0,0;11575,0;2625,0
2009;7;0,5;152,0938;129,2052;110,506;105,1552;69,8849;56,7781;;;;0,6194;0,3575;0,3076;25,4125;30,57;30,0375;50,4;0,72;17,13;925,0;18525,0;500,0
2009;8;0,56;150,0208;101,8558;85,9998;98,1063;51,4736;42,0878;;;;0,538;0,2258;0,2076;27,94;33,705;33,2475;66,2;2,88;17,44;275,0;38700,0;1725,0
2009;9;0,66;150,1514;64,5458;56,9216;103,5662;43,9113;31,2976;;;;0,4463;0,1664;0,1274;31,28;37,65;37,74;26,89;19,31;6,42;2150,0;206550,0;43600,0
2009;10;0,92;123,8425;81,0363;80,6016;104,0388;79,4636;67,4409;;;;0,5407;0,5014;0,3318;32,35;32,975;34,7525;172,55;233,78;168,21;1150,0;42775,0;11550,0
2009;11;1,31;154,378;136,6081;106,8245;118,088;111,9081;84,3496;;;;0,4538;0,4491;0,319;32,5475;33,47;34,4125;34,16;115,54;20,29;7075,0;9525,0;5200,0
2009;12;1,5;111,0888;116,4427;80,5911;93,1908;103,3936;72,564;;;;0,4346;0,5319;0,3452;33,23;31,7675;34,0725;49,26;218,01;84,95;8075,0;8000,0;425,0
2010;1;1,47;119,3985;140,445;108,4332;93,8757;119,3019;89,0932;;;;0,4322;0,5678;0,4209;32,5967;30,5433;30,74;37,58;122,67;55,44;11125,0;5650,0;1075,0
2010;2;1,21;114,4203;143,4659;88,3058;91,365;124,5836;71,5093;;;;0,4211;0,5156;0,2979;33,84;31,1125;33,8825;57,52;81,77;38,35;6175,0;9200,0;1125,0
2010;3;0,88;110,8056;133,6523;106,6179;116,9604;130,5799;98,4725;;;;0,5609;0,6159;0,4376;31,445;30,4775;31,92;200,45;212,13;134,39;425,0;11550,0;0,0
2010;4;0,38;139,4158;149,0787;129,9455;126,7151;120,6549;106,9301;;;;0,6304;0,5538;0,4922;27,7525;29,935;29,1125;175,53;95,68;121,28;0,0;25150,0;675,0
2010;5;-0,16;127,7028;123,2841;105,3272;114,907;95,5945;74,7619;;;;0,638;0,493;0,3676;27,42;30,595;30,8425;56,09;25,42;12,94;0,0;10775,0;200,0
2010;6;-0,66;132,278;122,3063;95,4798;97,5957;65,9847;50,3384;;;;0,6093;0,357;0,2901;26,1625;29,7475;29,95;30,41;0,5;18,96;975,0;23675,0;1425,0
2010;7;-0,98;133,8174;105,9176;90,2814;90,5718;50,134;43,9183;;;;0,6018;0,2563;0,2509;24,53;30,1625;29,8475;116,5;3,06;46,03;575,0;91275,0;2775,0
2010;8;-1,24;145,5178;84,3884;84,5552;90,4319;36,0586;38,7393;;;;0,507;0,1546;0,1897;27,1675;33,4725;32,22;40,47;0,87;13,17;575,0;391300,0;12900,0
2010;9;-1,43;144,3295;51,4466;61,5149;89,409;30,0164;30,8195;;;;0,437;0,1148;0,1318;30,6575;38,5375;36,7975;33,36;11,53;10,96;4075,0;866250,0;49650,0
2010;10;-1,54;130,2439;61,2267;60,5541;97,9134;60,5636;44,7698;;;;0,4512;0,2871;0,186;33,9125;37,6425;37,3975;68,21;133,49;67,94;2500,0;410050,0;133975,0
2010;11;-1,57;127,528;97,6297;78,6737;106,3315;94,5867;68,5884;;;;0,5125;0,4851;0,3004;31,11;34,43;35,4425;153,84;199,12;66,9;925,0;41900,0;9175,0
2010;12;-1,48;121,2301;109,2134;105,381;105,6138;98,3968;92,0671;;;;0,5253;0,5411;0,4473;31,27;32,3775;32,34;121,55;206,54;155,03;800,0;28475,0;2450,0
2011;1;-1,29;132,4358;132,3475;122,9812;108,0986;115,5596;101,2813;;;;0,5244;0,6195;0,4631;30,5233;30,9167;30,6933;80,36;196,15;76,1;1000,0;3775,0;2875,0
2011;2;-1,06;146,2805;136,5406;120,5256;114,5106;128,7376;89,5532;;;;0,4793;0,6267;0,418;30,8175;30,2475;31,2375;39,47;180,37;86,45;1950,0;3050,0;1600,0
2011;3;-0,85;113,1684;118,5277;118,116;111,723;119,6243;103,4579;;;;0,5537;0,7;0,5198;31,145;28,53;29,555;155,55;247,94;162,56;275,0;2250,0;1700,0
2011;4;-0,68;145,6617;158,0101;147,5885;128,9854;132,5735;114,3672;;;;0,6181;0,6304;0,4947;27,6375;28,68;28,7675;179,32;75,79;57,34;175,0;63375,0;250,0
2011;5;-0,5;141,0111;145,4403;119,6309;113,2635;102,2281;77,1837;;;;0,6789;0,5632;0,444;25,3275;29,2775;28,9375;71,12;15,64;24,3;75,0;21050,0;625,0
2011;6;-0,34;130,5881;125,118;99,4911;100,5836;76,745;52,8032;;;;0,6307;0,4309;0,2959;25,3125;29,6775;30,0325;37,92;0,87;11,34;875,0;29425,0;225,0
2011;7;-0,37;132,6612;111,0923;82,4741;89,1293;53,138;37,3944;;;;0,5503;0,2703;0,2033;25,7925;30,985;30,6975;33,42;0,58;14,26;1350,0;50250,0;2400,0
2011;8;-0,5;148,1829;86,1671;69,5393;92,3021;39,1609;30,2845;;;;0,4825;0,165;0,1416;27,735;34,7025;33,4175;21,15;0,5;8,59;5025,0;172925,0;11025,0
2011;9;-0,76;136,7715;57,5096;56,0459;81,3218;34,1391;25,8595;;;;0,4302;0,1376;0,1136;31,3125;38,0325;36,075;20,81;1,8;6,21;13450,0;876400,0;96525,0
2011;10;-0,94;130,0654;88,4844;74,1519;87,6522;79,7679;52,7187;;;;0,5419;0,3981;0,2485;33,035;36,2325;36,63;93,22;145,6;63,91;275,0;109250,0;24225,0
2011;11;-1,02;147,7614;118,954;108,561;106,0848;108,0219;86,0678;;;;0,5847;0,5654;0,3872;30,2875;32,29;33,255;165,21;216,58;91,69;225,0;22200,0;2350,0
2011;12;-0,92;138,7876;125,3541;105,7412;105,672;108,3052;82,5718;;;;0,5548;0,55;0,3735;30,675;31,7875;33,68;142,22;235,44;83,98;350,0;1775,0;4950,0
2012;1;-0,71;132,5033;112,1602;83,5427;96,8113;99,7226;64,5227;;;;0,5036;0,5791;0,306;29,1133;29,5567;31,9233;49,9;190,0;37,42;975,0;6450,0;7250,0
2012;2;-0,56;149,0359;130,4423;94,8272;105,4396;116,9963;66,5937;;;;0,4482;0,5625;0,2968;31,46;30,34;31,9733;57,6;87,52;66,88;3125,0;9950,0;1150,0
2012;3;-0,44;133,7942;123,1085;78,0785;105,5217;101,473;54,6249;;;;0,4322;0,4531;0,2119;32,475;31,995;35,0567;34,08;78,01;20,36;1675,0;34600,0;5675,0
2012;4;-0,35;119,692;110,5091;53,6223;94,6783;83,4711;38,0527;;;;0,4351;0,3611;0,1581;31,29;32,655;34,8467;12,26;24,13;4,64;3000,0;16200,0;3200,0
2012;5;-0,18;109,6644;94,2707;54,2751;85,2216;61,7045;31,3814;;;;0,5171;0,3158;0,1621;28,2;31,29;32,9133;81,97;21,19;20,75;575,0;32850,0;2700,0
2012;6;0,03;119,6093;83,2645;59,6331;87,778;42,6268;28,2934;;;;0,5539;0,2125;0,1621;26,4075;31,4275;31,7067;53,21;1,48;13,17;2125,0;33325,0;125,0
2012;7;0,28;130,6114;71,4069;65,3894;88,6466;30,5545;26,9379;;;;0,5371;0,1413;0,1488;25,2675;31,9025;31,87;46,74;0,56;12,67;2675,0;136450,0;2525,0
2012;8;0,39;139,7119;61,6063;64,3662;87,4194;25,6223;26,2507;;;;0,4754;0,1052;0,1291;26,5275;34,315;33,27;91,18;1,05;19,76;300,0;311000,0;8775,0
2012;9;0,37;141,9916;21,8017;47,3868;89,9004;17,1771;21,6633;;;;0,4306;0,0629;0,0916;31,2325;39,4025;38,05;22,62;3,32;3,84;4075,0;1291775,0;114075,0
2012;10;0,28;119,9172;28,9739;34,4619;90,1293;30,7225;24,2815;;;;0,4162;0,1221;0,1028;35,06;43,025;41,8367;54,14;27,03;13,99;7650,0;369975,0;109400,0
2012;11;0,13;133,7942;85,7348;83,3726;103,8811;82,4958;65,7088;;;;0,5126;0,5568;0,3255;32,045;34,9425;34,9267;195,41;331,54;158,31;850,0;26075,0;8775,0
2012;12;-0,03;132,9831;113,2944;89,9553;105,8971;86,2964;66,1741;;;;0,4155;0,366;0,2674;33,2625;36,2325;36,2967;7,1;56,38;16,43;5975,0;21650,0;29650,0
2013;1;-0,24;114,9082;103,3536;72,9151;90,3613;86,6894;58,9357;;;;0,4504;0,4872;0,2866;32,3333;32,4167;35,6733;122,11;310,51;139,27;4525,0;1800,0;4450,0
2013;2;-0,28;143,6344;157,8855;117,632;110,4645;132,5904;82,8561;;;;0,4466;0,5326;0,3149;32,2075;31,8975;33,555;44,44;56,14;11,88;5525,0;13500,0;2125,0
2013;3;-0,23;122,3324;116,5268;72,4323;101,9256;108,1318;56,174;;;;0,4173;0,4738;0,222;34,09;32,3025;35,3075;27,18;145,22;42,95;10925,0;13100,0;4550,0
2013;4;-0,2;115,6472;124,3222;79,4457;102,929;105,7708;63,2881;;;;0,543;0,5206;0,2989;29,54;30,36;31,75;87,58;110,16;55,83;1225,0;5475,0;425,0
2013;5;-0,3;133,0986;120,7658;85,3722;112,3926;81,2044;53,04;;;;0,6111;0,4059;0,2807;27,0725;31,3375;32,005;49,56;9,77;15,44;2000,0;4675,0;275,0
2013;6;-0,38;129,118;98,0369;77,1762;101,4119;61,1562;40,6858;;;;0,6393;0,3272;0,2314;25,785;30,8475;31,84;94,19;7,05;22,54;1725,0;17475,0;850,0
2013;7;-0,45;136,4032;83,2389;73,2263;98,9446;40,5365;35,7336;;;;0,6007;0,1952;0,1987;25,8925;32,125;32,12;99,58;1,0;33,14;4275,0;19450,0;1700,0
2013;8;-0,34;147,1414;65,3884;68,8053;99,0186;31,7046;33,7944;;;;0,5608;0,1343;0,1681;27,55;34,5625;34,3425;99,93;0,85;20,19;900,0;42225,0;1100,0
2013;9;-0,32;147,4729;32,7447;47,9365;101,8542;25,3317;25,415;;;;0,4733;0,0967;0,1068;30,3225;39,5425;38,16;76,44;7,3;12,47;4025,0;145950,0;47275,0
2013;10;-0,14;142,8279;64,9054;52,3527;103,5059;49,7323;31,6534;;;;0,4805;0,2094;0,1304;30,9475;38,4975;38,69;97,06;73,84;39,92;3250,0;117200,0;27900,0
2013;11;-0,12;140,9087;91,173;60,8125;115,9329;80,4867;48,5902;;;;0,4862;0,3498;0,2064;32,43;35,8575;37,05;138,52;184,23;92,14;325,0;7775,0;3400,0
2013;12;-0,11;100,8188;93,2522;75,8736;100,6753;91,7319;74,1385;;;;0,6087;0,6239;0,4414;31,7475;32,3625;34,0675;209,16;331,66;217,16;75,0;1675,0;200,0
2014;1;-0,24;167,0104;139,3065;134,6564;124,3078;112,3337;96,7676;;;;0,5685;0,5502;0,4331;30,5833;32,9233;31,9667;56,71;59,63;14,74;375,0;3575,0;800,0
2014;2;-0,21;175,8002;144,7045;126,2668;126,0371;117,7625;82,1971;;;;0,5186;0,5668;0,3544;29,9825;30,805;32,6475;81,6;104,01;54,72;150,0;2425,0;50,0
2014;3;-0,02;147,848;133,1874;115,9464;111,0503;124,182;82,6051;;;;0,548;0,634;0,3871;29,6225;30,5525;32,0875;109,0;159,9;67,33;225,0;10125,0;350,0
2014;4;0,25;129,0555;138,7966;108,9511;115,1318;118,1395;83,6051;;;;0,5307;0,5499;0,3781;28,86;30,3425;31,5425;54,74;96,42;90,61;575,0;13725,0;400,0
2014;5;0,35;127,0025;140,9309;110,2552;105,7208;99,7584;68,3022;;;;0,5761;0,5089;0,3462;27,4425;29,8225;30,4475;65,85;19,86;29,9;3525,0;3900,0;225,0
2014;6;0,22;123,0385;117,1547;88,9482;92,8232;68,3591;46,1363;;;;0,6172;0,3687;0,2592;25,76;30,0725;30,59;100,21;2,33;16,83;725,0;11250,0;100,0
2014;7;0,07;130,0969;95,4317;77,0165;91,3311;50,2398;38,4097;;;;0,6006;0,265;0,2229;25,4925;30,8725;31,3575;122,74;0,28;32,73;0,0;14525,0;1100,0
2014;8;0,07;148,8024;72,2344;70,5578;95,7068;32,1696;33,5715;;;;0,5007;0,1334;0,1577;27,5225;35,22;33,7;40,13;0,36;11,64;500,0;39350,0;5475,0
2014;9;0,24;134,2692;52,9397;58,0798;86,0067;28,4477;27,2041;;;;0,4219;0,1042;0,1136;31,2025;39,12;37,4675;36,28;6,41;13,52;13400,0;256650,0;296550,0
2014;10;0,51;131,9059;49,8635;47,4185;86,8816;39,3257;27,0043;;;;0,4197;0,155;0,1107;33,695;40,87;39,86;93,47;65,16;33,71;12250,0;456450,0;31350,0
2014;11;0,7;139,9586;97,0813;96,9173;107,2122;88,0092;73,1901;;;;0,5427;0,4613;0,3399;32,9425;35,115;34,65;145,76;218,17;140,96;1325,0;45825,0;2325,0
2014;12;0,8;142,2141;114,0495;110,7855;107,6334;94,6158;82,0148;;;;0,5212;0,5225;0,396;30,875;33,5475;32,295;148,52;202,25;120,86;1500,0;36450,0;10000,0
2015;1;0,73;142,7573;134,9265;102,3724;106,9914;100,3992;81,3153;;;;0,453;0,4271;0,3415;31,7586;34,5933;33,4233;33,18;74,71;19,55;2225,0;16500,0;4025,0
2015;2;0,65;125,4871;128,8965;96,1016;102,1238;117,4179;80,1386;;;;0,4416;0,5452;0,3536;31,5175;31,6675;33,9825;120,37;155,8;115,6;1375,0;3400,0;100,0
2015;3;0,72;116,1842;128,2967;102,8296;109,8127;119,7536;80,8326;;;;0,4825;0,5704;0,3448;30,6225;31,04;32,9175;70,54;134,56;44,35;2025,0;8775,0;125,0
2015;4;0,86;104,7385;116,6306;88,4401;106,5331;108,8859;74,7948;;;;0,535;0,5469;0,3482;30,645;30,1878;33,0225;91,95;216,52;107,09;1025,0;9675,0;0,0
2015;5;1,04;121,0026;143,1704;107,581;102,6835;104,8839;72,3203;;;;0,6481;0,5534;0,3946;26,8775;29,2975;30,29;134,36;22,35;43,31;2825,0;6750,0;1350,0
2015;6;1,19;122,9391;122,178;92,4812;102,5137;75,7157;54,1759;;;;0,6674;0,4315;0,3407;25,185;29,7975;30,34;166,74;1,58;41,79;1925,0;9200,0;525,0
2015;7;1,44;136,122;99,1457;85,5256;98,6724;50,8106;43,6724;;;;0,628;0,2664;0,2508;25,2125;31,3825;31,49;76,51;0,59;26,82;900,0;20525,0;825,0
2015;8;1,73;150,4823;72,2481;71,3619;103,1437;32,9872;35,4032;;;;0,5411;0,1385;0,1657;27,2475;35,3875;33,89;68,7;0,64;22,62;2300,0;42600,0;18550,0
2015;9;2,02;142,5295;23,8423;44,7265;102,2962;21,0782;25,0622;;;;0,4249;0,0765;0,1005;33,4625;41,6225;39,15;17,49;2,43;4,48;13400,0;529975,0;296550,0
2015;10;2,28;124,4155;27,6535;35,2638;94,7003;27,9194;22,6336;;;;0,36;0,1013;0,085;36,2425;43,46;41,495;23,22;36,0;12,76;20275,0;538675,0;142075,0
2015;11;2,45;89,4041;62,2044;35,1692;93,1407;66,1495;32,6484;;;;0,3774;0,3074;0,133;37,2975;39,4775;41,1175;34,93;136,83;47,32;23875,0;96700,0;44050,0
2015;12;2,59;94,9355;68,4525;39,2165;81,1255;57,1991;33,2098;;;;0,3415;0,2414;0,1362;36,595;37,61;38,955;18,35;40,62;11,29;65850,0;66400,0;37200,0
2016;1;2,5;79,1786;77,0069;63,7633;80,559;77,631;62,2706;;;;0,4843;0,5609;0,3917;33,5167;30,54;33,62;254,78;488,67;391,06;3550,0;10100,0;1925,0
2016;2;2,21;149,1057;166,4037;157,9442;125,6449;131,4216;119,5707;;;;0,4755;0,5094;0,4613;29,9075;31,895;31,1975;27,26;37,41;26,02;5375,0;5525,0;525,0
2016;3;1,69;121,389;120,1762;103,8888;100,5753;106,7799;87,3378;;;;0,411;0,4192;0,3408;32,6975;32,865;32,7975;35,97;73,77;13,15;1050,0;6475,0;0,0
2016;4;1,11;106,074;86,9912;74,5405;91,1215;71,7632;60,0239;;;;0,4217;0,3111;0,2635;32,0775;33,1675;32,9325;33,95;9,49;9,83;1525,0;15675,0;1150,0
2016;5;0,57;99,7671;69,3422;62,9337;84,9908;49,4358;44,6692;;;;0,4865;0,2395;0,2266;30,65;32,84;32,315;58,88;2,49;23,93;3400,0;5500,0;0,0
2016;6;0,09;99,0292;68,4483;69,5611;81,7736;39,3956;40,3299;;;;0,5257;0,1996;0,2216;27,8275;31,3225;31,05;52,39;4,38;14,14;975,0;19475,0;100,0
2016;7;-0,19;127,4579;64,2507;75,075;87,917;29,4594;34,7738;;;;0,5508;0,1371;0,1839;26,99;32,9125;31,55;58,05;0,42;9,96;125,0;15725,0;850,0
2016;8;-0,34;135,9674;37,3717;59,15;88,0955;22,1237;28,9743;;;;0,4897;0,09;0,1377;29,215;36,63;34,6825;59,02;1,5;15,52;325,0;51550,0;17200,0
2016;9;-0,42;133,1877;29,67;49,5285;87,4569;26,5393;27,818;;;;0,4468;0,1075;0,1207;33,27;39,15;37,7975;55,63;25,89;18,96;900,0;138075,0;43350,0
2016;10;-0,51;143,8056;49,2274;57,13;103,3198;41,1904;35,3246;;;;0,4427;0,1515;0,1372;31,7025;39,995;38,775;111,07;22,27;39,18;625,0;50450,0;23950,0
2016;11;-0,49;121,8979;95,0034;80,182;108,917;89,0595;67,1872;;;;0,5224;0,4493;0,3029;33,54;35,885;36,96;150,81;154,85;93,28;625,0;50725,0;23950,0
2016;12;-0,37;125,1807;119,0027;92,3697;108,8797;93,9744;68,1944;;;;0,4934;0,4468;0,2972;32,1775;33,1075;34,0875;73,2;110,93;47,09;950,0;9300,0;3500,0
2017;1;-0,08;131,0244;102,5982;73,998;102,153;87,5746;54,1576;;;;0,4213;0,3915;0,2221;33,6733;34,5133;35,94;14,29;88,11;17,97;975,0;2250,0;5200,0
2017;2;0,08;124,3516;129,8955;80,5772;89,1826;118,7085;60,5446;;;;0,4186;0,6064;0,2839;30,6175;30,295;33,9375;109,14;214,83;80,43;25,0;2275,0;75,0
2017;3;0,27;110,5155;132,4033;88,6326;100,92;116,8571;64,159;;;;0,4401;0,5374;0,2727;32,07;31,605;34,8125;121,81;140,19;72,62;0,0;17450,0;1450,0
2017;4;0,32;129,8028;140,801;100,5546;114,5805;113,1994;72,0903;;;;0,5362;0,5039;0,3227;28,7;30,8125;31,7525;102,68;56,69;52,54;0,0;5725,0;300,0
2017;5;0,35;126,4993;120,766;82,0971;114,8933;78,5971;50,9468;;;;0,6209;0,3795;0,2557;27,2075;31,53;32,6625;93,53;15,53;27,23;0,0;10675,0;475,0
2017;6;0,32;127,4372;98,1813;77,1314;101,5652;48,0004;37,4143;;;;0,6099;0,2384;0,2194;25,8725;31,03;31,6075;91,68;1,11;25,19;0,0;7125,0;0,0
2017;7;0,14;127,0809;95,8861;80,7345;88,1033;36,0696;34,1794;;;;0,5932;0,1772;0,1961;23,6825;30,215;30,195;117,86;2,4;34,12;675,0;6700,0;1550,0
2017;8;-0,07;149,1892;54,0188;63,8143;97,1595;24,8205;28,1127;;;;0,5236;0,1012;0,1381;26,325;35,96;34,59;38,85;0,46;7,64;1825,0;60275,0;7650,0
2017;9;-0,23;145,0406;42,4512;62,0599;90,5776;22,6191;26,8421;;;;0,4771;0,0848;0,1219;29,1425;39,2225;37,4125;74,5;4,4;36,63;10625,0;109250,0;33275,0
2017;10;-0,44;131,0576;19,862;42,6394;96,7302;28,0835;27,5421;;;;0,4381;0,1131;0,1137;32,8725;41,7275;39,935;19,0;23,47;9,95;1550,0;299000,0;76225,0
2017;11;-0,61;121,3256;92,6114;73,6934;107,5246;79,4816;57,585;;;;0,5035;0,4201;0,2543;32,2825;35,655;37,255;111,86;150,63;82,51;650,0;16800,0;4475,0
2017;12;-0,76;120,5378;108,6846;82,2269;104,7735;91,872;64,6049;;;;0,5374;0,4941;0,3016;30,8075;33,4925;34,77;141,9;156,77;83,01;25,0;12400,0;1550,0
2018;1;-0,71;147,9492;128,9372;77,9109;114,7907;105,092;60,4355;;;;0,4647;0,4587;0,2477;31,8233;29,79;34,63;51,88;131,57;61,01;1400,0;25,0;0,0
2018;2;-0,67;132,6036;140,5314;106,6119;113,3054;124,7567;81,035;;;;0,4987;0,5967;0,3747;30,7075;29,2525;31,72;116,02;247,73;132,04;3075,0;8775,0;0,0
2018;3;-0,55;128,7107;141,6083;131,4366;118,7692;126,1787;106,8127;;;;0,5488;0,5988;0,4841;30,2075;29,965;30,54;115,23;170,84;113,31;1225,0;24850,0;0,0
2018;4;-0,35;142,1788;147,4862;133,6062;109,6123;121,0768;91,7534;;;;0,5916;0,6068;0,4456;27,1475;29,525;29,6725;114,8;70,22;40,46;800,0;4275,0;325,0
2018;5;-0,07;138,5633;147,4493;108,583;112,9583;89,6508;62,1336;;;;0,6382;0,4558;0,3237;26,3125;30,5675;31,075;104,09;3,71;26,92;0,0;1575,0;800,0
2018;6;0,13;131,0922;118,8473;91,2363;100,6346;62,6245;44,9239;;;;0,6436;0,3415;0,2631;25,3325;30,53;30,725;93,62;2,17;30,03;0,0;6500,0;1175,0
2018;7;0,2;145,2983;95,9093;76,0308;99,9159;40,7077;31,4358;;;;0,5796;0,2018;0,1694;25,2775;32,0625;31,8;43,24;0,21;6,02;1300,0;5575,0;1150,0
2018;8;0,3;133,9301;65,5493;55,3436;91,8734;34,5544;25,9797;;;;0,5051;0,1497;0,1225;28,3875;35,5425;35,0225;36,26;8,14;8,15;475,0;23475,0;8700,0
2018;9;0,52;135,6918;31,3004;40,7598;91,1899;25,6715;21,4085;;;;0,4162;0,0946;0,0874;32,95;39,645;38,2075;24,68;4,0;4,42;10625,0;111525,0;33275,0
2018;10;0,82;103,2792;53,8714;40,9851;86,2347;58,5974;32,506;;;;0,4395;0,2903;0,1403;35,4025;38,1725;40,145;61,27;102,44;41,97;10525,0;116900,0;28375,0
2018;11;1,04;120,4506;110,4182;78,2676;98,5873;100,0476;64,699;;;;0,5599;0,522;0,3151;28,945;31,865;34,075;148,58;204,89;66,62;475,0;17775,0;2025,0
2018;12;1,05;125,0924;117,1912;106,019;113,5248;102,3284;85,7304;;;;0,5481;0,5132;0,3994;30,275;31,22;32,2625;165,84;166,63;137,19;325,0;23300,0;325,0
2019;1;0,99;136,4056;125,3466;85,6406;105,6363;109,4267;69,1896;;;;0,4461;0,4986;0,2954;31,3233;32,2867;33,8433;14,62;37,62;12,86;1125,0;7500,0;3275,0
2019;2;0,94;115,0487;131,2083;78,5975;102,7022;119,5785;66,3935;;;;0,3904;0,5077;0,2693;33,19;32,135;34,01;42,49;143,55;87,54;8525,0;2900,0;1375,0
2019;3;0,87;90,2379;125,0221;92,961;96,7154;125,3205;81,3743;;;;0,4403;0,605;0,3476;32,285;30,11;32,8125;128,65;239,46;145,1;11550,0;8550,0;525,0
2019;4;0,82;137,7237;144,7827;131,9038;128,3307;122,8975;104,7013;;;;0,6102;0,5659;0,4726;30,0025;32,5;32,5225;102,96;101,13;80,47;375,0;11000,0;575,0
2019;5;0,71;126,2976;137,9319;105,4581;124,7716;99,5508;71,9936;;;;0,6486;0,4924;0,3582;27,8375;30,91;31,73;58,75;35,67;21,55;1475,0;6000,0;600,0
2019;6;0,59;125,2465;127,3459;96,8487;100,3922;68,9171;49,7532;;;;0,6189;0,3724;0,2851;26,14;30,02;30,775;86,22;1,14;33,97;1325,0;4650,0;1650,0
2019;7;0,38;127,589;98,8926;82,9095;95,729;45,4329;40,6749;;;;0,5794;0,2255;0,2174;25,7925;31,6425;31,47;74,23;0,68;27,66;25,0;17150,0;1325,0
2019;8;0,2;151,0641;78,7859;75,6399;98,3565;37,2275;35,981;;;;0,5689;0,1623;0,1788;27,0675;34,7325;33,795;81,17;1,96;23,01;475,0;58150,0;5125,0
2019;9;0,31;152,2699;44,541;55,2345;102,0928;29,22;29,533;;;;0,4865;0,11;0,1222;30,815;39,405;38,0175;56,61;12,67;17,95;1525,0;202575,0;13875,0
2019;10;0,51;132,7383;43,9185;41,3117;105,5866;38,937;28,3429;;;;0,4122;0,1445;0,1085;34,4225;41,235;40,12;46,38;46,38;25,73;9275,0;136550,0;38025,0
2019;11;0,72;117,9688;73,2782;47,8289;109,0742;73,4773;38,2022;;;;0,4348;0,3358;0,1501;35,325;37,3325;40,22;65,18;124,19;44,38;17675,0;57750,0;24575,0
2019;12;0,75;120,8789;82,2756;45,7696;100,884;71,4775;35,8917;;;;0,424;0,3148;0,1488;31,9325;35,245;37,5075;62,39;77,59;34,49;2325,0;39400,0;2800,0
2020;1;0,71;111,0858;111,2765;79,4768;104,666;99,2223;69,6754;;;;0,4973;0,4898;0,3366;30,7623;30,7299;32,4686;148,28;280,53;178,62;2250,0;575,0;675,0
2020;2;0,66;133,7453;133,0095;130,1509;122,7901;131,5151;113,3124;;;;0,5262;0,6111;0,4933;30,1786;29,9778;30,6453;36,5;178,04;69,42;5475,0;1200,0;475,0
2020;3;0,57;112,4126;116,3626;113,5891;111,9528;111,2883;107,0226;;;;0,5766;0,668;0,5419;28,1661;27,1946;28,8436;194,14;272,44;196,88;550,0;53275,0;400,0
2020;4;0,33;138,2367;135,7853;142,7156;129,1812;126,9372;124,231;;;;0,6429;0,6354;0,5809;27,507;28,787;27,8539;117,81;139,4;118,01;0,0;18575,0;250,0
2020;5;0,04;133,649;145,4399;139,7726;118,0698;113,4881;109,8841;;;;0,71;0,6143;0,5969;25,2283;28,3633;26,8852;105,52;25,53;48,39;0,0;11500,0;625,0
2020;6;-0,18;140,8681;151,0899;138,3108;113,6095;92,9946;83,9102;;;;0,6836;0,5127;0,4662;24,5562;28,3199;26,7508;75,66;2,39;37,16;3025,0;13250,0;475,0
2020;7;-0,29;153,6151;129,2939;115,4155;107,949;65,1842;59,3676;;;;0,6412;0,3488;0,3245;23,8869;29,5758;27,3601;57,78;1,43;32,56;2450,0;14775,0;2875,0
2020;8;-0,43;159,6761;100,5396;94,5333;101,378;48,1832;45,7731;;;;0,5903;0,2123;0,2417;24,362;33,7188;30,276;59,25;0,97;18,03;1550,0;48775,0;4600,0
2020;9;-0,77;162,2092;56,3721;66,43;106,0455;34,5903;35,5643;;;;0,4554;0,1289;0,1448;28,2433;38,956;35,1168;24,51;3,85;11,18;2375,0;120675,0;40075,0
2020;10;-1,0;112,9258;58,9616;49,2273;103,4466;61,3107;46,6373;;;;0,5371;0,3037;0,2034;29,9477;38,2976;37,27;124,2;92,51;61,09;8125,0;435650,0;126825,0
2020;11;-1,11;157,8882;119,4073;115,3222;126,6256;104,2947;105,0317;;;;0,5596;0,4478;0,4205;28,5691;33,3863;30,6518;150,66;187,14;148,1;0,0;28075,0;250,0
2020;12;-1,06;159,3101;118,4076;91,9;128,2745;101,6237;90,4472;;;;0,5018;0,4142;0,3455;29,3029;34,2309;32,2874;22,49;102,44;13,06;275,0;10475,0;4600,0
2021;1;-0,99;143,7253;129,5735;75,4736;103,5387;103,3085;69,2335;224,637;222,207;228,8373;0,4609;0,4649;0,3025;29,6128;31,8383;32,8956;53,4475;118,2898;50,5572;1325,0;2925,0;5500,0
2021;2;-0,85;122,0704;127,3835;86,4771;105,3506;113,7485;78,3583;212,0784;201,5446;218,2045;0,4968;0,5644;0,3591;29,9363;29,8852;32,572;78,3479;249,5516;116,3057;1350,0;6700,0;250,0
2021;3;-0,74;130,9141;131,3536;94,4134;108,4047;105,4638;77,3637;231,6974;215,4323;239,4985;0,4679;0,4895;0,323;30,6918;29,9928;32,4448;26,4486;57,0582;18,6199;6725,0;28375,0;3750,0
2021;4;-0,56;116,2416;105,6911;85,7869;102,83;89,0662;68,4636;186,9418;186,6316;198,1459;0,5501;0,4772;0,3455;29,6059;30,5203;31,6728;108,9475;129,1754;98,4167;2825,0;15850,0;1300,0
2021;5;-0,4;121,9457;110,7702;92,6354;98,6442;66,493;61,5861;162,5002;182,373;184,9377;0,607;0,3646;0,333;26,942;30,0625;29,9117;27,1104;0,8986;14,8572;2400,0;7400,0;3800,0
2021;6;-0,31;116,521;92,4194;78,3024;82,7885;47,39;40,8817;143,325;179,1035;175,9965;0,5776;0,2646;0,2323;24,5776;30,111;29,4558;43,7192;1,3549;12,5886;1425,0;15625,0;3675,0
2021;7;-0,35;120,9511;79,0526;76,6207;77,0612;33,3662;36,0781;144,5529;196,481;183,9987;0,5331;0,1698;0,1961;25,9046;31,1998;29,9948;57,0022;0,6984;28,4764;2225,0;25750,0;8975,0
2021;8;-0,46;132,0246;63,4821;72,9987;79,9077;28,2425;32,559;167,8834;222,9235;210,0499;0,476;0,1267;0,155;25,6444;34,503;32,0849;42,7344;1,2133;16,038;875,0;163175,0;24900,0
2021;9;-0,64;127,3496;6,914;42,4019;88,4653;15,9752;23,944;213,039;262,5397;246,6504;0,4153;0,0608;0,0971;30,6773;40,7382;37,5579;32,5672;4,1192;3,1363;7200,0;741000,0;223350,0
2021;10;-0,77;111,4732;46,8447;44,8707;96,8221;46,0221;38,6939;201,3508;214,5536;226,2289;0,4809;0,2145;0,171;30,312;38,8749;38,3254;90,3669;96,5092;71,8032;11325,0;283550,0;238025,0
2021;11;-0,91;139,1046;112,4123;111,284;125,8333;104,5195;98,1988;206,4592;193,8349;219,623;0,6095;0,5392;0,4471;28,7671;33,1292;31,7556;185,2916;226,687;168,0466;475,0;5275,0;200,0
2021;12;-0,83;123,3948;99,203;107,7479;118,1455;101,5012;99,0133;180,1444;155,1941;183,8738;0,6558;0,654;0,5385;27,6434;29,1029;29,629;386,0143;426,7546;291,3157;0,0;0,0;0,0
2022;1;-0,76;151,1328;134,7881;142,1538;114,4473;114,7998;110,0323;204,8164;174,8332;204,6756;0,5588;0,6566;0,5376;28,3674;28,2083;28,4126;91,0464;206,0885;108,7796;0,0;1550,0;675,0
2022;2;-0,68;146,2795;146,209;135,8298;120,12;125,9784;110,5182;216,0202;199,6266;222,2778;0,5561;0,6311;0,4972;29,109;28,5695;29,0485;61,443;157,9377;61,4947;100,0;20850,0;1200,0
2022;3;-0,77;159,4006;167,3664;138,3641;124,3349;129,8125;101,4641;222,1511;216,9268;227,2333;0,5597;0,5984;0,4465;27,142;30,4321;28,8776;99,5318;68,3965;62,6648;0,0;33050,0;925,0
2022;4;-0,86;135,491;144,0779;107,1788;114,8382;102,4785;78,4097;197,6644;208,6056;213,8607;0,581;0,4913;0,3666;27,7022;31,2699;30,2616;106,3539;48,2092;57,7407;1975,0;13875,0;2500,0
2022;5;-0,83;131,7111;125,463;94,75;102,7227;70,9985;57,7655;162,2834;180,5089;181,5166;0,633;0,3933;0,3182;25,586;29,8757;29,0113;44,6947;3,7294;15,5536;2625,0;10950,0;800,0
2022;6;-0,73;131,5401;100,286;85,8919;89,8218;48,4677;43,2092;148,8116;175,582;175,6905;0,6036;0,276;0,2459;24,8622;29,8696;28,4035;22,272;0,2651;15,9237;1275,0;13100,0;1925,0
2022;7;-0,7;130,4395;89,1673;80,9318;81,0517;38,5099;35,1849;148,6791;191,6562;183,465;0,5451;0,2009;0,1918;23,8658;30,1586;28,16;65,1658;1,0983;29,4536;300,0;29475,0;3550,0
2022;8;-0,78;134,0317;70,7497;72,9901;81,7841;29,2404;31,2517;166,2832;223,4133;210,9775;0,4918;0,1309;0,1481;25,5611;33,5324;30,7933;43,2348;0,3431;18,0066;1525,0;74600,0;28450,0
2022;9;-0,87;138,0261;34,5768;52,8752;92,3055;26,0368;27,97;205,4075;247,4626;244,3134;0,4494;0,1052;0,1145;29,065;38,438;35,9679;35,5644;22,0176;9,2896;875,0;201750,0;52975,0
2022;10;-0,89;132,0442;51,0076;55,3192;95,2811;44,6716;36,9364;212,5949;228,6782;232,4202;0,4482;0,1953;0,1589;28,7749;35,5504;37,1072;49,8923;40,0382;23,0186;1025,0;293375,0;125725,0
2022;11;-0,82;112,1597;101,9811;108,3184;108,4415;99,8417;92,6661;175,1424;166,3469;194,7479;0,6192;0,6002;0,4758;28,3527;30,8322;30,1072;252,6554;308,8036;231,7824;225,0;11475,0;0,0
2022;12;-0,7;125,1141;110,5428;126,3582;109,4292;104,6454;103,8672;173,2742;161,1767;193,9561;0,6315;0,6493;0,5355;27,6883;29,7678;28,5921;257,8547;245,5946;189,0139;100,0;4050,0;600,0
2023;1;-0,55;159,6314;140,8879;140,7608;122,7509;117,2748;106,3529;201,9253;185,6843;210,3156;0,6079;0,6316;0,5057;27,3623;28,709;28,2352;88,0813;203,7327;91,9237;100,0;6525,0;1750,0
2023;2;-0,33;175,9883;179,1981;137,1435;125,6731;136,9073;102,311;237,8721;228,9148;247,0045;0,5283;0,5981;0,4142;28,4133;29,5012;30,0305;42,346;39,869;25,4505;675,0;14275,0;325,0
2023;3;-0,11;162,2011;140,5427;110,6402;117,0984;117,3411;81,0754;229,6951;198,8415;229,0247;0,5098;0,5901;0,354;27,3224;30,0159;30,3314;66,318;118,3996;68,3474;125,0;18050,0;1000,0
2023;4;0,19;129,2168;136,6678;102,5632;114,7308;101,044;76,3607;195,6199;196,3873;210,8876;0,5865;0,5145;0,3621;27,5728;30,1957;29,9888;120,8549;62,9802;41,2318;675,0;9125,0;1125,0
2023;5;0,46;131,9808;136,5213;100,8068;104,0803;88,7802;66,5668;161,8748;179,141;178,0639;0,643;0,4956;0,3738;24,7724;28,9246;28,0136;67,7027;20,6235;51,8771;925,0;15600,0;1525,0
2023;6;0,73;134,9036;115,6054;92,0555;93,9908;62,6494;48,3316;146,0301;172,3263;171,3387;0,6436;0,3636;0,2821;23,8514;28,9298;27,7558;51,7528;0,961;22,4815;1675,0;17000,0;1550,0
2023;7;1,0;132,1512;89,185;78,2411;86,4808;40,9886;36,525;147,8307;189,4176;183,7009;0,585;0,2164;0,1988;23,9738;30,103;28,7935;49,9128;1,1156;15,5573;400,0;20550,0;10675,0
2023;8;1,25;136,9226;62,0203;58,829;88,0487;30,7582;27,501;176,7802;218,386;215,6897;0,4981;0,1408;0,1275;26,2186;33,436;31,9381;38,2334;16,4325;14,1969;1625,0;66125,0;6200,0
2023;9;1,5;142,1113;33,381;42,4103;92,8065;27,4977;24,0841;210,9534;252,3079;248,028;0,4399;0,109;0,0971;28,1773;37,8655;35,6051;27,4001;10,5787;10,8124;1725,0;159200,0;59775,0
2023;10;1,74;119,6809;38,8737;34,889;87,9519;39,7086;24,1654;226,6746;242,7275;256,7722;0,388;0,1636;0,0941;31,8641;38,7774;37,7768;23,2603;34,2868;7,6566;7150,0;227175,0;118350,0
2023;11;1,9;113,2444;38,7775;28,4703;86,4963;41,8953;29,9254;250,1933;265,3821;264,8006;0,3457;0,1579;0,113;33,8259;37,6915;38,1635;15,3486;63,148;37,0456;39275,0;31450,0;24100,0
2023;12;1,99;90,8254;40,758;32,8023;78,6463;46,3767;31,7306;217,1317;221,4696;222,0613;0,3622;0,2094;0,1429;32,879;35,6335;36,2147;85,7138;94,1158;55,9401;16775,0;18825,0;15925,0
2024;1;1,84;91,1168;96,8224;73,842;90,5586;91,2835;65,5133;205,5047;192,0975;210,2518;0,4407;0,4752;0,3116;30,6851;31,9217;33,1115;273,6038;272,0337;225,8716;3725,0;6900,0;1875,0
2024;2;1,53;130,7425;130,8513;121,7954;117,0616;118,0541;102,3041;207,5999;199,3592;215,2568;0,5639;0,5922;0,4753;27,785;27,9214;28,525;177,7887;200,2543;162,1859;0,0;10450,0;50,0
2024;3;1,18;132,1963;140,012;125,0176;123,8018;116,4082;113,7391;235,865;232,8266;243,8622;0,5249;0,5;0,4664;28,3482;29,5964;28,8499;69,6629;97,4008;46,0212;0,0;46200,0;5000,0
2024;4;0,77;136,5176;130,1207;115,8023;122,5515;104,1081;103,0055;200,0542;205,7343;210,7177;0,6126;0,506;0,4888;26,3951;29,2096;27,6384;142,244;89,9142;83,6508;0,0;14825,0;200,0
2024;5;0,43;131,295;105,0346;108,9349;108,8932;69,6544;74,3615;175,2921;193,8739;189,3161;0,6212;0,3593;0,3928;25,9982;29,5331;27,7851;48,6356;2,0889;22,5076;0,0;7775,0;525,0
2024;6;0,18;132,6019;89,2582;96,3152;96,7646;44,1601;51,7149;150,3128;183,8388;173,3166;0,6438;0,2402;0,2984;23,7557;28,2009;26,3553;86,515;3,8901;35,8393;550,0;9575,0;3900,0
2024;7;0,06;130,6866;79,3255;90,449;82,3295;32,0156;37,7941;150,9018;196,4249;183,2316;0,5456;0,163;0,2063;23,6465;28,7416;26,4129;34,6308;0,6758;15,0394;600,0;14200,0;4400,0
2024;8;-0,04;144,8861;48,2179;70,6383;89,6206;23,1336;30,3009;175,5784;228,7685;212,2694;0,5104;0,1011;0,1427;24,8303;32,3251;29,5603;45,9278;1,6479;16,8086;1550,0;98175,0;16075,0
2024;9;-0,12;142,8133;20,0658;57,0734;87,7044;16,4084;24,8506;211,5537;256,714;245,452;0,4146;0,0639;0,1012;27,27;36,3239;32,6424;18,9709;0,5446;2,8441;1700,0;415250,0;21500,0
2024;10;-0,19;117,9204;30,5643;41,3372;89,8158;32,2698;31,8823;215,4577;228,8901;248,2231;0,4169;0,141;0,1284;29,9619;35,7976;35,3626;46,3587;118,4648;42,1722;1750,0;252550,0;28000,0
2024;11;-0,29;134,9953;94,9361;71,1503;105,8382;83,4999;66,8253;228,2082;219,4646;238,06;0,4638;0,3805;0,2807;29,0111;31,9762;32,7289;144,7655;206,1344;102,6643;1025,0;53125,0;2475,0
2024;12;-0,43;120,8973;83,2495;57,8838;98,5217;85,0017;61,3628;226,0377;202,1269;231,7359;0,4359;0,4205;0,2648;28,9876;30,6188;32,6396;27,8037;120,6283;30,5499;4175,0;2050,0;9600,0
2025;1;-0,46;116,5939;113,1227;82,6815;101,2296;102,0424;69,8028;202,4796;192,8818;211,8512;0,4999;0,529;0,3295;28,3637;27,9251;29,6499;114,8697;216,5941;131,9072;850,0;3625,0;450,0
2025;2;-0,22;162,5584;138,6054;111,0613;108,0214;106,7813;85,5591;244,0271;230,0279;246,8461;0,4427;0,4642;0,3466;26,5991;27,6365;28,4504;51,4994;57,5989;24,3758;0,0;10400,0;100,0
2025;3;-0,08;139,0962;78,5307;69,7134;105,3423;68,0898;55,7865;230,9426;233,0912;242,0113;0,4561;0,2921;0,2305;26,3057;29,3642;29,788;51,6546;69,2327;20,3321;0,0;18400,0;2025,0
2025;4;0,02;113,4156;90,1775;68,4308;101,914;77,3947;57,1771;197,4758;208,0822;217,8298;0,5161;0,3719;0,2625;26,4468;28,1957;30,3743;86,2296;72,286;56,6659;0,0;2625,0;225,0
2025;5;-0,04;142,6149;117,6235;107,1164;104,0607;68,4502;60,4812;160,6404;186,9037;182,2066;0,6478;0,3662;0,3319;23,6382;26,3517;26,6377;127,9292;25,3051;80,2584;1975,0;14750,0;1075,0
2025;6;-0,02;143,5284;84,7022;89,081;89,6347;38,7588;39,7323;143,9232;184,7737;173,1551;0,6228;0,2098;0,2295;22,5139;26,2287;25,7821;40,7939;0,707;23,495;1350,0;17800,0;2075,0
2025;7;-0,11;153,7669;79,4404;87,3908;87,1631;27,2678;33,1813;144,2506;195,9982;179,3899;0,6042;0,1391;0,185;22,0856;27,1017;25,8838;37,7792;0,679;14,2213;3000,0;39725,0;4625,0
2025;8;-0,26;150,5593;50,3767;70,8081;80,9974;20,8007;25,9622;171,5607;231,2444;212,3732;0,4721;0,09;0,1222;22,7813;29,3503;27,6707;32,4958;2,3065;13,7302;825,0;114375,0;25375,0
2025;9;-0,43;150,3856;19,3704;54,984;79,0542;15,7058;21,0891;207,28;263,2997;246,1377;0,3814;0,0597;0,0857;25,1683;33,5595;30,8077;33,4725;4,0557;10,4799;2725,0;330000,0;69175,0
2025;10;-0,57;134,5004;23,3365;46,0701;83,0114;21,2525;23,1219;215,346;250,7405;250,7562;0,3855;0,0848;0,0922;26,2922;35,1868;33,3615;;;;2175,0;309600,0;41300,0
2025;11;-0,61;133,1841;84,4095;75,4927;100,5829;74,6588;57,6409;195,8489;180,17;209,5345;0,5136;0,4144;0,2751;26,3084;31,9654;31,5094;;;;250,0;41725,0;5025,0
2025;12;-0,6;144,3913;128,1676;99,7467;96,4697;100,2602;69,5261;198,0127;176,8393;206,5678;0,4872;0,567;0,3366;26,2234;28,7363;29,418;;;;50,0;21575,0;4850,0
