ano,mes,bioma,psn_g_c_m2,ida,et_mm,precip_mm,lst_dia_c,area_queimada_ha
2001,1,Mata Atlântica,160.18610294089302,0.5495349,107.29748023147255,51.3,29.090759966666685,5300
2001,1,Cerrado,132.98588818537306,0.4032326,95.59444295350767,59.99,31.197533333333354,7000
2001,1,Caatinga,133.07224490755476,0.469898,106.99313488571812,32.41,29.805733333333364,6275
2002,1,Mata Atlântica,126.74736981084071,0.6733979,87.95783948559924,273.05,26.89584423333336,0
2002,1,Cerrado,122.83234625892341,0.5697378,88.87251037658372,252.39,27.97460000000001,3525
2002,1,Caatinga,118.66352493899674,0.5569035,89.69592880443534,297.54,26.97240000000001,650
2003,1,Mata Atlântica,110.60006630405033,0.4998387,103.16071055462865,77.5217,32.35666666666666,5475
2003,1,Cerrado,101.55440006779578,0.4946588,90.60932853363788,79.3121,31.483333333333334,3800
2003,1,Caatinga,88.05325921317862,0.3941859,84.45336979989627,45.395,32.67333333333334,2325
2004,1,Mata Atlântica,93.79214279243595,0.5488697,84.73077608251602,239.3357,32.22060000000001,200
2004,1,Cerrado,93.21252587741068,0.5043566,82.85182742888736,380.68,31.416666666666668,2675
2004,1,Caatinga,66.43259331773692,0.4005191,67.91219468802393,357.22,33.903333333333336,925
2005,1,Mata Atlântica,136.88768385364565,0.4721018,109.38520691375734,111.46,33.776666666666664,2850
2005,1,Cerrado,110.17886688216042,0.4868985,100.62229578257703,224.32,31.58893333333337,1850
2005,1,Caatinga,82.79419131258783,0.3339836,78.29091228726163,127.36,33.85,1375
2006,1,Mata Atlântica,147.25704623734876,0.4694626,102.91877777431274,30.9,30.263333333333332,2525
2006,1,Cerrado,144.66072283224983,0.4746338,104.63985960083699,54.81,31.846666666666664,9950
2006,1,Caatinga,105.79258118184612,0.3402459,79.77108123038474,10.42,32.43,3575
2007,1,Mata Atlântica,137.65039830539507,0.5098344,111.88801767420829,42.45,30.650000000000002,2400
2007,1,Cerrado,101.04444913005668,0.4212302,95.40147017280482,81.71,31.879999999999995,15425
2007,1,Caatinga,69.73343249321704,0.2707582,64.70176504148002,27.99,33.6,9925
2008,1,Mata Atlântica,138.73911021334914,0.4754888,103.3363660284097,78.15,32.52333333333333,3900
2008,1,Cerrado,100.2257486274407,0.3615754,74.88071240627295,158.29,34.050000000000004,5450
2008,1,Caatinga,84.46711583033694,0.299742,67.75006033843803,62.89,34.35333333333333,11900
2009,1,Mata Atlântica,147.60371457593274,0.5544515,116.37363077510798,102.95,28.686666666666667,675
2009,1,Cerrado,132.13197271224982,0.5410471,113.30232753819705,155.47,31.44666666666667,0
2009,1,Caatinga,120.93741448579962,0.4151804,97.86536133406749,92.06,32.589999999999996,6300
2010,1,Mata Atlântica,119.39848348759304,0.4322358,93.87569879060158,37.58,32.59666666666667,11125
2010,1,Cerrado,140.4450040051896,0.5677716,119.3019259949797,122.67,30.543333333333333,5650
2010,1,Caatinga,108.43317536059257,0.4209411,89.09323558980526,55.44,30.74,1075
2011,1,Mata Atlântica,132.435846590931,0.5243892,108.09863798933858,80.36,30.52333333333333,1000
2011,1,Cerrado,132.34747108091693,0.6194733,115.5596404674851,196.15,30.916666666666668,3775
2011,1,Caatinga,122.98124689560056,0.463088,101.28129860464892,76.1,30.69333333333333,2875
2012,1,Mata Atlântica,132.5033273454094,0.5036116,96.81129700915089,49.9,29.113333333333333,975
2012,1,Cerrado,112.1601690452314,0.5790816,99.7226016368435,190.0,29.55666666666667,6450
2012,1,Caatinga,83.54268555266749,0.3059569,64.52270857444054,37.42,31.923333333333332,7250
2013,1,Mata Atlântica,114.90815925307716,0.4503706,90.36130997047158,122.11,32.333333333333336,4525
2013,1,Cerrado,103.35361687788914,0.4872327,86.68938594154822,310.51,32.41666666666667,1800
2013,1,Caatinga,72.91506851379438,0.2866325,58.93574865708691,139.27,35.67333333333333,4450
2014,1,Mata Atlântica,167.01035056339168,0.5684969,124.30776022531258,56.71,30.583333333333332,375
2014,1,Cerrado,139.3064593518655,0.5502205,112.33366223556663,59.63,32.923333333333325,3575
2014,1,Caatinga,134.6563557002802,0.4331106,96.76761388753363,14.74,31.96666666666667,800
2015,1,Mata Atlântica,142.75729460200222,0.4530426,106.99140284369427,33.18,31.75858,2225
2015,1,Cerrado,134.92650910903194,0.4270541,100.39922839132505,74.71,34.593333333333334,16500
2015,1,Caatinga,102.37244034730693,0.3415261,81.31531201357659,19.55,33.42333333333334,4025
2016,1,Mata Atlântica,79.17862503903073,0.4843206,80.55899233040648,254.78,33.51666666666667,3550
2016,1,Cerrado,77.00685845841565,0.5608602,77.63103162304172,488.67,30.540000000000003,10100
2016,1,Caatinga,63.7633226357135,0.391717,62.270614522579095,391.06,33.62,1925
2017,1,Mata Atlântica,131.02444711288265,0.421288,102.1530463001764,14.29,33.67333333333334,975
2017,1,Cerrado,102.59822439957468,0.3915062,87.57463820754336,88.11,34.51333333333333,2250
2017,1,Caatinga,73.99800462465097,0.2221442,54.15762582252861,17.97,35.94,5200
2018,1,Mata Atlântica,147.94920589335072,0.46474,114.79069630553634,51.88,31.823333333333334,1400
2018,1,Cerrado,128.93724160473923,0.4587423,105.09197599619038,131.57,29.790000000000003,25
2018,1,Caatinga,77.91085032816216,0.2476508,60.435510620577524,61.01,34.63,0
2019,1,Mata Atlântica,136.40556934748332,0.4460649,105.63633983998129,14.62,31.323333333333334,1125
2019,1,Cerrado,125.3466466373558,0.4986169,109.42671331832086,37.62,32.28666666666667,7500
2019,1,Caatinga,85.64058209599405,0.2953691,69.1896175192941,12.86,33.843333333333334,3275
2020,1,Mata Atlântica,111.0857662165444,0.4973216,104.66604250923372,148.28,30.762264000000034,2250
2020,1,Cerrado,111.27648015463866,0.4898092,99.22226526873129,280.53,30.72986666666668,575
2020,1,Caatinga,79.47679705546206,0.3365843,69.6754029342357,178.62,32.46860000000004,675
2001,2,Mata Atlântica,133.4854046281769,0.4433571,104.96928135531114,44.28,32.01784457500003,11225
2001,2,Cerrado,83.98073812665707,0.322437,83.97492730842414,102.81,31.359400000000036,1700
2001,2,Caatinga,75.46964798954505,0.3068256,78.62145486169116,34.95,33.484450000000024,425
2002,2,Mata Atlântica,174.13882159970086,0.5485357,120.97762633438778,143.3,29.014795675000016,0
2002,2,Cerrado,128.11368970512868,0.4242641,106.88016069832341,129.21,29.224450000000033,11000
2002,2,Caatinga,150.73450921317863,0.5059558,129.00553132823163,108.2,29.309900000000027,200
2003,2,Mata Atlântica,137.0599395169451,0.4335037,102.99777279247813,56.0479,30.935000000000002,6475
2003,2,Cerrado,138.1666967308709,0.4653462,109.26114103073729,138.6802,31.5175,9025
2003,2,Caatinga,108.39538950082915,0.3535789,87.78522211634723,37.271,31.1875,4025
2004,2,Mata Atlântica,168.36708472831776,0.5960506,128.58028257683253,151.38,29.7575,2150
2004,2,Cerrado,140.3180586998543,0.6365564,115.69793699189043,245.3,29.1875,350
2004,2,Caatinga,167.17456581927257,0.5694092,130.89612813152087,134.67,29.009999999999998,625
2005,2,Mata Atlântica,141.62606900619286,0.5653416,125.75830695585736,192.78,31.945,350
2005,2,Cerrado,145.53678062816027,0.5807685,130.97482298768935,244.18,29.563200000000023,1000
2005,2,Caatinga,120.08446353038617,0.4506757,109.50042451180238,177.15,31.0225,0
2006,2,Mata Atlântica,128.04996424599526,0.40481,105.78954379960395,35.24,32.5925,9550
2006,2,Cerrado,115.0736044890407,0.526311,108.25797840141408,157.68,31.32,1475
2006,2,Caatinga,81.38461243555362,0.2769641,69.39334347718057,80.27,33.8775,4250
2007,2,Mata Atlântica,123.78072013276255,0.5239312,108.83859635445091,271.97,30.3125,75
2007,2,Cerrado,118.76593571115824,0.5480469,111.38875578101165,284.28,30.15,3550
2007,2,Caatinga,85.96708098870661,0.3646292,80.35091364034673,286.11,30.85,275
2008,2,Mata Atlântica,141.4097885397854,0.4728263,115.57304624764161,116.73,31.4725,525
2008,2,Cerrado,119.51140702209614,0.5110086,107.38402241377918,151.73,31.474999999999998,4125
2008,2,Caatinga,97.43939629943307,0.3203742,80.14309985785337,113.05,33.2725,1050
2009,2,Mata Atlântica,157.74476834058694,0.4935021,121.1622439651896,46.74,31.539999999999996,600
2009,2,Cerrado,150.20208794468198,0.5786063,129.58280365949136,96.81,30.562499999999996,1300
2009,2,Caatinga,129.02924414851196,0.3986877,98.9197102914153,78.47,31.6975,975
2010,2,Mata Atlântica,114.42028711195748,0.4211054,91.36495219903911,57.52,33.84,6175
2010,2,Cerrado,143.46593470229436,0.515598,124.58359988538868,81.77,31.112499999999997,9200
2010,2,Caatinga,88.30576055978048,0.2979128,71.50933498738654,38.35,33.88249999999999,1125
2011,2,Mata Atlântica,146.280475577366,0.4792838,114.51057292935593,39.47,30.8175,1950
2011,2,Cerrado,136.5405999108164,0.6266546,128.7376141068791,180.37,30.247500000000002,3050
2011,2,Caatinga,120.5255816981487,0.4180073,89.55324907472128,86.45,31.2375,1600
2012,2,Mata Atlântica,149.03586779280755,0.448192,105.43962032101196,57.6,31.46,3125
2012,2,Cerrado,130.44234665773487,0.5625494,116.99631690032851,87.52,30.340000000000003,9950
2012,2,Caatinga,94.82720213438012,0.2967898,66.59368916786127,66.88,31.973333333333333,1150
2013,2,Mata Atlântica,143.63438327595978,0.4465994,110.4645294455868,44.44,32.2075,5525
2013,2,Cerrado,157.88547942220347,0.5326046,132.59040795983762,56.14,31.8975,13500
2013,2,Caatinga,117.63197501289983,0.3149498,82.85611160396321,11.88,33.555,2125
2014,2,Mata Atlântica,175.8001877329797,0.5185759,126.03712005301473,81.6,29.982499999999998,150
2014,2,Cerrado,144.70445352870317,0.5668026,117.76245772698289,104.01,30.804999999999996,2425
2014,2,Caatinga,126.26682421745024,0.3543819,82.1970570799126,54.72,32.6475,50
2015,2,Mata Atlântica,125.48709865811396,0.4416147,102.123788213969,120.37,31.5175,1375
2015,2,Cerrado,128.8965127611192,0.5452084,117.41790620434715,155.8,31.667500000000004,3400
2015,2,Caatinga,96.10156666682741,0.3535676,80.13859743605671,115.6,33.9825,100
2016,2,Mata Atlântica,149.10569347483337,0.4754921,125.64487287185835,27.26,29.907500000000002,5375
2016,2,Cerrado,166.40370535525125,0.5094299,131.42163127436498,37.41,31.895,5525
2016,2,Caatinga,157.94417855782262,0.4613164,119.57069871284185,26.02,31.1975,525
2017,2,Mata Atlântica,124.35160401833384,0.4185777,89.18256673131086,109.14,30.6175,25
2017,2,Cerrado,129.89545345404727,0.606416,118.70854136904042,214.83,30.295,2275
2017,2,Caatinga,80.57724728380119,0.283892,60.54463555446465,80.43,33.9375,75
2018,2,Mata Atlântica,132.60358022597347,0.4987177,113.30544784773859,116.02,30.7075,3075
2018,2,Cerrado,140.53138212333565,0.5966634,124.7567265551224,247.73,29.252499999999998,8775
2018,2,Caatinga,106.61185699749718,0.3747144,81.03495282993265,132.04,31.720000000000002,0
2019,2,Mata Atlântica,115.04874619811805,0.3903868,102.70218042548215,42.49,33.19,8525
2019,2,Cerrado,131.20831324012775,0.5077177,119.57852591265325,143.55,32.135,2900
2019,2,Caatinga,78.5974635549533,0.2693199,66.39348828120995,87.54,34.010000000000005,1375
2020,2,Mata Atlântica,133.74530050768857,0.5262492,122.79014939627532,36.5,30.178574450000028,5475
2020,2,Cerrado,133.0095055154588,0.6110621,131.51512122973114,178.04,29.97780000000003,1200
2020,2,Caatinga,130.15087417477227,0.4933104,113.3123724104408,69.42,30.645250000000033,475
2001,3,Mata Atlântica,125.17548619757837,0.5597939,98.55505717621422,113.51,29.150534700000023,100
2001,3,Cerrado,99.9635819582491,0.4304028,89.24125895150598,160.98,30.248650000000026,11950
2001,3,Caatinga,93.80346904748187,0.3800756,80.76628432994379,97.51,31.59510000000003,775
2002,3,Mata Atlântica,157.43123537552378,0.5760092,99.86389371285787,82.7,27.07002110000002,0
2002,3,Cerrado,69.81175167370856,0.2860823,69.08920633511372,78.88,31.51890000000003,10850
2002,3,Caatinga,96.52453837659019,0.37674,78.32484149379695,21.92,30.327650000000034,25
2003,3,Mata Atlântica,116.32189359376896,0.4428092,97.03880276144886,84.6906,33.294999999999995,5275
2003,3,Cerrado,112.56827278120119,0.4835002,98.01080879845517,186.2649,30.7175,4300
2003,3,Caatinga,93.20571771821733,0.3286145,76.05903898343928,98.66,31.8825,2400
2004,3,Mata Atlântica,133.2363056379536,0.6312964,115.01394835731995,231.27,29.637500000000003,2625
2004,3,Cerrado,138.32041601594813,0.6124327,121.30908639653583,236.0,28.3225,35625
2004,3,Caatinga,143.73851002664972,0.5565991,123.39215711580447,125.06,28.0325,3100
2005,3,Mata Atlântica,149.34445774377772,0.5529346,131.07239038404566,104.43,29.4575,1325
2005,3,Cerrado,129.5442752912596,0.6087012,121.49795293258298,225.92,28.676350000000042,9800
2005,3,Caatinga,129.75234310811373,0.4814116,115.68641393368473,105.19,30.1725,850
2006,3,Mata Atlântica,104.788922811826,0.5124671,101.39770652394243,189.5,30.7,1450
2006,3,Cerrado,122.56244080491196,0.5828157,115.11782448324011,309.91,29.717499999999998,75
2006,3,Caatinga,104.4750530610867,0.4354263,92.13976382084108,203.18,30.637500000000003,425
2007,3,Mata Atlântica,178.0709292800407,0.5464954,135.11469446306893,58.61,27.794999999999998,50
2007,3,Cerrado,156.52633457558105,0.4882685,122.71791911829987,44.31,29.863200000000013,15350
2007,3,Caatinga,146.3101838830334,0.4579666,114.50533999699665,34.18,29.095,1425
2008,3,Mata Atlântica,126.63534513830396,0.5349494,121.64093797265059,131.96,30.4575,175
2008,3,Cerrado,128.88157532076826,0.6098272,116.16460568052496,213.12,29.834999999999997,7150
2008,3,Caatinga,123.25327580646619,0.4659775,102.85695767624946,138.81,31.2525,975
2009,3,Mata Atlântica,117.17683752809249,0.4564536,105.18372077612,91.73,32.54,2975
2009,3,Cerrado,124.51868536965782,0.5551042,113.34194350952808,107.15,30.86,16800
2009,3,Caatinga,111.0382666128973,0.3717494,84.85313352418872,88.2,32.385,1500
2010,3,Mata Atlântica,110.80558495977427,0.5608701,116.96040150858079,200.45,31.445,425
2010,3,Cerrado,133.65228194920573,0.6158847,130.57989378273888,212.13,30.4775,11550
2010,3,Caatinga,106.61785150240877,0.4376343,98.47250801948437,134.39,31.92,0
2011,3,Mata Atlântica,113.16843194775858,0.553747,111.72296785007748,155.55,31.145000000000003,275
2011,3,Cerrado,118.52768726026872,0.699999,119.62433351897141,247.94,28.53,2250
2011,3,Caatinga,118.1160466708782,0.5197772,103.4578763428377,162.56,29.555,1700
2012,3,Mata Atlântica,133.79420494890348,0.4321965,105.52167873466325,34.08,32.475,1675
2012,3,Cerrado,123.10846315730004,0.4531328,101.47304979135895,78.01,31.994999999999997,34600
2012,3,Caatinga,78.07846125468373,0.2119282,54.624917664214735,20.36,35.056666666666665,5675
2013,3,Mata Atlântica,122.33244966481762,0.4173278,101.92561351875493,27.18,34.09,10925
2013,3,Cerrado,116.52681459301422,0.4738119,108.13178910708089,145.22,32.3025,13100
2013,3,Caatinga,72.43230209001432,0.2220419,56.17401385520843,42.95,35.307500000000005,4550
2014,3,Mata Atlântica,147.84796076496372,0.5480367,111.05032032978278,109.0,29.622500000000002,225
2014,3,Cerrado,133.18735833028992,0.6339632,124.18196566502822,159.9,30.552500000000002,10125
2014,3,Caatinga,115.94638647904439,0.3870546,82.60505153638184,67.33,32.0875,350
2015,3,Mata Atlântica,116.18415179001661,0.4824717,109.81267480728563,70.54,30.6225,2025
2015,3,Cerrado,128.2966681261564,0.5703866,119.7536078355408,134.56,31.04,8775
2015,3,Caatinga,102.82956720452145,0.3447974,80.83257439470157,44.35,32.9175,125
2016,3,Mata Atlântica,121.38901530775487,0.411032,100.57530371395438,35.97,32.697500000000005,1050
2016,3,Cerrado,120.17618798765957,0.4192124,106.7798976165686,73.77,32.865,6475
2016,3,Caatinga,103.88878045928234,0.3408358,87.3378423772532,13.15,32.7975,0
2017,3,Mata Atlântica,110.51552690518136,0.4400536,100.91999999999999,121.81,32.07,0
2017,3,Cerrado,132.40334317311903,0.5374092,116.85713838914582,140.19,31.604999999999997,17450
2017,3,Caatinga,88.63263826934855,0.2727018,64.15896448389137,72.62,34.8125,1450
2018,3,Mata Atlântica,128.7107188978108,0.5487543,118.76921150341575,115.23,30.207500000000003,1225
2018,3,Cerrado,141.60829608944184,0.5987871,126.17874807299611,170.84,29.965,24850
2018,3,Caatinga,131.4365965896213,0.4841331,106.81265344670473,113.31,30.54,0
2019,3,Mata Atlântica,90.23793979438034,0.4403133,96.71535692358668,128.65,32.285,11550
2019,3,Cerrado,125.02209068879172,0.604991,125.32050574267335,239.46,30.11,8550
2019,3,Caatinga,92.9609615440258,0.3476308,81.37434506790403,145.1,32.8125,525
2020,3,Mata Atlântica,112.41260721403488,0.5765772,111.95278804829798,194.14,28.166054450000033,550
2020,3,Cerrado,116.36261453127175,0.6680277,111.28825395288023,272.44,27.194550000000035,53275
2020,3,Caatinga,113.5890532244764,0.541934,107.02262420325316,196.88,28.843550000000036,400
2001,4,Mata Atlântica,134.0681383981404,0.5786133,111.54114465475,75.49,27.859484500000022,0
2001,4,Cerrado,82.85868149296014,0.2975656,72.8252072794484,40.55,30.781700000000043,14775
2001,4,Caatinga,88.86664032435404,0.316514,68.3463822350023,24.82,31.697800000000015,450
2002,4,Mata Atlântica,147.68516311952848,0.5842931,102.43677969372182,74.05,27.40824307500003,0
2002,4,Cerrado,82.3593852778215,0.2855281,68.32326695413721,48.72,30.720650000000035,3100
2002,4,Caatinga,89.84326510855203,0.3338168,67.41747617959192,27.68,30.977450000000033,0
2003,4,Mata Atlântica,119.81851556311112,0.508957,106.15138306332155,96.9518,30.487500000000004,1975
2003,4,Cerrado,131.41720984007458,0.4444785,98.21231751438192,66.3088,30.174999999999997,10200
2003,4,Caatinga,99.25523388254244,0.3312127,76.94411376602699,31.52,31.825000000000003,1275
2004,4,Mata Atlântica,138.4366084387161,0.6401987,116.69947686838289,99.49,27.7675,575
2004,4,Cerrado,142.04574379648352,0.5442885,117.32515905380892,102.42,29.2625,12900
2004,4,Caatinga,135.89162803230278,0.5011099,113.75469616558313,22.49,28.767500000000002,1475
2005,4,Mata Atlântica,144.6075732957097,0.6242198,125.47942829744437,154.06,27.2025,0
2005,4,Cerrado,147.811124966203,0.5628452,120.0516567222304,66.91,29.61145000000002,11275
2005,4,Caatinga,137.81362415148567,0.5134903,111.23175461661862,92.168,29.1775,1300
2006,4,Mata Atlântica,121.54221536053721,0.666189,114.29288899630455,180.2,27.705,0
2006,4,Cerrado,125.11279542056509,0.6440146,112.49232931386555,183.28,28.49170000000001,6275
2006,4,Caatinga,129.19430135080475,0.6181648,114.93091895295234,154.88,27.0975,0
2007,4,Mata Atlântica,127.51149086100988,0.5824497,120.36733662856876,104.8,28.3375,0
2007,4,Cerrado,107.05644452156648,0.3564203,81.00176194742407,34.58,30.78450000000001,19350
2007,4,Caatinga,89.24944419160485,0.3701575,80.20577584496428,49.64,30.655,175
2008,4,Mata Atlântica,130.37456579436838,0.5645588,121.45805260162474,39.92,29.41,100
2008,4,Cerrado,132.51478772495142,0.5462448,110.92045751713117,141.95,28.85750000000001,21675
2008,4,Caatinga,139.5167933041379,0.5462726,115.40637904841971,91.0,28.53,1475
2009,4,Mata Atlântica,112.11250293935107,0.6311885,108.67369767963125,210.59,28.900000000000002,125
2009,4,Cerrado,105.91724915104105,0.682546,105.73031610934889,237.23,29.075000000000003,3225
2009,4,Caatinga,103.99316074088406,0.5200876,94.8790363833407,181.11,29.73,125
2010,4,Mata Atlântica,139.41576571540915,0.6304268,126.7150770370226,175.53,27.7525,0
2010,4,Cerrado,149.0787123668552,0.5538291,120.65490750381365,95.68,29.935,25150
2010,4,Caatinga,129.94546492450584,0.492203,106.93011508615872,121.28,29.112500000000004,675
2011,4,Mata Atlântica,145.6617454541249,0.6180816,128.9853501992925,179.32,27.6375,175
2011,4,Cerrado,158.01007955900542,0.6304176,132.57348301411656,75.79,28.68,63375
2011,4,Caatinga,147.5884966629213,0.4947499,114.36716857170254,57.34,28.7675,250
2012,4,Mata Atlântica,119.69199494238873,0.4350907,94.67827760615127,12.26,31.29,3000
2012,4,Cerrado,110.50907876603841,0.3611299,83.47109837203485,24.13,32.655,16200
2012,4,Caatinga,53.62233178374572,0.1580754,38.052697254589305,4.64,34.84666666666667,3200
2013,4,Mata Atlântica,115.64724433428036,0.5430418,102.92895013302407,87.58,29.54,1225
2013,4,Cerrado,124.32216433585482,0.5205805,105.77081305439197,110.16,30.36,5475
2013,4,Caatinga,79.44567300968814,0.2988854,63.28805028981111,55.83,31.75,425
2014,4,Mata Atlântica,129.05549610463706,0.5306563,115.13175133754983,54.74,28.86,575
2014,4,Cerrado,138.79655190503766,0.5498858,118.13953203063835,96.42,30.34250000000001,13725
2014,4,Caatinga,108.95111215863662,0.378127,83.60511377445575,90.61,31.542500000000004,400
2015,4,Mata Atlântica,104.73846560091901,0.5350366,106.53307826493719,91.95,30.645000000000003,1025
2015,4,Cerrado,116.63058269959868,0.5468633,108.88594639095378,216.52,30.187750000000005,9675
2015,4,Caatinga,88.44008762242787,0.3481504,74.79477658521641,107.09,33.0225,0
2016,4,Mata Atlântica,106.0739637100971,0.4217123,91.12149201368247,33.95,32.0775,1525
2016,4,Cerrado,86.99122106830615,0.3111058,71.7631801012131,9.49,33.167500000000004,15675
2016,4,Caatinga,74.54048980792508,0.2634875,60.02394634016605,9.83,32.932500000000005,1150
2017,4,Mata Atlântica,129.80284047322587,0.5361969,114.5805336555797,102.68,28.7,0
2017,4,Cerrado,140.8010472007054,0.5039348,113.19935369702252,56.69,30.812499999999996,5725
2017,4,Caatinga,100.554557620065,0.3227108,72.0902512379768,52.54,31.752499999999998,300
2018,4,Mata Atlântica,142.17883358839833,0.5916452,109.61225068948379,114.8,27.1475,800
2018,4,Cerrado,147.48616605495886,0.6067763,121.07676840440043,70.22,29.525000000000002,4275
2018,4,Caatinga,133.6061761273491,0.445613,91.75338826607259,40.46,29.6725,325
2019,4,Mata Atlântica,137.72365242800035,0.6102388,128.33068461111165,102.96,30.0025,375
2019,4,Cerrado,144.7827207848154,0.5659254,122.89751224807702,101.13,32.50000000000001,11000
2019,4,Caatinga,131.90379833821197,0.4726039,104.70126791983108,80.47,32.5225,575
2020,4,Mata Atlântica,138.23667558430444,0.6428533,129.18122070302982,117.81,27.506972725000026,0
2020,4,Cerrado,135.78529540543215,0.6354432,126.93716211853393,139.4,28.787000000000035,18575
2020,4,Caatinga,142.715550690322,0.5808623,124.23101253264934,118.01,27.85390000000001,250
2001,5,Mata Atlântica,112.17247610934,0.6082093,97.91270740630293,109.85,27.786738425000024,0
2001,5,Cerrado,49.80182483666461,0.1977773,43.98481578411056,22.57,30.72695000000003,5650
2001,5,Caatinga,61.60953591717061,0.2180933,43.86931526164605,20.86,32.861600000000024,275
2002,5,Mata Atlântica,133.20825928738566,0.5860435,97.25567347479745,86.96,26.290108700000033,1425
2002,5,Cerrado,48.255573580626546,0.1705038,38.59149816278474,30.29,31.07805000000002,16550
2002,5,Caatinga,76.52271466874994,0.2536787,48.02658700698435,31.8,30.682250000000025,1125
2003,5,Mata Atlântica,119.43399425237509,0.607921,102.61895942806355,140.8877,27.967499999999998,1400
2003,5,Cerrado,104.86395725636896,0.356997,67.50205634933927,26.1497,30.119999999999997,12125
2003,5,Caatinga,87.35620866690658,0.3143309,58.50725373008311,51.56,31.605000000000004,600
2004,5,Mata Atlântica,133.39788579149342,0.657095,110.48572068981647,100.48,26.1575,0
2004,5,Cerrado,129.16884823831836,0.4666854,90.7853868241096,3.72,29.3675,19575
2004,5,Caatinga,119.71744119248021,0.4193579,83.11080620454243,27.02,28.7025,750
2005,5,Mata Atlântica,137.69487320338536,0.6521071,113.26761846475293,158.49,25.895000000000003,550
2005,5,Cerrado,144.15348805300985,0.5168274,96.76755625147553,50.17,27.612800000000032,11275
2005,5,Caatinga,136.0588081828698,0.5006331,92.56209584232936,64.4,27.389999999999997,750
2006,5,Mata Atlântica,142.5229164859692,0.6697351,116.00195121856143,86.22,26.207499999999996,0
2006,5,Cerrado,141.62778592715597,0.5592599,99.64766237277739,43.34,28.105,8825
2006,5,Caatinga,144.57531389076257,0.5615128,103.60228646658803,42.73,27.7775,500
2007,5,Mata Atlântica,136.31359351298426,0.6738714,114.57520855098,57.65,26.612499999999997,2200
2007,5,Cerrado,96.67671239510338,0.2937856,57.43772811286795,10.98,31.047100000000015,32675
2007,5,Caatinga,95.41821005645188,0.3339675,61.96924814265563,15.49,31.005000000000003,1725
2008,5,Mata Atlântica,120.49089801684974,0.5664042,99.43054102412175,33.62,27.4325,2100
2008,5,Cerrado,125.81746403904707,0.4315849,81.40131782851884,11.07,29.282500000000002,9525
2008,5,Caatinga,126.27266505318171,0.4573824,85.72531832219943,25.91,28.8425,350
2009,5,Mata Atlântica,131.30211421258159,0.7044317,112.85104752809099,131.3,25.7,0
2009,5,Cerrado,134.1444438839645,0.6335727,104.25194859439696,78.5,27.377499999999998,13725
2009,5,Caatinga,130.66147545084593,0.6112683,99.64471835763854,63.26,27.3725,2450
2010,5,Mata Atlântica,127.70279402184178,0.6379508,114.9069644197129,56.09,27.42,0
2010,5,Cerrado,123.2840557134988,0.4930102,95.59451318433861,25.42,30.595,10775
2010,5,Caatinga,105.32719857788365,0.3676427,74.76188852750869,12.94,30.842499999999998,200
2011,5,Mata Atlântica,141.01113233440373,0.6788836,113.26345882100709,71.12,25.327499999999997,75
2011,5,Cerrado,145.4402956374708,0.5632139,102.22808623291927,15.64,29.277500000000003,21050
2011,5,Caatinga,119.63089353658007,0.4439936,77.18370007761666,24.3,28.9375,625
2012,5,Mata Atlântica,109.66436831899958,0.517086,85.22159628896922,81.97,28.200000000000003,575
2012,5,Cerrado,94.27073326244383,0.315758,61.704546720259565,21.19,31.29,32850
2012,5,Caatinga,54.27511712326455,0.1620934,31.381397992580887,20.75,32.913333333333334,2700
2013,5,Mata Atlântica,133.09855383927436,0.611072,112.39256955746349,49.56,27.072499999999998,2000
2013,5,Cerrado,120.76576440607175,0.4059429,81.20441838785442,9.77,31.3375,4675
2013,5,Caatinga,85.37215998688316,0.2807221,53.04002077014792,15.44,32.005,275
2014,5,Mata Atlântica,127.00247715015941,0.5761001,105.72077183202907,65.85,27.4425,3525
2014,5,Cerrado,140.93090291299356,0.5088755,99.75841404553782,19.86,29.8225,3900
2014,5,Caatinga,110.25521183457349,0.3462303,68.30217531717597,29.9,30.447499999999998,225
2015,5,Mata Atlântica,121.00256523431928,0.6481179,102.68349137048912,134.36,26.877499999999998,2825
2015,5,Cerrado,143.17036341294613,0.5534002,104.88388379056798,22.35,29.2975,6750
2015,5,Caatinga,107.58098100228099,0.3945782,72.32025945798598,43.31,30.290000000000003,1350
2016,5,Mata Atlântica,99.76711203457063,0.4865237,84.99078303918607,58.88,30.65,3400
2016,5,Cerrado,69.34220965402022,0.2394718,49.435796669814444,2.49,32.839999999999996,5500
2016,5,Caatinga,62.933662540327056,0.226574,44.66921965396355,23.93,32.315,0
2017,5,Mata Atlântica,126.49934370554834,0.620885,114.89327765487803,93.53,27.2075,0
2017,5,Cerrado,120.76597465330393,0.3795177,78.5971270490811,15.53,31.53,10675
2017,5,Caatinga,82.09707686131352,0.2556858,50.94679953369691,27.23,32.6625,475
2018,5,Mata Atlântica,138.56334831599276,0.6381928,112.95832672273494,104.09,26.3125,0
2018,5,Cerrado,147.44933788263685,0.4557691,89.65083436241395,3.71,30.567500000000003,1575
2018,5,Caatinga,108.58301248511094,0.3237006,62.133613746412415,26.92,31.075,800
2019,5,Mata Atlântica,126.29762481159241,0.6485905,124.77162055490045,58.75,27.8375,1475
2019,5,Cerrado,137.931873641817,0.492415,99.55076938908933,35.67,30.91,6000
2019,5,Caatinga,105.45808078189876,0.3581619,71.99358399034104,21.55,31.730000000000004,600
2020,5,Mata Atlântica,133.64898230992517,0.710022,118.06983481625134,105.52,25.228265700000023,0
2020,5,Cerrado,145.43991892769878,0.6143402,113.48813449881757,25.53,28.363300000000038,11500
2020,5,Caatinga,139.77257006900808,0.5968515,109.88408798003074,48.39,26.885200000000026,625
2001,6,Mata Atlântica,127.64608073674593,0.6489262,71.26213369508228,113.79,24.21044685000001,0
2001,6,Cerrado,71.53685023990832,0.190189,35.71930135374818,1.46,29.413100000000014,10875
2001,6,Caatinga,76.52458786638118,0.2369869,33.046572689711404,38.9,29.456000000000017,3350
2002,6,Mata Atlântica,120.75715004375297,0.6221219,79.09194250998415,97.74,23.720802325000022,0
2002,6,Cerrado,60.1403495922164,0.1589232,32.436072374779805,1.79,29.640600000000035,20925
2002,6,Caatinga,76.07788686428826,0.2468219,36.72071885495589,24.63,28.605850000000032,325
2003,6,Mata Atlântica,137.08078439082306,0.599832,97.22155832410772,71.1988,26.0625,1700
2003,6,Cerrado,95.03962663890269,0.2452798,47.25959841561623,1.1875,29.76,19675
2003,6,Caatinga,92.46685986336985,0.2676374,45.906420808858115,25.4,30.435,1150
2004,6,Mata Atlântica,133.3626373541651,0.6692036,98.49958192350272,91.0,24.4875,0
2004,6,Cerrado,111.89764752646255,0.3590728,63.96780968830901,2.079,28.382500000000004,16950
2004,6,Caatinga,104.75708833831949,0.3398581,58.57874347160071,19.75,28.347499999999997,500
2005,6,Mata Atlântica,134.65851937944154,0.6820764,104.53930659722764,165.6,24.3325,0
2005,6,Cerrado,125.13740350197536,0.4181437,74.93118846943119,2.21,28.141350000000017,16925
2005,6,Caatinga,115.44851328778988,0.3920191,68.30594165751987,38.54,28.0875,2000
2006,6,Mata Atlântica,131.92087224352045,0.691758,93.85424625387866,122.46,24.73,0
2006,6,Cerrado,147.14502438423992,0.4603591,80.85510686295875,2.34,27.31,12425
2006,6,Caatinga,132.00644274014022,0.4427519,70.99633790228617,36.69,27.372500000000002,575
2007,6,Mata Atlântica,126.45762353489933,0.5669584,92.44081167261784,29.68,25.35,2200
2007,6,Cerrado,81.26817498542191,0.2009041,38.606004786233726,1.23,30.05,61300
2007,6,Caatinga,88.36760964112518,0.2584631,44.03581600425053,16.28,29.66,1725
2008,6,Mata Atlântica,125.16381750896264,0.582119,92.37962768777383,81.11,25.472499999999997,1200
2008,6,Cerrado,115.06493027741739,0.3052116,57.763315697716656,1.67,29.21,18425
2008,6,Caatinga,111.45478900619976,0.3248195,57.63669204238225,20.46,28.67,100
2009,6,Mata Atlântica,134.45940014108885,0.6781753,104.13437654098408,65.08,24.95,0
2009,6,Cerrado,135.8705795115888,0.5330622,91.90148449922113,26.55,28.045,11575
2009,6,Caatinga,128.76936369494442,0.4646627,80.25983575661778,24.19,27.84,2625
2010,6,Mata Atlântica,132.27795313228816,0.6092863,97.59572822157035,30.41,26.162499999999998,975
2010,6,Cerrado,122.306329410198,0.3570428,65.98471472271322,0.5,29.747500000000002,23675
2010,6,Caatinga,95.4797846933215,0.2900638,50.338389191803635,18.96,29.95,1425
2011,6,Mata Atlântica,130.5880633434974,0.6306895,100.583605975851,37.92,25.3125,875
2011,6,Cerrado,125.1179799720343,0.4308757,76.745041445717,0.87,29.677500000000002,29425
2011,6,Caatinga,99.49109519595693,0.2959233,52.80317160882406,11.34,30.0325,225
2012,6,Mata Atlântica,119.60927794118213,0.5539117,87.77802870981259,53.21,26.4075,2125
2012,6,Cerrado,83.26449041276656,0.2124638,42.62678777532951,1.48,31.427500000000002,33325
2012,6,Caatinga,59.63310254283468,0.1621357,28.293356145919336,13.17,31.706666666666667,125
2013,6,Mata Atlântica,129.11795085790502,0.6393209,101.41188465399121,94.19,25.785000000000004,1725
2013,6,Cerrado,98.03687518537875,0.3272495,61.156193249231215,7.05,30.8475,17475
2013,6,Caatinga,77.17620089020915,0.2314294,40.68583366151052,22.54,31.840000000000003,850
2014,6,Mata Atlântica,123.03846907031699,0.6172226,92.8231594437352,100.21,25.76,725
2014,6,Cerrado,117.15467457077885,0.36867,68.35910716159391,2.33,30.072499999999998,11250
2014,6,Caatinga,88.94818353450646,0.2592457,46.13626700616169,16.83,30.59,100
2015,6,Mata Atlântica,122.93908623766919,0.6673851,102.51369319676844,166.74,25.185,1925
2015,6,Cerrado,122.17797791395199,0.4315201,75.71566866025812,1.58,29.7975,9200
2015,6,Caatinga,92.4812027106531,0.3406713,54.17587581091928,41.79,30.339999999999996,525
2016,6,Mata Atlântica,99.0292343038653,0.5257126,81.77364583434847,52.39,27.827499999999997,975
2016,6,Cerrado,68.44829007661313,0.1995977,39.39559916705005,4.38,31.3225,19475
2016,6,Caatinga,69.56105696663403,0.2215772,40.329937357861084,14.14,31.049999999999997,100
2017,6,Mata Atlântica,127.43715686690233,0.6098844,101.56521220508122,91.68,25.8725,0
2017,6,Cerrado,98.18133783421138,0.2384402,48.00044169753908,1.11,31.03,7125
2017,6,Caatinga,77.13138047519615,0.2193715,37.41427965761822,25.19,31.607499999999998,0
2018,6,Mata Atlântica,131.09219578198304,0.6436383,100.63464980070752,93.62,25.332500000000003,0
2018,6,Cerrado,118.84727899323455,0.3415019,62.62451209472384,2.17,30.53,6500
2018,6,Caatinga,91.23625842106024,0.2631182,44.92390412441825,30.03,30.724999999999998,1175
2019,6,Mata Atlântica,125.24646911657562,0.6188956,100.39217058267471,86.22,26.139999999999997,1325
2019,6,Cerrado,127.3458633554409,0.372385,68.91707587754344,1.14,30.02,4650
2019,6,Caatinga,96.84873708208153,0.2851194,49.753162110280805,33.97,30.775,1650
2020,6,Mata Atlântica,140.86807903288604,0.6835622,113.60947345852864,75.66,24.55622150000002,3025
2020,6,Cerrado,151.0898740332562,0.512717,92.99464091140221,2.39,28.319900000000032,13250
2020,6,Caatinga,138.31076810678653,0.4661848,83.91018599655399,37.16,26.750750000000025,475
2001,7,Mata Atlântica,134.588468492084,0.5852458,82.39359903169786,95.78,24.342409175000014,0
2001,7,Cerrado,58.76049745160471,0.1252042,27.956340259127057,2.25,30.377900000000054,65850
2001,7,Caatinga,75.42977633749024,0.2054677,33.645065033830136,21.09,29.515400000000028,2950
2002,7,Mata Atlântica,134.27084992540796,0.5683805,87.65398186967292,81.25,24.30277707500001,0
2002,7,Cerrado,41.43632462076731,0.1124573,25.006701144299587,4.06,31.802350000000033,62475
2002,7,Caatinga,68.59139305623873,0.1793636,33.10213100606283,18.68,30.51085000000002,1550
2003,7,Mata Atlântica,132.56186406539416,0.5506171,86.15497715684593,89.8925,25.122500000000002,1150
2003,7,Cerrado,79.23198004059677,0.1562158,32.961445316362216,0.8473,29.665,36725
2003,7,Caatinga,84.59668081433165,0.214784,37.67213353516591,26.59,30.745,2075
2004,7,Mata Atlântica,143.48236893892522,0.6385529,95.21012680679213,75.22,23.447499999999998,0
2004,7,Cerrado,97.01293608229118,0.2256393,44.90972382245701,0.59,28.97,31950
2004,7,Caatinga,97.30430482558324,0.2683561,46.9683057522284,16.31,28.884999999999998,1450
2005,7,Mata Atlântica,145.94370951172172,0.6212068,99.11132042006456,65.81,24.682499999999997,25
2005,7,Cerrado,111.33330165494364,0.255214,50.76191223740736,1.1,29.439720000000037,26175
2005,7,Caatinga,104.58501726113654,0.301719,53.446395298346346,24.01,29.25,3325
2006,7,Mata Atlântica,152.0145219082423,0.6041759,99.14354232610356,37.38,24.8075,1225
2006,7,Cerrado,111.78366144949527,0.2844637,54.73345036602984,0.3,29.435000000000002,39350
2006,7,Caatinga,113.76548036483602,0.3159513,56.8220407346027,17.22,28.512500000000003,2175
2007,7,Mata Atlântica,127.56933682329743,0.5326461,83.67315344674348,40.65,25.8075,2300
2007,7,Cerrado,64.71319049165972,0.1427961,30.09709557132134,0.6,31.5625,220450
2007,7,Caatinga,78.27778195046822,0.2091188,36.509695581875434,16.17,30.54,4850
2008,7,Mata Atlântica,138.94294448374296,0.5447567,89.40345590413672,46.14,25.25,4425
2008,7,Cerrado,93.81586176143597,0.1872849,38.773506017094846,0.61,30.2675,43650
2008,7,Caatinga,96.67608706790803,0.2366135,43.765525191674804,17.48,29.2025,175
2009,7,Mata Atlântica,152.0938005712942,0.6193991,105.15520723495074,50.4,25.4125,925
2009,7,Cerrado,129.20520735179286,0.3575391,69.88492961895768,0.72,30.57,18525
2009,7,Caatinga,110.50602403828476,0.3076206,56.778139600241,17.13,30.037499999999998,500
2010,7,Mata Atlântica,133.8174127157291,0.6017907,90.57179441201407,116.5,24.529999999999998,575
2010,7,Cerrado,105.91756411834378,0.2563361,50.13399133958046,3.06,30.1625,91275
2010,7,Caatinga,90.28140615430614,0.2508515,43.918281469276884,46.03,29.8475,2775
2011,7,Mata Atlântica,132.66117338894648,0.5503164,89.12934969253408,33.42,25.7925,1350
2011,7,Cerrado,111.09229712251845,0.2702882,53.138041881562906,0.58,30.985,50250
2011,7,Caatinga,82.47411262399514,0.20329,37.39444995594485,14.26,30.6975,2400
2012,7,Mata Atlântica,130.61142858244253,0.5370758,88.64658649488855,46.74,25.2675,2675
2012,7,Cerrado,71.40690769097289,0.1413191,30.554526340427934,0.56,31.9025,136450
2012,7,Caatinga,65.3894337695969,0.1487958,26.937895448478997,12.67,31.87,2525
2013,7,Mata Atlântica,136.40319242437675,0.6006606,98.9445988325066,99.58,25.892500000000002,4275
2013,7,Cerrado,83.23886991103839,0.1951914,40.5365487057798,1.0,32.125,19450
2013,7,Caatinga,73.22630396832669,0.1987361,35.733629909013004,33.14,32.120000000000005,1700
2014,7,Mata Atlântica,130.09694307488888,0.6005635,91.33109235671893,122.74,25.492500000000003,0
2014,7,Cerrado,95.43172796187301,0.2649623,50.23981775184226,0.28,30.872500000000002,14525
2014,7,Caatinga,77.01654602709206,0.2228644,38.40966348621264,32.73,31.357499999999998,1100
2015,7,Mata Atlântica,136.122020268994,0.6279814,98.6724370206504,76.51,25.2125,900
2015,7,Cerrado,99.14566501280248,0.266382,50.8106485629192,0.59,31.3825,20525
2015,7,Caatinga,85.52558609855956,0.2508253,43.67239705237587,26.82,31.49,825
2016,7,Mata Atlântica,127.4579437649136,0.5507775,87.91697874538315,58.05,26.99,125
2016,7,Cerrado,64.25065223049715,0.1370577,29.459425773021138,0.42,32.9125,15725
2016,7,Caatinga,75.07497359753481,0.1838582,34.77379572040872,9.96,31.55,850
2017,7,Mata Atlântica,127.08090751741446,0.5931951,88.1033299874285,117.86,23.682499999999997,675
2017,7,Cerrado,95.88605507993229,0.1772284,36.069612460350136,2.4,30.215,6700
2017,7,Caatinga,80.73445750770374,0.1960858,34.17937495363806,34.12,30.195,1550
2018,7,Mata Atlântica,145.29829536912467,0.5795783,99.91590480738309,43.24,25.277499999999996,1300
2018,7,Cerrado,95.90929526822664,0.2018068,40.707745748484626,0.21,32.0625,5575
2018,7,Caatinga,76.03083886298205,0.1694404,31.43581722752298,6.02,31.8,1150
2019,7,Mata Atlântica,127.58896731441612,0.5794384,95.72900860514748,74.23,25.792499999999997,25
2019,7,Cerrado,98.89257012108385,0.2255197,45.43292694738371,0.68,31.642500000000002,17150
2019,7,Caatinga,82.90951971625186,0.2173732,40.67485467228819,27.66,31.47,1325
2020,7,Mata Atlântica,153.61512426227108,0.6412171,107.94904115462953,57.78,23.886895475000017,2450
2020,7,Cerrado,129.29394500077683,0.3488305,65.18415276398945,1.43,29.575800000000015,14775
2020,7,Caatinga,115.41553477650734,0.3244609,59.367630411983484,32.56,27.360100000000017,2875
2001,8,Mata Atlântica,140.50000655330732,0.5708708,76.11506949438957,92.31,24.629831050000035,0
2001,8,Cerrado,50.842821111931656,0.1115894,26.926724470173752,1.17,33.23030000000003,241100
2001,8,Caatinga,70.82983498982476,0.1903573,31.158685983124435,25.71,31.259950000000032,22925
2002,8,Mata Atlântica,133.5572371641912,0.5114059,86.96647331809154,77.02,25.302729125000027,47400
2002,8,Cerrado,40.35461616687449,0.09435307,23.18537189232163,1.34,34.22830000000003,375725
2002,8,Caatinga,62.04582248295285,0.1417668,29.23596988668608,16.89,31.990450000000024,10375
2003,8,Mata Atlântica,139.49214818926686,0.5512156,87.35223363946798,79.1887,27.75,975
2003,8,Cerrado,48.11913213318645,0.1226767,28.216965537836952,17.6373,33.8775,73750
2003,8,Caatinga,66.4253410780798,0.1722003,32.68414633263777,25.54,34.0975,4550
2004,8,Mata Atlântica,159.96975095552818,0.535334,98.26356146601593,30.69,27.375,1075
2004,8,Cerrado,66.04849457028365,0.1395561,32.862046421718084,1.26,33.4725,135300
2004,8,Caatinga,76.20254628136587,0.1746769,36.04976817397807,8.12,32.542500000000004,12050
2005,8,Mata Atlântica,152.35948965254047,0.551433,94.11480556031997,66.74,26.37,600
2005,8,Cerrado,74.64802746536563,0.1540184,36.9790434373783,1.046,33.20945000000005,111050
2005,8,Caatinga,83.34300467349718,0.2006978,40.54501055399423,23.07,32.6225,8125
2006,8,Mata Atlântica,156.42799760226512,0.5180563,97.34038170676563,39.79,27.599999999999998,2925
2006,8,Cerrado,84.06174953138273,0.1703833,40.56100107347232,1.21,33.37,166675
2006,8,Caatinga,87.4525821052879,0.1980756,41.925661099009254,11.57,32.455,10025
2007,8,Mata Atlântica,138.16444746839468,0.5131743,83.36121127188811,40.66,26.84,1025
2007,8,Cerrado,59.94348586682593,0.1136895,26.124957424312132,1.32,33.945,683775
2007,8,Caatinga,77.09916138968676,0.1726596,33.00870423430492,14.5,32.435,31950
2008,8,Mata Atlântica,139.05102472721808,0.4556454,85.67309750830306,23.87,28.095,2575
2008,8,Cerrado,62.12476256388631,0.122948,29.8595526929627,0.44,33.9425,115550
2008,8,Caatinga,73.60824794220389,0.1597021,33.20726763067449,10.93,32.875,5475
2009,8,Mata Atlântica,150.02077205669767,0.5379641,98.10631557405007,66.2,27.94,275
2009,8,Cerrado,101.8558008664123,0.2258388,51.473633744158455,2.88,33.705000000000005,38700
2009,8,Caatinga,85.99978793649186,0.2076345,42.08782751127914,17.44,33.2475,1725
2010,8,Mata Atlântica,145.51780128830313,0.5070162,90.4318723748453,40.47,27.1675,575
2010,8,Cerrado,84.38843095436505,0.1545793,36.05857627706885,0.87,33.4725,391300
2010,8,Caatinga,84.55523232963779,0.1897098,38.73926432425554,13.17,32.22,12900
2011,8,Mata Atlântica,148.1829363442568,0.4824947,92.30212448715075,21.15,27.735,5025
2011,8,Cerrado,86.16712859180763,0.1649799,39.16088323365376,0.5,34.7025,172925
2011,8,Caatinga,69.53934925759644,0.1415658,30.284457005974737,8.59,33.417500000000004,11025
2012,8,Mata Atlântica,139.71193260887162,0.4753518,87.4193634334831,91.18,26.5275,300
2012,8,Cerrado,61.60634151656454,0.1051969,25.622298158954617,1.05,34.315,311000
2012,8,Caatinga,64.3662270877237,0.1291452,26.250691644719506,19.76,33.27,8775
2013,8,Mata Atlântica,147.14138856871915,0.5608188,99.0186342861041,99.93,27.549999999999997,900
2013,8,Cerrado,65.38840674163198,0.1343149,31.704562055578425,0.85,34.5625,42225
2013,8,Caatinga,68.80534553472829,0.1681326,33.79441551995629,20.19,34.3425,1100
2014,8,Mata Atlântica,148.80243763757127,0.5006925,95.70679192694884,40.13,27.5225,500
2014,8,Cerrado,72.23435928063971,0.1334096,32.169606810495814,0.36,35.22,39350
2014,8,Caatinga,70.55784334055082,0.1576684,33.57147590475886,11.64,33.7,5475
2015,8,Mata Atlântica,150.48225692048524,0.5411331,103.1437135645581,68.7,27.2475,2300
2015,8,Cerrado,72.24811029707007,0.1385313,32.98719278917165,0.64,35.3875,42600
2015,8,Caatinga,71.36189268302093,0.165678,35.403189520362766,22.62,33.89,18550
2016,8,Mata Atlântica,135.9674038494898,0.4896917,88.09548790114313,59.02,29.215,325
2016,8,Cerrado,37.371739301503005,0.09001157,22.123718693753684,1.5,36.629999999999995,51550
2016,8,Caatinga,59.15001874695588,0.1377081,28.97434916886239,15.52,34.682500000000005,17200
2017,8,Mata Atlântica,149.18922231516783,0.5236004,97.15952696052157,38.85,26.325000000000003,1825
2017,8,Cerrado,54.01883286555678,0.1012007,24.82050433020977,0.46,35.96,60275
2017,8,Caatinga,63.814339733419494,0.1380823,28.112681067865434,7.64,34.589999999999996,7650
2018,8,Mata Atlântica,133.93006136979542,0.5050953,91.87335620243049,36.26,28.3875,475
2018,8,Cerrado,65.5492787632136,0.1496909,34.55443594275891,8.14,35.5425,23475
2018,8,Caatinga,55.3435824528493,0.1225095,25.979726731433665,8.15,35.0225,8700
2019,8,Mata Atlântica,151.06406262648846,0.5689333,98.3564774443784,81.17,27.067500000000003,475
2019,8,Cerrado,78.78590233794115,0.1623161,37.22751196558431,1.96,34.7325,58150
2019,8,Caatinga,75.63985988609566,0.1788408,35.98096063743367,23.01,33.795,5125
2020,8,Mata Atlântica,159.67608023561067,0.5903113,101.37795172151677,59.25,24.36200765000001,1550
2020,8,Cerrado,100.53955775443043,0.212295,48.18318341041349,0.97,33.71875000000004,48775
2020,8,Caatinga,94.5332501675773,0.2416744,45.77314638189934,18.03,30.275950000000023,4600
2001,9,Mata Atlântica,148.30897706727933,0.5063241,85.55757772437303,75.96,29.01797492500002,0
2001,9,Cerrado,3.5981981654782227,0.05957694,16.445170071047063,13.86,38.32200000000002,481900
2001,9,Caatinga,49.185804688328844,0.1203498,27.17051733360995,81.6,36.94420000000004,40975
2002,9,Mata Atlântica,153.37030021857208,0.4892215,100.79911921148086,111.77,27.576870325,1675
2002,9,Cerrado,25.821927700633164,0.09444591,24.620865761208425,45.84,37.13455000000002,688125
2002,9,Caatinga,56.04870771968403,0.1320066,31.672317245197473,43.18,36.034100000000024,52900
2003,9,Mata Atlântica,149.33024114196942,0.4809636,99.4373146430075,69.8455,31.43,9150
2003,9,Cerrado,29.11110337647244,0.09990491,26.156177018364083,10.4714,37.76,292925
2003,9,Caatinga,55.07210396333542,0.1245172,28.868129410061876,16.61,37.535000000000004,47450
2004,9,Mata Atlântica,154.09691127802736,0.4137947,87.07410634930534,28.34,30.955,2350
2004,9,Cerrado,34.47506971263463,0.1046339,27.95922451557446,3.9,37.58,421875
2004,9,Caatinga,58.77771791318374,0.1188038,27.822940101559578,6.51,36.005,41525
2005,9,Mata Atlântica,150.98526915730412,0.4991104,90.8352534966398,39.19,29.564999999999998,1625
2005,9,Cerrado,41.44279689914973,0.1186868,32.222988294688925,32.5,36.54730000000001,274850
2005,9,Caatinga,59.314529976870624,0.137713,32.53883773384636,10.48,36.1275,29525
2006,9,Mata Atlântica,154.0614982373565,0.5132694,95.64827234029283,58.14,30.519999999999996,800
2006,9,Cerrado,66.468370842968,0.1841356,45.09960572088105,25.64,36.592499999999994,209975
2006,9,Caatinga,70.9812798195471,0.1643708,37.9193048509542,18.09,35.972500000000004,15175
2007,9,Mata Atlântica,145.5809122992323,0.4041225,83.36981935976799,50.09,29.545,5225
2007,9,Cerrado,31.434593337059404,0.08031449,21.006769534371294,2.36,38.22750000000001,1139350
2007,9,Caatinga,61.1247487695419,0.1205433,28.05128700893226,15.51,35.7925,170300
2008,9,Mata Atlântica,130.07397368263813,0.4132429,81.78269358208722,28.34,33.1325,7600
2008,9,Cerrado,22.252611444148286,0.08889871,23.81050106136549,21.42,38.597500000000004,264975
2008,9,Caatinga,49.994838676620844,0.1144295,27.153099393479586,13.76,36.775,33100
2009,9,Mata Atlântica,150.1513707976917,0.446303,103.56619492656876,26.89,31.28,2150
2009,9,Cerrado,64.54575722296094,0.1664004,43.91134934663471,19.31,37.650000000000006,206550
2009,9,Caatinga,56.921609862219,0.1273931,31.297575308370963,6.42,37.74,43600
2010,9,Mata Atlântica,144.3295120484482,0.4369991,89.40898521629813,33.36,30.6575,4075
2010,9,Cerrado,51.44663856644478,0.1148123,30.01639204339088,11.53,38.5375,866250
2010,9,Caatinga,61.51485868050364,0.1318196,30.81950072038158,10.96,36.7975,49650
2011,9,Mata Atlântica,136.77150641260394,0.4302319,81.32182023720192,20.81,31.3125,13450
2011,9,Cerrado,57.50958501393241,0.1376315,34.13914541917884,1.8,38.0325,876400
2011,9,Caatinga,56.04587880424561,0.1135947,25.859499116183166,6.21,36.074999999999996,96525
2012,9,Mata Atlântica,141.99156319508424,0.4306226,89.90042587196554,22.62,31.2325,4075
2012,9,Cerrado,21.801718095184288,0.06285187,17.177058564775578,3.32,39.402499999999996,1291775
2012,9,Caatinga,47.38677845317722,0.09157614,21.663257162052385,3.84,38.050000000000004,114075
2013,9,Mata Atlântica,147.47291479544043,0.4732563,101.85416175338408,76.44,30.322499999999998,4025
2013,9,Cerrado,32.74471587366603,0.09670151,25.33172171239013,7.3,39.5425,145950
2013,9,Caatinga,47.93646524037094,0.1068291,25.414998893344325,12.47,38.16,47275
2014,9,Mata Atlântica,134.26921892286757,0.4218509,86.00670421876372,36.28,31.2025,13400
2014,9,Cerrado,52.939661869182636,0.1042052,28.447741067176768,6.41,39.120000000000005,256650
2014,9,Caatinga,58.07979228855121,0.1135989,27.204053495795613,13.52,37.4675,296550
2015,9,Mata Atlântica,142.5294713793941,0.4249291,102.29616442361105,17.49,33.4625,13400
2015,9,Cerrado,23.842303276588105,0.07654196,21.07815201336594,2.43,41.6225,529975
2015,9,Caatinga,44.726482395945354,0.100537,25.062162869561178,4.48,39.150000000000006,296550
2016,9,Mata Atlântica,133.18771813839814,0.4468236,87.45688129184411,55.63,33.269999999999996,900
2016,9,Cerrado,29.66998206240025,0.1074544,26.539310879198045,25.89,39.15,138075
2016,9,Caatinga,49.52848295534005,0.120664,27.818004051505625,18.96,37.7975,43350
2017,9,Mata Atlântica,145.04057480214794,0.4771018,90.57761784569206,74.5,29.142500000000002,10625
2017,9,Cerrado,42.451199841810144,0.08479963,22.619126976440107,4.4,39.222500000000004,109250
2017,9,Caatinga,62.05989387173465,0.1219074,26.84208602483854,36.63,37.4125,33275
2018,9,Mata Atlântica,135.6917867785098,0.4161948,91.18991765175953,24.68,32.95,10625
2018,9,Cerrado,31.30041968737326,0.09462337,25.67149083512918,4.0,39.645,111525
2018,9,Caatinga,40.759782535311786,0.08736483,21.408456417366594,4.42,38.207499999999996,33275
2019,9,Mata Atlântica,152.2698813851379,0.486519,102.0928090982624,56.61,30.814999999999998,1525
2019,9,Cerrado,44.54095220608264,0.1099896,29.219999878931695,12.67,39.405,202575
2019,9,Caatinga,55.23448674331017,0.1221587,29.533033641729425,17.95,38.0175,13875
2020,9,Mata Atlântica,162.20915921067342,0.4554226,106.04549715922934,24.51,28.24330030000003,2375
2020,9,Cerrado,56.37210753681849,0.128897,34.590296778775915,3.85,38.95595000000003,120675
2020,9,Caatinga,66.43001598615015,0.14483,35.56428505520312,11.18,35.116800000000026,40075
2001,10,Mata Atlântica,146.87055483383512,0.5784685,93.25098944963874,147.94,29.30450447500003,0
2001,10,Cerrado,56.236278212935275,0.2035734,47.73887753310721,132.77,35.44205000000002,174100
2001,10,Caatinga,61.15106502512466,0.1871242,43.074522853057374,61.85,38.14510000000001,61575
2002,10,Mata Atlântica,136.1164266357248,0.445809,99.64945338096881,27.87,31.357476200000022,14850
2002,10,Cerrado,14.149973164166695,0.1219327,31.193027460365183,40.93,39.648850000000024,358525
2002,10,Caatinga,43.598279250214595,0.1394204,34.39870438932368,11.43,38.82370000000002,40725
2003,10,Mata Atlântica,137.14280361510572,0.4487561,99.7415593376265,56.2465,33.4675,23500
2003,10,Cerrado,43.44495345092675,0.1448535,36.658315492537135,34.6698,38.41,155850
2003,10,Caatinga,48.53926245274819,0.1219726,29.61387669316222,13.24,39.74065,42400
2004,10,Mata Atlântica,51.30455932713214,0.3969656,93.59398301186596,55.56,33.167500000000004,6000
2004,10,Cerrado,55.52937555235409,0.1780836,46.339203005728564,82.79,38.6825,230750
2004,10,Caatinga,51.30455932713214,0.1233398,31.629926483891587,29.32,38.445,53775
2005,10,Mata Atlântica,139.31129286866621,0.3908772,100.90367108197029,14.9,34.182500000000005,26250
2005,10,Cerrado,29.606937970888165,0.1271613,35.4898328648653,23.4,39.95645000000003,611200
2005,10,Caatinga,43.9977710317922,0.1043033,27.55532035895642,9.22,39.1975,161825
2006,10,Mata Atlântica,139.86480341079715,0.5785681,105.08695796235948,138.22,30.7925,125
2006,10,Cerrado,88.42575044339567,0.359513,73.09815754215195,182.22,34.685,32550
2006,10,Caatinga,73.34609668721596,0.2413477,54.55125308476686,101.96,37.14,20275
2007,10,Mata Atlântica,131.4556035704029,0.4092913,91.39741065442128,44.52,33.9925,60300
2007,10,Cerrado,3.2344607723458303,0.06147696,15.466396482562129,32.8,41.4375,597500
2007,10,Caatinga,34.87730742916389,0.09054225,21.687614849588126,11.3,39.565,177825
2008,10,Mata Atlântica,129.28884200909368,0.3575343,91.87094689941216,14.5,35.0925,17150
2008,10,Cerrado,9.44923356611186,0.06915755,20.089473312509586,8.94,41.3125,482075
2008,10,Caatinga,37.32866712680123,0.0864417,22.50861359095424,5.55,39.85,193625
2009,10,Mata Atlântica,123.84246735874731,0.5407256,104.03880775340356,172.55,32.35,1150
2009,10,Cerrado,81.03625876954926,0.501413,79.46356247528189,233.78,32.975,42775
2009,10,Caatinga,80.60156690700128,0.3317891,67.44087455349309,168.21,34.752500000000005,11550
2010,10,Mata Atlântica,130.24394551503212,0.4512044,97.91342441990781,68.21,33.912499999999994,2500
2010,10,Cerrado,61.22665337656651,0.2871096,60.56361251684868,133.49,37.6425,410050
2010,10,Caatinga,60.55407393654728,0.1859747,44.769809468268534,67.94,37.3975,133975
2011,10,Mata Atlântica,130.0653811904661,0.5418777,87.6522080048337,93.22,33.035000000000004,275
2011,10,Cerrado,88.4843989289901,0.3981059,79.7678906672478,145.6,36.2325,109250
2011,10,Caatinga,74.15189482897472,0.248493,52.71869819901589,63.91,36.63,24225
2012,10,Mata Atlântica,119.91721226162345,0.4161668,90.12934715874206,54.14,35.06,7650
2012,10,Cerrado,28.97388152306162,0.1220536,30.722464829656893,27.03,43.025,369975
2012,10,Caatinga,34.46194404124089,0.1027683,24.281490806917837,13.99,41.836666666666666,109400
2013,10,Mata Atlântica,142.82787025222524,0.480497,103.50587449933245,97.06,30.947499999999998,3250
2013,10,Cerrado,64.90540670329514,0.2094009,49.73230970079985,73.84,38.4975,117200
2013,10,Caatinga,52.35266857793187,0.1303688,31.65343578894297,39.92,38.69,27900
2014,10,Mata Atlântica,131.9058925797287,0.4196897,86.88159804313294,93.47,33.695,12250
2014,10,Cerrado,49.863548940995585,0.1550057,39.32566123473531,65.16,40.87,456450
2014,10,Caatinga,47.418497880569234,0.110658,27.004306307816726,33.71,39.86,31350
2015,10,Mata Atlântica,124.41545134940307,0.3600264,94.7002637092766,23.22,36.2425,20275
2015,10,Cerrado,27.653532738641708,0.1013215,27.91935882224751,36.0,43.46,538675
2015,10,Caatinga,35.26377075426659,0.08496398,22.63357490792444,12.76,41.495000000000005,142075
2016,10,Mata Atlântica,143.8055868872176,0.4426645,103.31982731232885,111.07,31.7025,625
2016,10,Cerrado,49.22742313970545,0.1514708,41.190384149737284,22.27,39.995,50450
2016,10,Caatinga,57.130049381049055,0.1371797,35.3245900700118,39.18,38.775,23950
2017,10,Mata Atlântica,131.05762997714052,0.4381049,96.73019617397406,19.0,32.8725,1550
2017,10,Cerrado,19.86196159456989,0.1131108,28.08346045505541,23.47,41.727500000000006,299000
2017,10,Caatinga,42.63941966417028,0.1137074,27.54213499510599,9.95,39.935,76225
2018,10,Mata Atlântica,103.2792325691663,0.4395464,86.23471606911406,61.27,35.4025,10525
2018,10,Cerrado,53.871401332103865,0.2903229,58.59735950023003,102.44,38.1725,116900
2018,10,Caatinga,40.985137883559105,0.14025,32.506007662761306,41.97,40.144999999999996,28375
2019,10,Mata Atlântica,132.7383430155236,0.4121902,105.58659682496369,46.38,34.4225,9275
2019,10,Cerrado,43.91854695353375,0.144489,38.93703943598312,46.38,41.235,136550
2019,10,Caatinga,41.31170858911977,0.1084514,28.342882997848807,25.73,40.12,38025
2020,10,Mata Atlântica,112.92582523485896,0.5371328,103.44664106887042,124.2,29.94766047500002,8125
2020,10,Cerrado,58.96164662726717,0.3036803,61.31067802287384,92.51,38.297550000000015,435650
2020,10,Caatinga,49.227299847613175,0.2033971,46.63728223458809,61.09,37.26995000000004,126825
2001,11,Mata Atlântica,140.9388337425938,0.5417162,101.52544248951884,61.94,30.82912090000002,0
2001,11,Cerrado,71.91369374059232,0.3074417,69.71188691390209,190.88,33.60130000000002,16575
2001,11,Caatinga,62.23926644194323,0.2371332,56.52020001966062,57.6,37.08740000000003,5350
2002,11,Mata Atlântica,140.07820639834085,0.4362291,106.28690706599384,69.14,31.994744025000003,10700
2002,11,Cerrado,48.909272688385535,0.1768638,49.294529315740725,100.88,39.145300000000034,40500
2002,11,Caatinga,63.227759191477865,0.1766276,47.267287745222504,52.49,37.99195000000003,14200
2003,11,Mata Atlântica,130.7577850249507,0.3870258,98.94057778366832,73.0,35.2295,4650
2003,11,Cerrado,69.21801249379547,0.2712143,69.40775928343561,143.6092,36.07,26325
2003,11,Caatinga,60.18735046846433,0.1958636,52.56687324351382,84.48,36.987500000000004,5625
2004,11,Mata Atlântica,141.31013409197357,0.4922074,112.71459447554302,165.42,33.230000000000004,5225
2004,11,Cerrado,71.07072250941272,0.2893913,69.06946429183978,135.48,36.322500000000005,40750
2004,11,Caatinga,70.23171491968613,0.2341587,58.581943623578226,120.27,36.92,26775
2005,11,Mata Atlântica,122.80565857720264,0.5494908,104.43825799510392,174.15,31.955,4375
2005,11,Cerrado,84.79617357336271,0.4421463,83.09776931194725,207.55,34.51675000000003,58875
2005,11,Caatinga,77.79542313142997,0.2962525,65.54339325991774,98.52,36.0775,24275
2006,11,Mata Atlântica,155.22176946665817,0.5837833,130.75501457907785,185.45,28.635,250
2006,11,Cerrado,126.5548158117218,0.4342414,104.47871598989482,166.49,33.445,7025
2006,11,Caatinga,112.44565339129817,0.4081878,100.71801690802027,120.7,32.4,18525
2007,11,Mata Atlântica,117.67989537817475,0.3693044,92.7572979199476,107.35,33.730000000000004,32625
2007,11,Cerrado,42.70772406362299,0.1753798,44.80707220513814,106.27,40.080000000000005,186575
2007,11,Caatinga,51.2242592386079,0.1547676,41.04247421971635,82.88,38.612500000000004,161825
2008,11,Mata Atlântica,95.97049521896761,0.5598,87.8093146274149,136.04,36.2675,24975
2008,11,Cerrado,72.43547609295268,0.472113,70.52487449252202,211.36,35.0475,125250
2008,11,Caatinga,53.14937016821033,0.2458283,45.94881738470715,69.84,38.9525,230375
2009,11,Mata Atlântica,154.3780358196067,0.4537913,118.08804537436777,34.16,32.5475,7075
2009,11,Cerrado,136.6081372942674,0.4490949,111.90811137477098,115.54,33.47,9525
2009,11,Caatinga,106.82450936955412,0.3190078,84.34958613490103,20.29,34.4125,5200
2010,11,Mata Atlântica,127.52804449310169,0.5124992,106.33154980363112,153.84,31.11,925
2010,11,Cerrado,97.62966604587909,0.4850931,94.58665201740156,199.12,34.43,41900
2010,11,Caatinga,78.67374455675204,0.3004287,68.58839844911404,66.9,35.442499999999995,9175
2011,11,Mata Atlântica,147.76139041906472,0.584664,106.08476645259373,165.21,30.287499999999998,225
2011,11,Cerrado,118.954031520943,0.5654022,108.02186937536825,216.58,32.29,22200
2011,11,Caatinga,108.56099186466506,0.3871556,86.06775838600753,91.69,33.254999999999995,2350
2012,11,Mata Atlântica,133.79420494890348,0.5126261,103.88113416428718,195.41,32.045,850
2012,11,Cerrado,85.73481831370421,0.5567664,82.49576987336255,331.54,34.942499999999995,26075
2012,11,Caatinga,83.3725717568369,0.325499,65.70877605088566,158.31,34.92666666666667,8775
2013,11,Mata Atlântica,140.90870549051508,0.4861509,115.93294280451794,138.52,32.43,325
2013,11,Cerrado,91.17300603098826,0.3497511,80.48669842691913,184.23,35.8575,7775
2013,11,Caatinga,60.812523509044354,0.2063651,48.59023736708824,92.14,37.05,3400
2014,11,Mata Atlântica,139.95864419781736,0.5426661,107.21220157290013,145.76,32.9425,1325
2014,11,Cerrado,97.08129122470022,0.4612802,88.00918525065175,218.17,35.115,45825
2014,11,Caatinga,96.91732562317051,0.3399281,73.19008466669763,140.96,34.65,2325
2015,11,Mata Atlântica,89.40405437703103,0.3773862,93.14065683685304,34.93,37.2975,23875
2015,11,Cerrado,62.204350826360404,0.3074141,66.14946205315707,136.83,39.4775,96700
2015,11,Caatinga,35.16916149869555,0.1330489,32.64839842499076,47.32,41.1175,44050
2016,11,Mata Atlântica,121.89788096881011,0.5224051,108.91702026059076,150.81,33.540000000000006,625
2016,11,Cerrado,95.0034367956869,0.4492594,89.05946814692851,154.85,35.885,50725
2016,11,Caatinga,80.18200274151626,0.3028962,67.1871686440724,93.28,36.96,23950
2017,11,Mata Atlântica,121.32563249052662,0.5034843,107.52462767875416,111.86,32.2825,650
2017,11,Cerrado,92.61142215505431,0.4200506,79.48157643042204,150.63,35.655,16800
2017,11,Caatinga,73.69335640434592,0.2543241,57.58497451073456,82.51,37.255,4475
2018,11,Mata Atlântica,120.45058671374768,0.5598996,98.58730784598443,148.58,28.945,475
2018,11,Cerrado,110.41824268018813,0.5220394,100.04764542321445,204.89,31.865,17775
2018,11,Caatinga,78.26764365834487,0.3150862,64.69897415732844,66.62,34.075,2025
2019,11,Mata Atlântica,117.96883516890186,0.4348243,109.07422061532165,65.18,35.324999999999996,17675
2019,11,Cerrado,73.27818997713914,0.3357637,73.47733157380726,124.19,37.332499999999996,57750
2019,11,Caatinga,47.82892160999581,0.150072,38.20224443038593,44.38,40.22,24575
2020,11,Mata Atlântica,157.8881830377278,0.5595945,126.62557063919776,150.66,28.56914487500002,0
2020,11,Cerrado,119.4072583720569,0.447779,104.29474159987731,187.14,33.38625000000005,28075
2020,11,Caatinga,115.32220790916588,0.4204587,105.03171246974789,148.1,30.651800000000023,250
2001,12,Mata Atlântica,132.31668549136313,0.5690268,89.33480274352273,144.23,29.294871450000016,0
2001,12,Cerrado,86.26025431491952,0.321419,69.40233722837766,199.25,32.85135000000004,0
2001,12,Caatinga,71.23131401724487,0.2803779,57.98776066151349,124.04,34.47030000000002,0
2002,12,Mata Atlântica,97.52040160209089,0.4374793,91.18629096231847,152.7,32.58063907500002,33700
2002,12,Cerrado,62.908636497540385,0.3378886,64.25777250008575,264.13,32.60100000000003,9900
2002,12,Caatinga,59.40098617902646,0.2484169,52.94365290684666,138.35,35.67790000000005,6100
2003,12,Mata Atlântica,103.0807423726396,0.3707214,83.96919585081004,49.8188,33.605,29075
2003,12,Cerrado,72.36862951618826,0.3097825,70.07002322498371,128.5146,33.8975,15100
2003,12,Caatinga,44.17994841256206,0.1786811,42.18598942188235,30.92,36.53,12925
2004,12,Mata Atlântica,144.32582383587467,0.4893854,116.08799935290723,56.99,32.18,4825
2004,12,Cerrado,93.90687986021155,0.38165,85.07781741651819,114.36,32.445,27625
2004,12,Caatinga,83.08843512892956,0.3144697,76.90554886800874,31.33,33.6125,7950
2005,12,Mata Atlântica,136.60989836610943,0.5585988,107.36855713907036,138.59,31.0,900
2005,12,Cerrado,97.88823278975637,0.5473768,92.44153962876346,290.9,30.112150000000035,8050
2005,12,Caatinga,109.8049917145339,0.4416522,92.22997533380777,101.73,32.2275,500
2006,12,Mata Atlântica,137.39484602648687,0.564814,121.50583533438324,109.93,30.265,1775
2006,12,Cerrado,108.3522490602433,0.4168921,92.78605555421036,177.39,31.855000000000004,36225
2006,12,Caatinga,91.47650863173226,0.3571404,83.5029675276272,59.81,33.2975,8700
2007,12,Mata Atlântica,144.20706544260932,0.4775044,105.1970639140536,108.86,31.33,1750
2007,12,Cerrado,100.37675093370352,0.3293461,74.55943787985181,148.66,35.4425,22375
2007,12,Caatinga,98.96437057509787,0.3091435,72.79058937476593,89.95,33.230000000000004,7550
2008,12,Mata Atlântica,135.76866240957864,0.5875154,101.6094902390345,142.44,31.185000000000002,25
2008,12,Cerrado,104.79682349119362,0.5499361,94.75928735159044,219.66,31.7125,2775
2008,12,Caatinga,94.48976289004693,0.3841464,76.73770835758229,127.74,32.2975,625
2009,12,Mata Atlântica,111.0887753410611,0.4346103,93.19076686189858,49.26,33.23,8075
2009,12,Cerrado,116.44265920376428,0.5318531,103.39362171804,218.01,31.7675,8000
2009,12,Caatinga,80.59112172433312,0.3452461,72.56398236829139,84.95,34.0725,425
2010,12,Mata Atlântica,121.23010338805987,0.5252545,105.61376394803777,121.55,31.269999999999996,800
2010,12,Cerrado,109.21337087652111,0.541073,98.39680904299539,206.54,32.3775,28475
2010,12,Caatinga,105.38103139602732,0.4473171,92.06709722708875,155.03,32.34,2450
2011,12,Mata Atlântica,138.78758957792846,0.554829,105.67198210753024,142.22,30.675,350
2011,12,Cerrado,125.35412433641979,0.5499529,108.30521340306868,235.44,31.7875,1775
2011,12,Caatinga,105.74115644003143,0.3735309,82.57180259433864,83.98,33.68000000000001,4950
2012,12,Mata Atlântica,132.9830955510753,0.4155039,105.89709705397952,7.1,33.2625,5975
2012,12,Cerrado,113.2944389405315,0.3659894,86.29639640184992,56.38,36.2325,21650
2012,12,Caatinga,89.95533390076531,0.2674482,66.17411463022925,16.43,36.29666666666667,29650
2013,12,Mata Atlântica,100.81882861559455,0.6086524,100.67525147885745,209.16,31.747500000000002,75
2013,12,Cerrado,93.25215281462934,0.6238664,91.73190533265534,331.66,32.3625,1675
2013,12,Caatinga,75.8735749902347,0.4414492,74.13853875616728,217.16,34.0675,200
2014,12,Mata Atlântica,142.21414145892038,0.521178,107.63343572451834,148.52,30.875,1500
2014,12,Cerrado,114.0494607622572,0.5225139,94.61579457129713,202.25,33.5475,36450
2014,12,Caatinga,110.78550112843412,0.3959577,82.01476296762232,120.86,32.295,10000
2015,12,Mata Atlântica,94.93554918642617,0.3414728,81.12554120822897,18.35,36.595,65850
2015,12,Cerrado,68.45252104994482,0.2414261,57.19909400550458,40.62,37.61,66400
2015,12,Caatinga,39.21650967849272,0.1362152,33.20983542492261,11.29,38.955,37200
2016,12,Mata Atlântica,125.18066639425469,0.4934054,108.87967158157349,73.2,32.177499999999995,950
2016,12,Cerrado,119.00265492618142,0.4467874,93.97443703237366,110.93,33.1075,9300
2016,12,Caatinga,92.36970883747173,0.2972249,68.19444133187066,47.09,34.0875,3500
2017,12,Mata Atlântica,120.53784322946983,0.5373765,104.77348542582324,141.9,30.8075,25
2017,12,Cerrado,108.68457305889547,0.4941333,91.87198560094272,156.77,33.4925,12400
2017,12,Caatinga,82.22686559336827,0.3016286,64.6049025147921,83.01,34.77,1550
2018,12,Mata Atlântica,125.09242900262518,0.5480516,113.52479140069973,165.84,30.275,325
2018,12,Cerrado,117.191245482812,0.5131729,102.32843269005706,166.63,31.220000000000002,23300
2018,12,Caatinga,106.01897619920238,0.3993594,85.73040534957957,137.19,32.2625,325
2019,12,Mata Atlântica,120.87885556125222,0.4240483,100.88404529640495,62.39,31.9325,2325
2019,12,Cerrado,82.27558125692333,0.3148316,71.47748533055683,77.59,35.245,39400
2019,12,Caatinga,45.76957007383046,0.1487951,35.89168995066185,34.49,37.5075,2800
2020,12,Mata Atlântica,159.3101040433906,0.5018183,128.27447477415143,22.49,29.30288470000002,275
2020,12,Cerrado,118.40761510632416,0.4142082,101.62366663438179,102.44,34.23085000000003,10475
2020,12,Caatinga,91.9000467166907,0.3455214,90.4472118006283,13.06,32.28735000000002,4600
