ano,mes,bioma,precip_mm
2001,1,Caatinga,32.5637
2001,1,Cerrado,61.0265
2001,1,Mata Atlântica,51.8406
2001,2,Caatinga,36.1861
2001,2,Cerrado,105.2183
2001,2,Mata Atlântica,44.9889
2001,3,Caatinga,98.3254
2001,3,Cerrado,162.6670
2001,3,Mata Atlântica,114.9121
2001,4,Caatinga,24.8999
2001,4,Cerrado,41.5904
2001,4,Mata Atlântica,77.0118
2001,5,Caatinga,20.7117
2001,5,Cerrado,22.9986
2001,5,Mata Atlântica,112.8255
2001,6,Caatinga,38.1110
2001,6,Cerrado,1.4852
2001,6,Mata Atlântica,115.3052
2001,7,Caatinga,20.5434
2001,7,Cerrado,2.2261
2001,7,Mata Atlântica,97.9766
2001,8,Caatinga,25.1091
2001,8,Cerrado,1.1791
2001,8,Mata Atlântica,93.8078
2001,9,Caatinga,21.5019
2001,9,Cerrado,14.2006
2001,9,Mata Atlântica,77.5705
2001,10,Caatinga,61.9634
2001,10,Cerrado,134.2646
2001,10,Mata Atlântica,150.5010
2001,11,Caatinga,59.0875
2001,11,Cerrado,190.5673
2001,11,Mata Atlântica,64.8602
2001,12,Caatinga,124.4995
2001,12,Cerrado,201.2717
2001,12,Mata Atlântica,145.0824
2002,1,Caatinga,298.4355
2002,1,Cerrado,255.2499
2002,1,Mata Atlântica,273.7209
2002,2,Caatinga,107.9590
2002,2,Cerrado,129.0738
2002,2,Mata Atlântica,143.8333
2002,3,Caatinga,22.1820
2002,3,Cerrado,79.9737
2002,3,Mata Atlântica,84.7964
2002,4,Caatinga,28.0294
2002,4,Cerrado,49.7456
2002,4,Mata Atlântica,75.8432
2002,5,Caatinga,31.4519
2002,5,Cerrado,30.5164
2002,5,Mata Atlântica,89.3017
2002,6,Caatinga,24.0608
2002,6,Cerrado,1.7972
2002,6,Mata Atlântica,99.4698
2002,7,Caatinga,18.3788
2002,7,Cerrado,4.0742
2002,7,Mata Atlântica,83.0834
2002,8,Caatinga,16.5109
2002,8,Cerrado,1.3485
2002,8,Mata Atlântica,78.3624
2002,9,Caatinga,43.2551
2002,9,Cerrado,46.5698
2002,9,Mata Atlântica,113.9092
2002,10,Caatinga,11.5682
2002,10,Cerrado,41.3460
2002,10,Mata Atlântica,28.4100
2002,11,Caatinga,53.1731
2002,11,Cerrado,100.1976
2002,11,Mata Atlântica,70.4821
2002,12,Caatinga,139.5838
2002,12,Cerrado,263.8106
2002,12,Mata Atlântica,153.2356
2003,1,Caatinga,102.4499
2003,1,Cerrado,198.1685
2003,1,Mata Atlântica,62.1863
2003,2,Caatinga,38.1677
2003,2,Cerrado,141.8846
2003,2,Mata Atlântica,57.0523
2003,3,Caatinga,100.2463
2003,3,Cerrado,187.5367
2003,3,Mata Atlântica,86.4980
2003,4,Caatinga,31.8111
2003,4,Cerrado,67.2096
2003,4,Mata Atlântica,99.0799
2003,5,Caatinga,51.3603
2003,5,Cerrado,26.8456
2003,5,Mata Atlântica,144.1940
2003,6,Caatinga,24.9190
2003,6,Cerrado,1.2059
2003,6,Mata Atlântica,72.2189
2003,7,Caatinga,26.0713
2003,7,Cerrado,0.8464
2003,7,Mata Atlântica,91.3736
2003,8,Caatinga,25.2502
2003,8,Cerrado,17.4921
2003,8,Mata Atlântica,80.4738
2003,9,Caatinga,16.3470
2003,9,Cerrado,10.6481
2003,9,Mata Atlântica,71.2187
2003,10,Caatinga,13.2489
2003,10,Cerrado,34.8678
2003,10,Mata Atlântica,57.7815
2003,11,Caatinga,85.0760
2003,11,Cerrado,144.8161
2003,11,Mata Atlântica,73.4920
2003,12,Caatinga,31.6087
2003,12,Cerrado,129.1991
2003,12,Mata Atlântica,51.7571
2004,1,Caatinga,359.7677
2004,1,Cerrado,382.6679
2004,1,Mata Atlântica,240.1113
2004,2,Caatinga,135.3554
2004,2,Cerrado,246.5673
2004,2,Mata Atlântica,151.9341
2004,3,Caatinga,126.0406
2004,3,Cerrado,235.6825
2004,3,Mata Atlântica,234.1453
2004,4,Caatinga,22.7831
2004,4,Cerrado,104.2635
2004,4,Mata Atlântica,102.6471
2004,5,Caatinga,26.6775
2004,5,Cerrado,3.8545
2004,5,Mata Atlântica,102.6074
2004,6,Caatinga,19.2974
2004,6,Cerrado,2.0467
2004,6,Mata Atlântica,93.3228
2004,7,Caatinga,15.9137
2004,7,Cerrado,0.5899
2004,7,Mata Atlântica,77.1148
2004,8,Caatinga,7.9625
2004,8,Cerrado,1.2999
2004,8,Mata Atlântica,31.6840
2004,9,Caatinga,6.3835
2004,9,Cerrado,3.9074
2004,9,Mata Atlântica,28.9369
2004,10,Caatinga,29.7899
2004,10,Cerrado,82.5819
2004,10,Mata Atlântica,56.6498
2004,11,Caatinga,120.7172
2004,11,Cerrado,136.2597
2004,11,Mata Atlântica,166.3157
2004,12,Caatinga,32.1265
2004,12,Cerrado,114.2676
2004,12,Mata Atlântica,59.6426
2005,1,Caatinga,128.9158
2005,1,Cerrado,224.9177
2005,1,Mata Atlântica,112.4235
2005,2,Caatinga,178.2330
2005,2,Cerrado,245.6359
2005,2,Mata Atlântica,193.6391
2005,3,Caatinga,106.7223
2005,3,Cerrado,228.5861
2005,3,Mata Atlântica,107.3581
2005,4,Caatinga,92.1525
2005,4,Cerrado,68.0948
2005,4,Mata Atlântica,157.1154
2005,5,Caatinga,64.0641
2005,5,Cerrado,51.1666
2005,5,Mata Atlântica,162.0307
2005,6,Caatinga,37.9742
2005,6,Cerrado,2.2276
2005,6,Mata Atlântica,169.2060
2005,7,Caatinga,23.5854
2005,7,Cerrado,1.0910
2005,7,Mata Atlântica,66.6377
2005,8,Caatinga,22.7059
2005,8,Cerrado,1.0656
2005,8,Mata Atlântica,67.8641
2005,9,Caatinga,10.6066
2005,9,Cerrado,32.5710
2005,9,Mata Atlântica,40.4895
2005,10,Caatinga,9.4578
2005,10,Cerrado,23.6205
2005,10,Mata Atlântica,15.1676
2005,11,Caatinga,99.4602
2005,11,Cerrado,207.0058
2005,11,Mata Atlântica,177.2963
2005,12,Caatinga,103.4282
2005,12,Cerrado,290.2062
2005,12,Mata Atlântica,141.2017
2006,1,Caatinga,10.8493
2006,1,Cerrado,56.1974
2006,1,Mata Atlântica,31.6367
2006,2,Caatinga,81.9974
2006,2,Cerrado,159.5360
2006,2,Mata Atlântica,35.9456
2006,3,Caatinga,205.3788
2006,3,Cerrado,312.9022
2006,3,Mata Atlântica,190.3418
2006,4,Caatinga,155.7680
2006,4,Cerrado,185.6549
2006,4,Mata Atlântica,182.6095
2006,5,Caatinga,42.7129
2006,5,Cerrado,43.9469
2006,5,Mata Atlântica,88.6481
2006,6,Caatinga,35.9490
2006,6,Cerrado,2.3295
2006,6,Mata Atlântica,124.6139
2006,7,Caatinga,16.9784
2006,7,Cerrado,0.3052
2006,7,Mata Atlântica,38.1899
2006,8,Caatinga,11.4568
2006,8,Cerrado,1.1477
2006,8,Mata Atlântica,40.3649
2006,9,Caatinga,17.8962
2006,9,Cerrado,25.8259
2006,9,Mata Atlântica,59.6283
2006,10,Caatinga,102.5218
2006,10,Cerrado,182.5198
2006,10,Mata Atlântica,139.5993
2006,11,Caatinga,121.3222
2006,11,Cerrado,164.7139
2006,11,Mata Atlântica,187.4143
2006,12,Caatinga,61.0572
2006,12,Cerrado,177.3867
2006,12,Mata Atlântica,113.1568
2007,1,Caatinga,28.4088
2007,1,Cerrado,81.6301
2007,1,Mata Atlântica,42.8589
2007,2,Caatinga,287.7574
2007,2,Cerrado,285.1927
2007,2,Mata Atlântica,273.3379
2007,3,Caatinga,34.3376
2007,3,Cerrado,45.2506
2007,3,Mata Atlântica,59.7563
2007,4,Caatinga,49.7497
2007,4,Cerrado,34.8087
2007,4,Mata Atlântica,106.8815
2007,5,Caatinga,15.4885
2007,5,Cerrado,11.0855
2007,5,Mata Atlântica,59.1449
2007,6,Caatinga,16.1201
2007,6,Cerrado,1.2336
2007,6,Mata Atlântica,30.2114
2007,7,Caatinga,15.8461
2007,7,Cerrado,0.6082
2007,7,Mata Atlântica,41.1821
2007,8,Caatinga,14.2528
2007,8,Cerrado,1.3411
2007,8,Mata Atlântica,41.2669
2007,9,Caatinga,15.2767
2007,9,Cerrado,2.3846
2007,9,Mata Atlântica,50.8060
2007,10,Caatinga,11.4711
2007,10,Cerrado,33.4099
2007,10,Mata Atlântica,45.5308
2007,11,Caatinga,83.9226
2007,11,Cerrado,106.9330
2007,11,Mata Atlântica,108.4214
2007,12,Caatinga,91.0226
2007,12,Cerrado,148.5587
2007,12,Mata Atlântica,109.3583
2008,1,Caatinga,64.1529
2008,1,Cerrado,159.6274
2008,1,Mata Atlântica,80.0103
2008,2,Caatinga,113.9408
2008,2,Cerrado,153.4262
2008,2,Mata Atlântica,117.1056
2008,3,Caatinga,141.0953
2008,3,Cerrado,214.8631
2008,3,Mata Atlântica,133.7613
2008,4,Caatinga,92.8788
2008,4,Cerrado,143.0532
2008,4,Mata Atlântica,40.8033
2008,5,Caatinga,26.0452
2008,5,Cerrado,11.3952
2008,5,Mata Atlântica,35.2362
2008,6,Caatinga,20.1711
2008,6,Cerrado,1.6594
2008,6,Mata Atlântica,82.6394
2008,7,Caatinga,17.2198
2008,7,Cerrado,0.6174
2008,7,Mata Atlântica,47.0245
2008,8,Caatinga,10.8130
2008,8,Cerrado,0.4485
2008,8,Mata Atlântica,24.3157
2008,9,Caatinga,13.8814
2008,9,Cerrado,21.1746
2008,9,Mata Atlântica,28.7776
2008,10,Caatinga,5.5457
2008,10,Cerrado,8.9956
2008,10,Mata Atlântica,14.8354
2008,11,Caatinga,71.0073
2008,11,Cerrado,210.5527
2008,11,Mata Atlântica,139.7681
2008,12,Caatinga,129.1188
2008,12,Cerrado,220.3989
2008,12,Mata Atlântica,143.8893
2009,1,Caatinga,93.5011
2009,1,Cerrado,156.3351
2009,1,Mata Atlântica,104.1705
2009,2,Caatinga,79.5710
2009,2,Cerrado,97.9087
2009,2,Mata Atlântica,47.3814
2009,3,Caatinga,90.1974
2009,3,Cerrado,107.9742
2009,3,Mata Atlântica,94.2343
2009,4,Caatinga,182.8875
2009,4,Cerrado,237.4640
2009,4,Mata Atlântica,214.1261
2009,5,Caatinga,62.9254
2009,5,Cerrado,79.9436
2009,5,Mata Atlântica,134.5015
2009,6,Caatinga,24.4039
2009,6,Cerrado,26.9116
2009,6,Mata Atlântica,66.2954
2009,7,Caatinga,16.8386
2009,7,Cerrado,0.7192
2009,7,Mata Atlântica,51.2437
2009,8,Caatinga,17.0673
2009,8,Cerrado,2.8615
2009,8,Mata Atlântica,67.4763
2009,9,Caatinga,6.4141
2009,9,Cerrado,19.5378
2009,9,Mata Atlântica,27.5360
2009,10,Caatinga,169.7221
2009,10,Cerrado,233.6455
2009,10,Mata Atlântica,173.9403
2009,11,Caatinga,20.8655
2009,11,Cerrado,116.0926
2009,11,Mata Atlântica,35.2427
2009,12,Caatinga,86.6602
2009,12,Cerrado,218.3137
2009,12,Mata Atlântica,49.6347
2010,1,Caatinga,56.3144
2010,1,Cerrado,125.6404
2010,1,Mata Atlântica,37.7750
2010,2,Caatinga,38.8720
2010,2,Cerrado,82.9806
2010,2,Mata Atlântica,58.6426
2010,3,Caatinga,135.5116
2010,3,Cerrado,212.4348
2010,3,Mata Atlântica,203.5650
2010,4,Caatinga,121.3630
2010,4,Cerrado,96.5291
2010,4,Mata Atlântica,179.8464
2010,5,Caatinga,12.9038
2010,5,Cerrado,25.4590
2010,5,Mata Atlântica,57.9836
2010,6,Caatinga,18.7913
2010,6,Cerrado,0.5081
2010,6,Mata Atlântica,31.7727
2010,7,Caatinga,45.2488
2010,7,Cerrado,3.0946
2010,7,Mata Atlântica,117.3678
2010,8,Caatinga,12.8656
2010,8,Cerrado,0.8793
2010,8,Mata Atlântica,40.9675
2010,9,Caatinga,10.7712
2010,9,Cerrado,11.5213
2010,9,Mata Atlântica,33.8734
2010,10,Caatinga,68.3360
2010,10,Cerrado,134.7459
2010,10,Mata Atlântica,68.5449
2010,11,Caatinga,68.1474
2010,11,Cerrado,197.6419
2010,11,Mata Atlântica,157.1155
2010,12,Caatinga,156.4824
2010,12,Cerrado,205.1173
2010,12,Mata Atlântica,122.9075
2011,1,Caatinga,77.1231
2011,1,Cerrado,196.9980
2011,1,Mata Atlântica,81.2670
2011,2,Caatinga,88.7181
2011,2,Cerrado,183.5275
2011,2,Mata Atlântica,40.1767
2011,3,Caatinga,165.0529
2011,3,Cerrado,247.2500
2011,3,Mata Atlântica,157.9162
2011,4,Caatinga,57.2258
2011,4,Cerrado,76.4508
2011,4,Mata Atlântica,184.1266
2011,5,Caatinga,24.2318
2011,5,Cerrado,15.9919
2011,5,Mata Atlântica,72.2991
2011,6,Caatinga,11.1286
2011,6,Cerrado,0.8882
2011,6,Mata Atlântica,38.7024
2011,7,Caatinga,14.0557
2011,7,Cerrado,0.6137
2011,7,Mata Atlântica,33.9212
2011,8,Caatinga,8.4504
2011,8,Cerrado,0.5299
2011,8,Mata Atlântica,21.5341
2011,9,Caatinga,6.1803
2011,9,Cerrado,1.8352
2011,9,Mata Atlântica,21.2306
2011,10,Caatinga,64.2130
2011,10,Cerrado,146.1917
2011,10,Mata Atlântica,94.2701
2011,11,Caatinga,92.5997
2011,11,Cerrado,217.6729
2011,11,Mata Atlântica,167.5212
2011,12,Caatinga,85.2479
2011,12,Cerrado,235.8824
2011,12,Mata Atlântica,143.7765
2012,1,Caatinga,38.3524
2012,1,Cerrado,192.9520
2012,1,Mata Atlântica,51.1191
2012,2,Caatinga,67.6597
2012,2,Cerrado,89.3861
2012,2,Mata Atlântica,58.2261
2012,3,Caatinga,21.1289
2012,3,Cerrado,79.7751
2012,3,Mata Atlântica,35.5369
2012,4,Caatinga,4.9913
2012,4,Cerrado,25.3516
2012,4,Mata Atlântica,13.0357
2012,5,Caatinga,20.5304
2012,5,Cerrado,21.3101
2012,5,Mata Atlântica,84.4876
2012,6,Caatinga,12.8735
2012,6,Cerrado,1.5247
2012,6,Mata Atlântica,54.1132
2012,7,Caatinga,12.3557
2012,7,Cerrado,0.5569
2012,7,Mata Atlântica,47.6318
2012,8,Caatinga,19.2297
2012,8,Cerrado,1.0681
2012,8,Mata Atlântica,92.5729
2012,9,Caatinga,3.7983
2012,9,Cerrado,3.4148
2012,9,Mata Atlântica,23.1799
2012,10,Caatinga,14.0686
2012,10,Cerrado,27.3458
2012,10,Mata Atlântica,55.0914
2012,11,Caatinga,160.3522
2012,11,Cerrado,330.2205
2012,11,Mata Atlântica,197.7885
2012,12,Caatinga,17.1176
2012,12,Cerrado,57.6214
2012,12,Mata Atlântica,7.3684
2013,1,Caatinga,140.9774
2013,1,Cerrado,312.3462
2013,1,Mata Atlântica,123.1155
2013,2,Caatinga,12.1140
2013,2,Cerrado,57.2727
2013,2,Mata Atlântica,45.1498
2013,3,Caatinga,44.5245
2013,3,Cerrado,145.9684
2013,3,Mata Atlântica,28.1353
2013,4,Caatinga,56.4462
2013,4,Cerrado,111.4700
2013,4,Mata Atlântica,89.3176
2013,5,Caatinga,15.3445
2013,5,Cerrado,9.9223
2013,5,Mata Atlântica,50.9256
2013,6,Caatinga,22.0722
2013,6,Cerrado,7.1243
2013,6,Mata Atlântica,96.0267
2013,7,Caatinga,32.6409
2013,7,Cerrado,1.0173
2013,7,Mata Atlântica,100.9578
2013,8,Caatinga,19.6622
2013,8,Cerrado,0.8716
2013,8,Mata Atlântica,101.5401
2013,9,Caatinga,12.2051
2013,9,Cerrado,7.3026
2013,9,Mata Atlântica,77.8694
2013,10,Caatinga,39.9285
2013,10,Cerrado,73.7732
2013,10,Mata Atlântica,99.3632
2013,11,Caatinga,93.5423
2013,11,Cerrado,184.6196
2013,11,Mata Atlântica,141.3390
2013,12,Caatinga,219.8071
2013,12,Cerrado,331.9440
2013,12,Mata Atlântica,211.7200
2014,1,Caatinga,14.8118
2014,1,Cerrado,60.9828
2014,1,Mata Atlântica,57.7945
2014,2,Caatinga,55.3108
2014,2,Cerrado,105.3337
2014,2,Mata Atlântica,83.0909
2014,3,Caatinga,68.2886
2014,3,Cerrado,161.1945
2014,3,Mata Atlântica,110.9194
2014,4,Caatinga,91.6705
2014,4,Cerrado,97.9852
2014,4,Mata Atlântica,55.4310
2014,5,Caatinga,29.5363
2014,5,Cerrado,20.2132
2014,5,Mata Atlântica,67.1268
2014,6,Caatinga,16.3900
2014,6,Cerrado,2.3177
2014,6,Mata Atlântica,102.4799
2014,7,Caatinga,31.9201
2014,7,Cerrado,0.3005
2014,7,Mata Atlântica,124.1846
2014,8,Caatinga,11.3351
2014,8,Cerrado,0.3750
2014,8,Mata Atlântica,40.8402
2014,9,Caatinga,13.2579
2014,9,Cerrado,6.5770
2014,9,Mata Atlântica,36.6830
2014,10,Caatinga,33.7189
2014,10,Cerrado,65.7400
2014,10,Mata Atlântica,96.4584
2014,11,Caatinga,141.8617
2014,11,Cerrado,218.9907
2014,11,Mata Atlântica,146.2835
2014,12,Caatinga,121.6065
2014,12,Cerrado,203.3020
2014,12,Mata Atlântica,149.3933
2015,1,Caatinga,20.1888
2015,1,Cerrado,76.3257
2015,1,Mata Atlântica,33.5854
2015,2,Caatinga,116.0621
2015,2,Cerrado,156.0982
2015,2,Mata Atlântica,120.6210
2015,3,Caatinga,45.4532
2015,3,Cerrado,136.0421
2015,3,Mata Atlântica,71.7412
2015,4,Caatinga,108.2446
2015,4,Cerrado,219.0907
2015,4,Mata Atlântica,93.5431
2015,5,Caatinga,42.7742
2015,5,Cerrado,22.4427
2015,5,Mata Atlântica,137.7090
2015,6,Caatinga,40.7848
2015,6,Cerrado,1.5801
2015,6,Mata Atlântica,169.0146
2015,7,Caatinga,26.2038
2015,7,Cerrado,0.5953
2015,7,Mata Atlântica,77.2126
2015,8,Caatinga,22.0848
2015,8,Cerrado,0.6557
2015,8,Mata Atlântica,68.8613
2015,9,Caatinga,4.3613
2015,9,Cerrado,2.5063
2015,9,Mata Atlântica,17.7224
2015,10,Caatinga,12.8559
2015,10,Cerrado,36.5932
2015,10,Mata Atlântica,23.5477
2015,11,Caatinga,48.4694
2015,11,Cerrado,136.4745
2015,11,Mata Atlântica,35.3371
2015,12,Caatinga,11.4490
2015,12,Cerrado,41.0173
2015,12,Mata Atlântica,18.8259
2016,1,Caatinga,395.1531
2016,1,Cerrado,489.4420
2016,1,Mata Atlântica,254.3174
2016,2,Caatinga,26.3506
2016,2,Cerrado,38.4437
2016,2,Mata Atlântica,27.4995
2016,3,Caatinga,13.6254
2016,3,Cerrado,74.9942
2016,3,Mata Atlântica,36.6306
2016,4,Caatinga,9.7936
2016,4,Cerrado,9.7673
2016,4,Mata Atlântica,34.6219
2016,5,Caatinga,23.7371
2016,5,Cerrado,2.5089
2016,5,Mata Atlântica,60.0455
2016,6,Caatinga,13.7672
2016,6,Cerrado,4.4317
2016,6,Mata Atlântica,53.4610
2016,7,Caatinga,9.6568
2016,7,Cerrado,0.4269
2016,7,Mata Atlântica,58.9595
2016,8,Caatinga,15.1763
2016,8,Cerrado,1.5207
2016,8,Mata Atlântica,59.7590
2016,9,Caatinga,18.7951
2016,9,Cerrado,26.2952
2016,9,Mata Atlântica,56.3265
2016,10,Caatinga,39.3564
2016,10,Cerrado,66.4499
2016,10,Mata Atlântica,112.8761
2016,11,Caatinga,94.4754
2016,11,Cerrado,153.6954
2016,11,Mata Atlântica,153.3233
2016,12,Caatinga,47.8243
2016,12,Cerrado,111.8828
2016,12,Mata Atlântica,74.0789
2017,1,Caatinga,18.9598
2017,1,Cerrado,90.2216
2017,1,Mata Atlântica,14.7572
2017,2,Caatinga,82.5899
2017,2,Cerrado,216.8986
2017,2,Mata Atlântica,111.0036
2017,3,Caatinga,73.1288
2017,3,Cerrado,141.3462
2017,3,Mata Atlântica,123.1814
2017,4,Caatinga,52.4192
2017,4,Cerrado,57.6665
2017,4,Mata Atlântica,104.3374
2017,5,Caatinga,26.6431
2017,5,Cerrado,15.6147
2017,5,Mata Atlântica,95.5130
2017,6,Caatinga,24.6311
2017,6,Cerrado,1.1296
2017,6,Mata Atlântica,93.4285
2017,7,Caatinga,33.2897
2017,7,Cerrado,2.3520
2017,7,Mata Atlântica,119.1964
2017,8,Caatinga,7.4266
2017,8,Cerrado,0.4645
2017,8,Mata Atlântica,39.8004
2017,9,Caatinga,35.9885
2017,9,Cerrado,4.4201
2017,9,Mata Atlântica,75.0832
2017,10,Caatinga,10.0184
2017,10,Cerrado,23.4582
2017,10,Mata Atlântica,19.4263
2017,11,Caatinga,83.2408
2017,11,Cerrado,150.7697
2017,11,Mata Atlântica,112.9751
2017,12,Caatinga,83.9051
2017,12,Cerrado,156.9162
2017,12,Mata Atlântica,144.7961
2018,1,Caatinga,61.8643
2018,1,Cerrado,132.5926
2018,1,Mata Atlântica,52.1328
2018,2,Caatinga,134.1719
2018,2,Cerrado,247.4846
2018,2,Mata Atlântica,118.0119
2018,3,Caatinga,114.2690
2018,3,Cerrado,172.5162
2018,3,Mata Atlântica,115.7497
2018,4,Caatinga,40.5644
2018,4,Cerrado,71.4636
2018,4,Mata Atlântica,117.7862
2018,5,Caatinga,26.3895
2018,5,Cerrado,3.7534
2018,5,Mata Atlântica,106.0758
2018,6,Caatinga,29.4288
2018,6,Cerrado,2.1991
2018,6,Mata Atlântica,94.7226
2018,7,Caatinga,5.7785
2018,7,Cerrado,0.2155
2018,7,Mata Atlântica,44.0870
2018,8,Caatinga,7.9553
2018,8,Cerrado,8.2741
2018,8,Mata Atlântica,37.0612
2018,9,Caatinga,4.3438
2018,9,Cerrado,3.9985
2018,9,Mata Atlântica,25.3634
2018,10,Caatinga,42.7237
2018,10,Cerrado,103.4981
2018,10,Mata Atlântica,63.0298
2018,11,Caatinga,67.4075
2018,11,Cerrado,205.0324
2018,11,Mata Atlântica,151.0551
2018,12,Caatinga,138.0126
2018,12,Cerrado,166.5828
2018,12,Mata Atlântica,167.6782
2019,1,Caatinga,13.0939
2019,1,Cerrado,38.6631
2019,1,Mata Atlântica,14.9251
2019,2,Caatinga,89.1308
2019,2,Cerrado,144.5546
2019,2,Mata Atlântica,42.3762
2019,3,Caatinga,145.8441
2019,3,Cerrado,240.4610
2019,3,Mata Atlântica,129.0891
2019,4,Caatinga,80.8921
2019,4,Cerrado,101.6758
2019,4,Mata Atlântica,104.3702
2019,5,Caatinga,21.7540
2019,5,Cerrado,36.2936
2019,5,Mata Atlântica,61.1016
2019,6,Caatinga,33.3559
2019,6,Cerrado,1.1297
2019,6,Mata Atlântica,87.2896
2019,7,Caatinga,27.0339
2019,7,Cerrado,0.6904
2019,7,Mata Atlântica,75.1481
2019,8,Caatinga,22.5013
2019,8,Cerrado,1.9397
2019,8,Mata Atlântica,82.2562
2019,9,Caatinga,17.6853
2019,9,Cerrado,12.5784
2019,9,Mata Atlântica,57.1727
2019,10,Caatinga,25.9468
2019,10,Cerrado,46.6963
2019,10,Mata Atlântica,47.5080
2019,11,Caatinga,45.0780
2019,11,Cerrado,125.3436
2019,11,Mata Atlântica,67.5378
2019,12,Caatinga,35.0388
2019,12,Cerrado,77.5296
2019,12,Mata Atlântica,63.7589
2020,1,Caatinga,180.0907
2020,1,Cerrado,280.5396
2020,1,Mata Atlântica,149.6419
2020,2,Caatinga,70.9093
2020,2,Cerrado,179.7742
2020,2,Mata Atlântica,36.9905
2020,3,Caatinga,198.1092
2020,3,Cerrado,271.9884
2020,3,Mata Atlântica,195.6538
2020,4,Caatinga,117.8725
2020,4,Cerrado,140.0568
2020,4,Mata Atlântica,179.5735
2020,5,Caatinga,47.8332
2020,5,Cerrado,25.4072
2020,5,Mata Atlântica,107.3713
2020,6,Caatinga,36.5131
2020,6,Cerrado,2.3922
2020,6,Mata Atlântica,76.2882
2020,7,Caatinga,31.9282
2020,7,Cerrado,1.4236
2020,7,Mata Atlântica,58.2167
2020,8,Caatinga,17.6614
2020,8,Cerrado,0.9741
2020,8,Mata Atlântica,60.3614
2020,9,Caatinga,11.0163
2020,9,Cerrado,3.9309
2020,9,Mata Atlântica,24.8758
2020,10,Caatinga,61.2037
2020,10,Cerrado,92.3970
2020,10,Mata Atlântica,125.9359
2020,11,Caatinga,149.4082
2020,11,Cerrado,187.1255
2020,11,Mata Atlântica,151.6210
2020,12,Caatinga,13.6847
2020,12,Cerrado,102.5266
2020,12,Mata Atlântica,23.4726
