ano;mes;bioma;psn_g_c_m2;et_mm;pet_mm;ida;lst_dia_c;precip_mm;area_queimada_ha;oni;fonte
2001;1;Caatinga;133,0722;106,9931;;0,4699;29,8057;32,41;6275,0;-0,76;planilha Benfica 2001-2020 corrigida
2001;1;Cerrado;132,9859;95,5944;;0,4032;31,1975;59,99;7000,0;-0,76;planilha Benfica 2001-2020 corrigida
2001;1;Mata Atlântica;160,1861;107,2975;;0,5495;29,0908;51,3;5300,0;-0,76;planilha Benfica 2001-2020 corrigida
2001;2;Caatinga;75,4696;78,6215;;0,3068;33,4845;34,95;425,0;-0,54;planilha Benfica 2001-2020 corrigida
2001;2;Cerrado;83,9807;83,9749;;0,3224;31,3594;102,81;1700,0;-0,54;planilha Benfica 2001-2020 corrigida
2001;2;Mata Atlântica;133,4854;104,9693;;0,4434;32,0178;44,28;11225,0;-0,54;planilha Benfica 2001-2020 corrigida
2001;3;Caatinga;93,8035;80,7663;;0,3801;31,5951;97,51;775,0;-0,43;planilha Benfica 2001-2020 corrigida
2001;3;Cerrado;99,9636;89,2413;;0,4304;30,2487;160,98;11950,0;-0,43;planilha Benfica 2001-2020 corrigida
2001;3;Mata Atlântica;125,1755;98,5551;;0,5598;29,1505;113,51;100,0;-0,43;planilha Benfica 2001-2020 corrigida
2001;4;Caatinga;88,8666;68,3464;;0,3165;31,6978;24,82;450,0;-0,29;planilha Benfica 2001-2020 corrigida
2001;4;Cerrado;82,8587;72,8252;;0,2976;30,7817;40,55;14775,0;-0,29;planilha Benfica 2001-2020 corrigida
2001;4;Mata Atlântica;134,0681;111,5411;;0,5786;27,8595;75,49;0,0;-0,29;planilha Benfica 2001-2020 corrigida
2001;5;Caatinga;61,6095;43,8693;;0,2181;32,8616;20,86;275,0;-0,19;planilha Benfica 2001-2020 corrigida
2001;5;Cerrado;49,8018;43,9848;;0,1978;30,727;22,57;5650,0;-0,19;planilha Benfica 2001-2020 corrigida
2001;5;Mata Atlântica;112,1725;97,9127;;0,6082;27,7867;109,85;0,0;-0,19;planilha Benfica 2001-2020 corrigida
2001;6;Caatinga;76,5246;33,0466;;0,237;29,456;38,9;3350,0;-0,08;planilha Benfica 2001-2020 corrigida
2001;6;Cerrado;71,5369;35,7193;;0,1902;29,4131;1,46;10875,0;-0,08;planilha Benfica 2001-2020 corrigida
2001;6;Mata Atlântica;127,6461;71,2621;;0,6489;24,2104;113,79;0,0;-0,08;planilha Benfica 2001-2020 corrigida
2001;7;Caatinga;75,4298;33,6451;;0,2055;29,5154;21,09;2950,0;-0,05;planilha Benfica 2001-2020 corrigida
2001;7;Cerrado;58,7605;27,9563;;0,1252;30,3779;2,25;65850,0;-0,05;planilha Benfica 2001-2020 corrigida
2001;7;Mata Atlântica;134,5885;82,3936;;0,5852;24,3424;95,78;0,0;-0,05;planilha Benfica 2001-2020 corrigida
2001;8;Caatinga;70,8298;31,1587;;0,1904;31,26;25,71;22925,0;-0,13;planilha Benfica 2001-2020 corrigida
2001;8;Cerrado;50,8428;26,9267;;0,1116;33,2303;1,17;241100,0;-0,13;planilha Benfica 2001-2020 corrigida
2001;8;Mata Atlântica;140,5;76,1151;;0,5709;24,6298;92,31;0,0;-0,13;planilha Benfica 2001-2020 corrigida
2001;9;Caatinga;49,1858;27,1705;;0,1203;36,9442;21,5033;40975,0;-0,15;planilha Benfica 2001-2020 corrigida
2001;9;Cerrado;3,5982;16,4452;;0,0596;38,322;13,86;481900,0;-0,15;planilha Benfica 2001-2020 corrigida
2001;9;Mata Atlântica;148,309;85,5576;;0,5063;29,018;75,96;0,0;-0,15;planilha Benfica 2001-2020 corrigida
2001;10;Caatinga;61,1511;43,0745;;0,1871;38,1451;61,85;61575,0;-0,26;planilha Benfica 2001-2020 corrigida
2001;10;Cerrado;56,2363;47,7389;;0,2036;35,4421;132,77;174100,0;-0,26;planilha Benfica 2001-2020 corrigida
2001;10;Mata Atlântica;146,8706;93,251;;0,5785;29,3045;147,94;0,0;-0,26;planilha Benfica 2001-2020 corrigida
2001;11;Caatinga;62,2393;56,5202;;0,2371;37,0874;57,6;5350,0;-0,33;planilha Benfica 2001-2020 corrigida
2001;11;Cerrado;71,9137;69,7119;;0,3074;33,6013;190,88;16575,0;-0,33;planilha Benfica 2001-2020 corrigida
2001;11;Mata Atlântica;140,9388;101,5254;;0,5417;30,8291;61,94;0,0;-0,33;planilha Benfica 2001-2020 corrigida
2001;12;Caatinga;71,2313;57,9878;;0,2804;34,4703;124,04;0,0;-0,32;planilha Benfica 2001-2020 corrigida
2001;12;Cerrado;86,2603;69,4023;;0,3214;32,8514;199,25;0,0;-0,32;planilha Benfica 2001-2020 corrigida
2001;12;Mata Atlântica;132,3167;89,3348;;0,569;29,2949;144,23;0,0;-0,32;planilha Benfica 2001-2020 corrigida
2002;1;Caatinga;118,6635;89,6959;;0,5569;26,9724;297,54;650,0;-0,15;planilha Benfica 2001-2020 corrigida
2002;1;Cerrado;122,8323;88,8725;;0,5697;27,9746;252,39;3525,0;-0,15;planilha Benfica 2001-2020 corrigida
2002;1;Mata Atlântica;126,7474;87,9578;;0,6734;26,8958;273,05;0,0;-0,15;planilha Benfica 2001-2020 corrigida
2002;2;Caatinga;150,7345;129,0055;;0,506;29,3099;108,2;200,0;0,07;planilha Benfica 2001-2020 corrigida
2002;2;Cerrado;128,1137;106,8802;;0,4243;29,2245;129,21;11000,0;0,07;planilha Benfica 2001-2020 corrigida
2002;2;Mata Atlântica;174,1388;120,9776;;0,5485;29,0148;143,3;0,0;0,07;planilha Benfica 2001-2020 corrigida
2002;3;Caatinga;96,5245;78,3248;;0,3767;30,3277;21,92;25,0;0,11;planilha Benfica 2001-2020 corrigida
2002;3;Cerrado;69,8118;69,0892;;0,2861;31,5189;78,88;10850,0;0,11;planilha Benfica 2001-2020 corrigida
2002;3;Mata Atlântica;157,4312;99,8639;;0,576;27,07;82,7;0,0;0,11;planilha Benfica 2001-2020 corrigida
2002;4;Caatinga;89,8433;67,4175;;0,3338;30,9775;27,68;0,0;0,15;planilha Benfica 2001-2020 corrigida
2002;4;Cerrado;82,3594;68,3233;;0,2855;30,7207;48,72;3100,0;0,15;planilha Benfica 2001-2020 corrigida
2002;4;Mata Atlântica;147,6852;102,4368;;0,5843;27,4082;74,05;0,0;0,15;planilha Benfica 2001-2020 corrigida
2002;5;Caatinga;76,5227;48,0266;;0,2537;30,6823;31,8;1125,0;0,3;planilha Benfica 2001-2020 corrigida
2002;5;Cerrado;48,2556;38,5915;;0,1705;31,0781;30,29;16550,0;0,3;planilha Benfica 2001-2020 corrigida
2002;5;Mata Atlântica;133,2083;97,2557;;0,586;26,2901;86,96;1425,0;0,3;planilha Benfica 2001-2020 corrigida
2002;6;Caatinga;76,0779;36,7207;;0,2468;28,6059;24,63;325,0;0,45;planilha Benfica 2001-2020 corrigida
2002;6;Cerrado;60,1403;32,4361;;0,1589;29,6406;1,79;20925,0;0,45;planilha Benfica 2001-2020 corrigida
2002;6;Mata Atlântica;120,7572;79,0919;;0,6221;23,7208;97,74;0,0;0,45;planilha Benfica 2001-2020 corrigida
2002;7;Caatinga;68,5914;33,1021;;0,1794;30,5109;18,68;1550,0;0,57;planilha Benfica 2001-2020 corrigida
2002;7;Cerrado;41,4363;25,0067;;0,1125;31,8024;4,06;62475,0;0,57;planilha Benfica 2001-2020 corrigida
2002;7;Mata Atlântica;134,2708;87,654;;0,5684;24,3028;81,25;0,0;0,57;planilha Benfica 2001-2020 corrigida
2002;8;Caatinga;62,0458;29,236;;0,1418;31,9905;16,89;10375,0;0,63;planilha Benfica 2001-2020 corrigida
2002;8;Cerrado;40,3546;23,1854;;0,0944;34,2283;1,34;375725,0;0,63;planilha Benfica 2001-2020 corrigida
2002;8;Mata Atlântica;133,5572;86,9665;;0,5114;25,3027;77,02;47400,0;0,63;planilha Benfica 2001-2020 corrigida
2002;9;Caatinga;56,0487;31,6723;;0,132;36,0341;43,18;52900,0;0,78;planilha Benfica 2001-2020 corrigida
2002;9;Cerrado;25,8219;24,6209;;0,0944;37,1346;45,84;688125,0;0,78;planilha Benfica 2001-2020 corrigida
2002;9;Mata Atlântica;153,3703;100,7991;;0,4892;27,5769;111,77;1675,0;0,78;planilha Benfica 2001-2020 corrigida
2002;10;Caatinga;43,5983;34,3987;;0,1394;38,8237;11,43;40725,0;0,99;planilha Benfica 2001-2020 corrigida
2002;10;Cerrado;14,15;31,193;;0,1219;39,6489;40,93;358525,0;0,99;planilha Benfica 2001-2020 corrigida
2002;10;Mata Atlântica;136,1164;99,6495;;0,4458;31,3575;27,87;14850,0;0,99;planilha Benfica 2001-2020 corrigida
2002;11;Caatinga;63,2278;47,2673;;0,1766;37,992;52,49;14200,0;1,19;planilha Benfica 2001-2020 corrigida
2002;11;Cerrado;48,9093;49,2945;;0,1769;39,1453;100,88;40500,0;1,19;planilha Benfica 2001-2020 corrigida
2002;11;Mata Atlântica;140,0782;106,2869;;0,4362;31,9947;69,14;10700,0;1,19;planilha Benfica 2001-2020 corrigida
2002;12;Caatinga;59,401;52,9437;;0,2484;35,6779;138,35;6100,0;1,08;planilha Benfica 2001-2020 corrigida
2002;12;Cerrado;62,9086;64,2578;;0,3379;32,601;264,13;9900,0;1,08;planilha Benfica 2001-2020 corrigida
2002;12;Mata Atlântica;97,5204;91,1863;;0,4375;32,5806;152,7;33700,0;1,08;planilha Benfica 2001-2020 corrigida
2003;1;Caatinga;88,0533;84,4534;;0,3942;32,6733;102,4454;2325,0;0,9;planilha Benfica 2001-2020 corrigida
2003;1;Cerrado;101,5544;90,6093;;0,4947;31,4833;198,1609;3800,0;0,9;planilha Benfica 2001-2020 corrigida
2003;1;Mata Atlântica;110,6001;103,1607;;0,4998;32,3567;77,5217;5475,0;0,9;planilha Benfica 2001-2020 corrigida
2003;2;Caatinga;108,3954;87,7852;;0,3536;31,1875;37,271;4025,0;0,59;planilha Benfica 2001-2020 corrigida
2003;2;Cerrado;138,1667;109,2611;;0,4653;31,5175;138,6802;9025,0;0,59;planilha Benfica 2001-2020 corrigida
2003;2;Mata Atlântica;137,0599;102,9978;;0,4335;30,935;56,0479;6475,0;0,59;planilha Benfica 2001-2020 corrigida
2003;3;Caatinga;93,2057;76,059;;0,3286;31,8825;98,66;2400,0;0,38;planilha Benfica 2001-2020 corrigida
2003;3;Cerrado;112,5683;98,0108;;0,4835;30,7175;186,2649;4300,0;0,38;planilha Benfica 2001-2020 corrigida
2003;3;Mata Atlântica;116,3219;97,0388;;0,4428;33,295;84,6906;5275,0;0,38;planilha Benfica 2001-2020 corrigida
2003;4;Caatinga;99,2552;76,9441;;0,3312;31,825;31,52;1275,0;-0,01;planilha Benfica 2001-2020 corrigida
2003;4;Cerrado;131,4172;98,2123;;0,4445;30,175;66,3088;10200,0;-0,01;planilha Benfica 2001-2020 corrigida
2003;4;Mata Atlântica;119,8185;106,1514;;0,509;30,4875;96,9518;1975,0;-0,01;planilha Benfica 2001-2020 corrigida
2003;5;Caatinga;87,3562;58,5073;;0,3143;31,605;51,56;600,0;-0,18;planilha Benfica 2001-2020 corrigida
2003;5;Cerrado;104,864;67,5021;;0,357;30,12;26,1497;12125,0;-0,18;planilha Benfica 2001-2020 corrigida
2003;5;Mata Atlântica;119,434;102,619;;0,6079;27,9675;140,8877;1400,0;-0,18;planilha Benfica 2001-2020 corrigida
2003;6;Caatinga;92,4669;45,9064;;0,2676;30,435;25,4;1150,0;-0,13;planilha Benfica 2001-2020 corrigida
2003;6;Cerrado;95,0396;47,2596;;0,2453;29,76;1,1875;19675,0;-0,13;planilha Benfica 2001-2020 corrigida
2003;6;Mata Atlântica;137,0808;97,2216;;0,5998;26,0625;71,1988;1700,0;-0,13;planilha Benfica 2001-2020 corrigida
2003;7;Caatinga;84,5967;37,6721;;0,2148;30,745;26,59;2075,0;0,09;planilha Benfica 2001-2020 corrigida
2003;7;Cerrado;79,232;32,9614;;0,1562;29,665;0,8473;36725,0;0,09;planilha Benfica 2001-2020 corrigida
2003;7;Mata Atlântica;132,5619;86,155;;0,5506;25,1225;89,8925;1150,0;0,09;planilha Benfica 2001-2020 corrigida
2003;8;Caatinga;66,4253;32,6841;;0,1722;34,0975;25,54;4550,0;0,14;planilha Benfica 2001-2020 corrigida
2003;8;Cerrado;48,1191;28,217;;0,1227;33,8775;17,6373;73750,0;0,14;planilha Benfica 2001-2020 corrigida
2003;8;Mata Atlântica;139,4921;87,3522;;0,5512;27,75;79,1887;975,0;0,14;planilha Benfica 2001-2020 corrigida
2003;9;Caatinga;55,0721;28,8681;;0,1245;37,535;16,61;47450,0;0,23;planilha Benfica 2001-2020 corrigida
2003;9;Cerrado;29,1111;26,1562;;0,0999;37,76;10,4714;292925,0;0,23;planilha Benfica 2001-2020 corrigida
2003;9;Mata Atlântica;149,3302;99,4373;;0,481;31,43;69,8455;9150,0;0,23;planilha Benfica 2001-2020 corrigida
2003;10;Caatinga;48,5393;29,6139;;0,122;39,7406;13,24;42400,0;0,23;planilha Benfica 2001-2020 corrigida
2003;10;Cerrado;43,445;36,6583;;0,1449;38,41;34,6698;155850,0;0,23;planilha Benfica 2001-2020 corrigida
2003;10;Mata Atlântica;137,1428;99,7416;;0,4488;33,4675;56,2465;23500,0;0,23;planilha Benfica 2001-2020 corrigida
2003;11;Caatinga;60,1874;52,5669;;0,1959;36,9875;84,48;5625,0;0,29;planilha Benfica 2001-2020 corrigida
2003;11;Cerrado;69,218;69,4078;;0,2712;36,07;143,6092;26325,0;0,29;planilha Benfica 2001-2020 corrigida
2003;11;Mata Atlântica;130,7578;98,9406;;0,387;35,2295;73,0;4650,0;0,29;planilha Benfica 2001-2020 corrigida
2003;12;Caatinga;44,1799;42,186;;0,1787;36,53;30,92;12925,0;0,29;planilha Benfica 2001-2020 corrigida
2003;12;Cerrado;72,3686;70,07;;0,3098;33,8975;128,5146;15100,0;0,29;planilha Benfica 2001-2020 corrigida
2003;12;Mata Atlântica;103,0807;83,9692;;0,3707;33,605;49,8188;29075,0;0,29;planilha Benfica 2001-2020 corrigida
2004;1;Caatinga;66,4326;67,9122;;0,4005;33,9033;357,22;925,0;0,34;planilha Benfica 2001-2020 corrigida
2004;1;Cerrado;93,2125;82,8518;;0,5044;31,4167;380,68;2675,0;0,34;planilha Benfica 2001-2020 corrigida
2004;1;Mata Atlântica;93,7921;84,7308;;0,5489;32,2206;239,3357;200,0;0,34;planilha Benfica 2001-2020 corrigida
2004;2;Caatinga;167,1746;130,8961;;0,5694;29,01;134,67;625,0;0,27;planilha Benfica 2001-2020 corrigida
2004;2;Cerrado;140,3181;115,6979;;0,6366;29,1875;245,3;350,0;0,27;planilha Benfica 2001-2020 corrigida
2004;2;Mata Atlântica;168,3671;128,5803;;0,5961;29,7575;151,38;2150,0;0,27;planilha Benfica 2001-2020 corrigida
2004;3;Caatinga;143,7385;123,3922;;0,5566;28,0325;125,06;3100,0;0,19;planilha Benfica 2001-2020 corrigida
2004;3;Cerrado;138,3204;121,3091;;0,6124;28,3225;236,0;35625,0;0,19;planilha Benfica 2001-2020 corrigida
2004;3;Mata Atlântica;133,2363;115,0139;;0,6313;29,6375;231,27;2625,0;0,19;planilha Benfica 2001-2020 corrigida
2004;4;Caatinga;135,8916;113,7547;;0,5011;28,7675;22,49;1475,0;0,1;planilha Benfica 2001-2020 corrigida
2004;4;Cerrado;142,0457;117,3252;;0,5443;29,2625;102,42;12900,0;0,1;planilha Benfica 2001-2020 corrigida
2004;4;Mata Atlântica;138,4366;116,6995;;0,6402;27,7675;99,49;575,0;0,1;planilha Benfica 2001-2020 corrigida
2004;5;Caatinga;119,7174;83,1108;;0,4194;28,7025;27,02;750,0;0,12;planilha Benfica 2001-2020 corrigida
2004;5;Cerrado;129,1688;90,7854;;0,4667;29,3675;3,72;19575,0;0,12;planilha Benfica 2001-2020 corrigida
2004;5;Mata Atlântica;133,3979;110,4857;;0,6571;26,1575;100,48;0,0;0,12;planilha Benfica 2001-2020 corrigida
2004;6;Caatinga;104,7571;58,5787;;0,3399;28,3475;19,75;500,0;0,22;planilha Benfica 2001-2020 corrigida
2004;6;Cerrado;111,8976;63,9678;;0,3591;28,3825;2,079;16950,0;0,22;planilha Benfica 2001-2020 corrigida
2004;6;Mata Atlântica;133,3626;98,4996;;0,6692;24,4875;91,0;0,0;0,22;planilha Benfica 2001-2020 corrigida
2004;7;Caatinga;97,3043;46,9683;;0,2684;28,885;16,31;1450,0;0,39;planilha Benfica 2001-2020 corrigida
2004;7;Cerrado;97,0129;44,9097;;0,2256;28,97;0,59;31950,0;0,39;planilha Benfica 2001-2020 corrigida
2004;7;Mata Atlântica;143,4824;95,2101;;0,6386;23,4475;75,22;0,0;0,39;planilha Benfica 2001-2020 corrigida
2004;8;Caatinga;76,2025;36,0498;;0,1747;32,5425;8,12;12050,0;0,54;planilha Benfica 2001-2020 corrigida
2004;8;Cerrado;66,0485;32,862;;0,1396;33,4725;1,26;135300,0;0,54;planilha Benfica 2001-2020 corrigida
2004;8;Mata Atlântica;159,9698;98,2636;;0,5353;27,375;30,69;1075,0;0,54;planilha Benfica 2001-2020 corrigida
2004;9;Caatinga;58,7777;27,8229;;0,1188;36,005;6,51;41525,0;0,58;planilha Benfica 2001-2020 corrigida
2004;9;Cerrado;34,4751;27,9592;;0,1046;37,58;3,9;421875,0;0,58;planilha Benfica 2001-2020 corrigida
2004;9;Mata Atlântica;154,0969;87,0741;;0,4138;30,955;28,34;2350,0;0,58;planilha Benfica 2001-2020 corrigida
2004;10;Caatinga;51,3046;31,6299;;0,1233;38,445;29,32;53775,0;0,61;planilha Benfica 2001-2020 corrigida
2004;10;Cerrado;55,5294;46,3392;;0,1781;38,6825;82,79;230750,0;0,61;planilha Benfica 2001-2020 corrigida
2004;10;Mata Atlântica;142,589;93,594;;0,397;33,1675;55,56;6000,0;0,61;planilha Benfica 2001-2020 corrigida
2004;11;Caatinga;70,2317;58,5819;;0,2342;36,92;120,27;26775,0;0,64;planilha Benfica 2001-2020 corrigida
2004;11;Cerrado;71,0707;69,0695;;0,2894;36,3225;135,48;40750,0;0,64;planilha Benfica 2001-2020 corrigida
2004;11;Mata Atlântica;141,3101;112,7146;;0,4922;33,23;165,42;5225,0;0,64;planilha Benfica 2001-2020 corrigida
2004;12;Caatinga;83,0884;76,9055;;0,3145;33,6125;31,33;7950,0;0,71;planilha Benfica 2001-2020 corrigida
2004;12;Cerrado;93,9069;85,0778;;0,3816;32,445;114,36;27625,0;0,71;planilha Benfica 2001-2020 corrigida
2004;12;Mata Atlântica;144,3258;116,088;;0,4894;32,18;56,99;4825,0;0,71;planilha Benfica 2001-2020 corrigida
2005;1;Caatinga;82,7942;78,2909;;0,334;33,85;127,36;1375,0;0,62;planilha Benfica 2001-2020 corrigida
2005;1;Cerrado;110,1789;100,6223;;0,4869;31,5889;224,32;1850,0;0,62;planilha Benfica 2001-2020 corrigida
2005;1;Mata Atlântica;136,8877;109,3852;;0,4721;33,7767;111,46;2850,0;0,62;planilha Benfica 2001-2020 corrigida
2005;2;Caatinga;120,0845;109,5004;;0,4507;31,0225;177,15;0,0;0,55;planilha Benfica 2001-2020 corrigida
2005;2;Cerrado;145,5368;130,9748;;0,5808;29,5632;244,18;1000,0;0,55;planilha Benfica 2001-2020 corrigida
2005;2;Mata Atlântica;141,6261;125,7583;;0,5653;31,945;192,78;350,0;0,55;planilha Benfica 2001-2020 corrigida
2005;3;Caatinga;129,7523;115,6864;;0,4814;30,1725;105,19;850,0;0,4;planilha Benfica 2001-2020 corrigida
2005;3;Cerrado;129,5443;121,498;;0,6087;28,6764;225,92;9800,0;0,4;planilha Benfica 2001-2020 corrigida
2005;3;Mata Atlântica;149,3445;131,0724;;0,5529;29,4575;104,43;1325,0;0,4;planilha Benfica 2001-2020 corrigida
2005;4;Caatinga;137,8136;111,2318;;0,5135;29,1775;92,168;1300,0;0,37;planilha Benfica 2001-2020 corrigida
2005;4;Cerrado;147,8111;120,0517;;0,5628;29,6115;66,91;11275,0;0,37;planilha Benfica 2001-2020 corrigida
2005;4;Mata Atlântica;144,6076;125,4794;;0,6242;27,2025;154,06;0,0;0,37;planilha Benfica 2001-2020 corrigida
2005;5;Caatinga;136,0588;92,5621;;0,5006;27,39;64,4;750,0;0,27;planilha Benfica 2001-2020 corrigida
2005;5;Cerrado;144,1535;96,7676;;0,5168;27,6128;50,17;11275,0;0,27;planilha Benfica 2001-2020 corrigida
2005;5;Mata Atlântica;137,6949;113,2676;;0,6521;25,895;158,49;550,0;0,27;planilha Benfica 2001-2020 corrigida
2005;6;Caatinga;115,4485;68,3059;;0,392;28,0875;38,54;2000,0;0,09;planilha Benfica 2001-2020 corrigida
2005;6;Cerrado;125,1374;74,9312;;0,4181;28,1414;2,21;16925,0;0,09;planilha Benfica 2001-2020 corrigida
2005;6;Mata Atlântica;134,6585;104,5393;;0,6821;24,3325;165,6;0,0;0,09;planilha Benfica 2001-2020 corrigida
2005;7;Caatinga;104,585;53,4464;;0,3017;29,25;24,01;3325,0;-0,04;planilha Benfica 2001-2020 corrigida
2005;7;Cerrado;111,3333;50,7619;;0,2552;29,4397;1,1;26175,0;-0,04;planilha Benfica 2001-2020 corrigida
2005;7;Mata Atlântica;145,9437;99,1113;;0,6212;24,6825;65,81;25,0;-0,04;planilha Benfica 2001-2020 corrigida
2005;8;Caatinga;83,343;40,545;;0,2007;32,6225;23,07;8125,0;-0,14;planilha Benfica 2001-2020 corrigida
2005;8;Cerrado;74,648;36,979;;0,154;33,2095;1,046;111050,0;-0,14;planilha Benfica 2001-2020 corrigida
2005;8;Mata Atlântica;152,3595;94,1148;;0,5514;26,37;66,74;600,0;-0,14;planilha Benfica 2001-2020 corrigida
2005;9;Caatinga;59,3145;32,5388;;0,1377;36,1275;10,48;29525,0;-0,11;planilha Benfica 2001-2020 corrigida
2005;9;Cerrado;41,4428;32,223;;0,1187;36,5473;32,5;274850,0;-0,11;planilha Benfica 2001-2020 corrigida
2005;9;Mata Atlântica;150,9853;90,8353;;0,4991;29,565;39,19;1625,0;-0,11;planilha Benfica 2001-2020 corrigida
2005;10;Caatinga;43,9978;27,5553;;0,1043;39,1975;9,22;161825,0;-0,27;planilha Benfica 2001-2020 corrigida
2005;10;Cerrado;29,6069;35,4898;;0,1272;39,9565;23,4;611200,0;-0,27;planilha Benfica 2001-2020 corrigida
2005;10;Mata Atlântica;139,3113;100,9037;;0,3909;34,1825;14,9;26250,0;-0,27;planilha Benfica 2001-2020 corrigida
2005;11;Caatinga;77,7954;65,5434;;0,2963;36,0775;98,52;24275,0;-0,57;planilha Benfica 2001-2020 corrigida
2005;11;Cerrado;84,7962;83,0978;;0,4421;34,5168;207,55;58875,0;-0,57;planilha Benfica 2001-2020 corrigida
2005;11;Mata Atlântica;122,8057;104,4383;;0,5495;31,955;174,15;4375,0;-0,57;planilha Benfica 2001-2020 corrigida
2005;12;Caatinga;109,805;92,23;;0,4417;32,2275;101,73;500,0;-0,82;planilha Benfica 2001-2020 corrigida
2005;12;Cerrado;97,8882;92,4415;;0,5474;30,1122;290,9;8050,0;-0,82;planilha Benfica 2001-2020 corrigida
2005;12;Mata Atlântica;136,6099;107,3686;;0,5586;31,0;138,59;900,0;-0,82;planilha Benfica 2001-2020 corrigida
2006;1;Caatinga;105,7926;79,7711;;0,3402;32,43;10,42;3575,0;-0,86;planilha Benfica 2001-2020 corrigida
2006;1;Cerrado;144,6607;104,6399;;0,4746;31,8467;54,81;9950,0;-0,86;planilha Benfica 2001-2020 corrigida
2006;1;Mata Atlântica;147,257;102,9188;;0,4695;30,2633;30,9;2525,0;-0,86;planilha Benfica 2001-2020 corrigida
2006;2;Caatinga;81,3846;69,3933;;0,277;33,8775;80,27;4250,0;-0,8;planilha Benfica 2001-2020 corrigida
2006;2;Cerrado;115,0736;108,258;;0,5263;31,32;157,68;1475,0;-0,8;planilha Benfica 2001-2020 corrigida
2006;2;Mata Atlântica;128,05;105,7895;;0,4048;32,5925;35,24;9550,0;-0,8;planilha Benfica 2001-2020 corrigida
2006;3;Caatinga;104,4751;92,1398;;0,4354;30,6375;203,18;425,0;-0,63;planilha Benfica 2001-2020 corrigida
2006;3;Cerrado;122,5624;115,1178;;0,5828;29,7175;309,91;75,0;-0,63;planilha Benfica 2001-2020 corrigida
2006;3;Mata Atlântica;104,7889;101,3977;;0,5125;30,7;189,5;1450,0;-0,63;planilha Benfica 2001-2020 corrigida
2006;4;Caatinga;129,1943;114,9309;;0,6182;27,0975;154,88;0,0;-0,45;planilha Benfica 2001-2020 corrigida
2006;4;Cerrado;125,1128;112,4923;;0,644;28,4917;183,28;6275,0;-0,45;planilha Benfica 2001-2020 corrigida
2006;4;Mata Atlântica;121,5422;114,2929;;0,6662;27,705;180,2;0,0;-0,45;planilha Benfica 2001-2020 corrigida
2006;5;Caatinga;144,5753;103,6023;;0,5615;27,7775;42,73;500,0;-0,19;planilha Benfica 2001-2020 corrigida
2006;5;Cerrado;141,6278;99,6477;;0,5593;28,105;43,34;8825,0;-0,19;planilha Benfica 2001-2020 corrigida
2006;5;Mata Atlântica;142,5229;116,002;;0,6697;26,2075;86,22;0,0;-0,19;planilha Benfica 2001-2020 corrigida
2006;6;Caatinga;132,0064;70,9963;;0,4428;27,3725;36,69;575,0;-0,05;planilha Benfica 2001-2020 corrigida
2006;6;Cerrado;147,145;80,8551;;0,4604;27,31;2,34;12425,0;-0,05;planilha Benfica 2001-2020 corrigida
2006;6;Mata Atlântica;131,9209;93,8542;;0,6918;24,73;122,46;0,0;-0,05;planilha Benfica 2001-2020 corrigida
2006;7;Caatinga;113,7655;56,822;;0,316;28,5125;17,22;2175,0;0,12;planilha Benfica 2001-2020 corrigida
2006;7;Cerrado;111,7837;54,7335;;0,2845;29,435;0,3;39350,0;0,12;planilha Benfica 2001-2020 corrigida
2006;7;Mata Atlântica;152,0145;99,1435;;0,6042;24,8075;37,38;1225,0;0,12;planilha Benfica 2001-2020 corrigida
2006;8;Caatinga;87,4526;41,9257;;0,1981;32,455;11,57;10025,0;0,33;planilha Benfica 2001-2020 corrigida
2006;8;Cerrado;84,0617;40,561;;0,1704;33,37;1,21;166675,0;0,33;planilha Benfica 2001-2020 corrigida
2006;8;Mata Atlântica;156,428;97,3404;;0,5181;27,6;39,79;2925,0;0,33;planilha Benfica 2001-2020 corrigida
2006;9;Caatinga;70,9813;37,9193;;0,1644;35,9725;18,09;15175,0;0,54;planilha Benfica 2001-2020 corrigida
2006;9;Cerrado;66,4684;45,0996;;0,1841;36,5925;25,64;209975,0;0,54;planilha Benfica 2001-2020 corrigida
2006;9;Mata Atlântica;154,0615;95,6483;;0,5133;30,52;58,14;800,0;0,54;planilha Benfica 2001-2020 corrigida
2006;10;Caatinga;73,3461;54,5513;;0,2413;37,14;101,96;20275,0;0,71;planilha Benfica 2001-2020 corrigida
2006;10;Cerrado;88,4258;73,0982;;0,3595;34,685;182,22;32550,0;0,71;planilha Benfica 2001-2020 corrigida
2006;10;Mata Atlântica;139,8648;105,087;;0,5786;30,7925;138,22;125,0;0,71;planilha Benfica 2001-2020 corrigida
2006;11;Caatinga;112,4457;100,718;;0,4082;32,4;120,7;18525,0;0,88;planilha Benfica 2001-2020 corrigida
2006;11;Cerrado;126,5548;104,4787;;0,4342;33,445;166,49;7025,0;0,88;planilha Benfica 2001-2020 corrigida
2006;11;Mata Atlântica;155,2218;130,755;;0,5838;28,635;185,45;250,0;0,88;planilha Benfica 2001-2020 corrigida
2006;12;Caatinga;91,4765;83,503;;0,3571;33,2975;59,81;8700,0;0,88;planilha Benfica 2001-2020 corrigida
2006;12;Cerrado;108,3522;92,7861;;0,4169;31,855;177,39;36225,0;0,88;planilha Benfica 2001-2020 corrigida
2006;12;Mata Atlântica;137,3948;121,5058;;0,5648;30,265;109,93;1775,0;0,88;planilha Benfica 2001-2020 corrigida
2007;1;Caatinga;69,7334;64,7018;;0,2708;33,6;27,99;9925,0;0,62;planilha Benfica 2001-2020 corrigida
2007;1;Cerrado;101,0444;95,4015;;0,4212;31,88;81,71;15425,0;0,62;planilha Benfica 2001-2020 corrigida
2007;1;Mata Atlântica;137,6504;111,888;;0,5098;30,65;42,45;2400,0;0,62;planilha Benfica 2001-2020 corrigida
2007;2;Caatinga;85,9671;80,3509;;0,3646;30,85;286,11;275,0;0,19;planilha Benfica 2001-2020 corrigida
2007;2;Cerrado;118,7659;111,3888;;0,548;30,15;284,28;3550,0;0,19;planilha Benfica 2001-2020 corrigida
2007;2;Mata Atlântica;123,7807;108,8386;;0,5239;30,3125;271,97;75,0;0,19;planilha Benfica 2001-2020 corrigida
2007;3;Caatinga;146,3102;114,5053;;0,458;29,095;34,18;1425,0;-0,12;planilha Benfica 2001-2020 corrigida
2007;3;Cerrado;156,5263;122,7179;;0,4883;29,8632;44,31;15350,0;-0,12;planilha Benfica 2001-2020 corrigida
2007;3;Mata Atlântica;178,0709;135,1147;;0,5465;27,795;58,61;50,0;-0,12;planilha Benfica 2001-2020 corrigida
2007;4;Caatinga;89,2494;80,2058;;0,3702;30,655;49,64;175,0;-0,32;planilha Benfica 2001-2020 corrigida
2007;4;Cerrado;107,0564;81,0018;;0,3564;30,7845;34,58;19350,0;-0,32;planilha Benfica 2001-2020 corrigida
2007;4;Mata Atlântica;127,5115;120,3673;;0,5824;28,3375;104,8;0,0;-0,32;planilha Benfica 2001-2020 corrigida
2007;5;Caatinga;95,4182;61,9692;;0,334;31,005;15,49;1725,0;-0,34;planilha Benfica 2001-2020 corrigida
2007;5;Cerrado;96,6767;57,4377;;0,2938;31,0471;10,98;32675,0;-0,34;planilha Benfica 2001-2020 corrigida
2007;5;Mata Atlântica;136,3136;114,5752;;0,6739;26,6125;57,65;2200,0;-0,34;planilha Benfica 2001-2020 corrigida
2007;6;Caatinga;88,3676;44,0358;;0,2585;29,66;16,28;1725,0;-0,41;planilha Benfica 2001-2020 corrigida
2007;6;Cerrado;81,2682;38,606;;0,2009;30,05;1,23;61300,0;-0,41;planilha Benfica 2001-2020 corrigida
2007;6;Mata Atlântica;126,4576;92,4408;;0,567;25,35;29,68;2200,0;-0,41;planilha Benfica 2001-2020 corrigida
2007;7;Caatinga;78,2778;36,5097;;0,2091;30,54;16,17;4850,0;-0,49;planilha Benfica 2001-2020 corrigida
2007;7;Cerrado;64,7132;30,0971;;0,1428;31,5625;0,6;220450,0;-0,49;planilha Benfica 2001-2020 corrigida
2007;7;Mata Atlântica;127,5693;83,6732;;0,5326;25,8075;40,65;2300,0;-0,49;planilha Benfica 2001-2020 corrigida
2007;8;Caatinga;77,0992;33,0087;;0,1727;32,435;14,5;31950,0;-0,77;planilha Benfica 2001-2020 corrigida
2007;8;Cerrado;59,9435;26,125;;0,1137;33,945;1,32;683775,0;-0,77;planilha Benfica 2001-2020 corrigida
2007;8;Mata Atlântica;138,1644;83,3612;;0,5132;26,84;40,66;1025,0;-0,77;planilha Benfica 2001-2020 corrigida
2007;9;Caatinga;61,1247;28,0513;;0,1205;35,7925;15,51;170300,0;-1,05;planilha Benfica 2001-2020 corrigida
2007;9;Cerrado;31,4346;21,0068;;0,0803;38,2275;2,36;1139350,0;-1,05;planilha Benfica 2001-2020 corrigida
2007;9;Mata Atlântica;145,5809;83,3698;;0,4041;29,545;50,09;5225,0;-1,05;planilha Benfica 2001-2020 corrigida
2007;10;Caatinga;34,8773;21,6876;;0,0905;39,565;11,3;177825,0;-1,38;planilha Benfica 2001-2020 corrigida
2007;10;Cerrado;3,2345;15,4664;;0,0615;41,4375;32,8;597500,0;-1,38;planilha Benfica 2001-2020 corrigida
2007;10;Mata Atlântica;131,4556;91,3974;;0,4093;33,9925;44,52;60300,0;-1,38;planilha Benfica 2001-2020 corrigida
2007;11;Caatinga;51,2243;41,0425;;0,1548;38,6125;82,88;161825,0;-1,57;planilha Benfica 2001-2020 corrigida
2007;11;Cerrado;42,7077;44,8071;;0,1754;40,08;106,27;186575,0;-1,57;planilha Benfica 2001-2020 corrigida
2007;11;Mata Atlântica;117,6799;92,7573;;0,3693;33,73;107,35;32625,0;-1,57;planilha Benfica 2001-2020 corrigida
2007;12;Caatinga;98,9644;72,7906;;0,3091;33,23;89,95;7550,0;-1,72;planilha Benfica 2001-2020 corrigida
2007;12;Cerrado;100,3768;74,5594;;0,3293;35,4425;148,66;22375,0;-1,72;planilha Benfica 2001-2020 corrigida
2007;12;Mata Atlântica;144,2071;105,1971;;0,4775;31,33;108,86;1750,0;-1,72;planilha Benfica 2001-2020 corrigida
2008;1;Caatinga;84,4671;67,7501;;0,2997;34,3533;62,89;11900,0;-1,76;planilha Benfica 2001-2020 corrigida
2008;1;Cerrado;100,2257;74,8807;;0,3616;34,05;158,29;5450,0;-1,76;planilha Benfica 2001-2020 corrigida
2008;1;Mata Atlântica;138,7391;103,3364;;0,4755;32,5233;78,15;3900,0;-1,76;planilha Benfica 2001-2020 corrigida
2008;2;Caatinga;97,4394;80,1431;;0,3204;33,2725;113,05;1050,0;-1,61;planilha Benfica 2001-2020 corrigida
2008;2;Cerrado;119,5114;107,384;;0,511;31,475;151,73;4125,0;-1,61;planilha Benfica 2001-2020 corrigida
2008;2;Mata Atlântica;141,4098;115,573;;0,4728;31,4725;116,73;525,0;-1,61;planilha Benfica 2001-2020 corrigida
2008;3;Caatinga;123,2533;102,857;;0,466;31,2525;138,81;975,0;-1,37;planilha Benfica 2001-2020 corrigida
2008;3;Cerrado;128,8816;116,1646;;0,6098;29,835;213,12;7150,0;-1,37;planilha Benfica 2001-2020 corrigida
2008;3;Mata Atlântica;126,6353;121,6409;;0,5349;30,4575;131,96;175,0;-1,37;planilha Benfica 2001-2020 corrigida
2008;4;Caatinga;139,5168;115,4064;;0,5463;28,53;91,0;1475,0;-1,05;planilha Benfica 2001-2020 corrigida
2008;4;Cerrado;132,5148;110,9205;;0,5462;28,8575;141,95;21675,0;-1,05;planilha Benfica 2001-2020 corrigida
2008;4;Mata Atlântica;130,3746;121,4581;;0,5646;29,41;39,92;100,0;-1,05;planilha Benfica 2001-2020 corrigida
2008;5;Caatinga;126,2727;85,7253;;0,4574;28,8425;25,91;350,0;-0,85;planilha Benfica 2001-2020 corrigida
2008;5;Cerrado;125,8175;81,4013;;0,4316;29,2825;11,07;9525,0;-0,85;planilha Benfica 2001-2020 corrigida
2008;5;Mata Atlântica;120,4909;99,4305;;0,5664;27,4325;33,62;2100,0;-0,85;planilha Benfica 2001-2020 corrigida
2008;6;Caatinga;111,4548;57,6367;;0,3248;28,67;20,46;100,0;-0,56;planilha Benfica 2001-2020 corrigida
2008;6;Cerrado;115,0649;57,7633;;0,3052;29,21;1,67;18425,0;-0,56;planilha Benfica 2001-2020 corrigida
2008;6;Mata Atlântica;125,1638;92,3796;;0,5821;25,4725;81,11;1200,0;-0,56;planilha Benfica 2001-2020 corrigida
2008;7;Caatinga;96,6761;43,7655;;0,2366;29,2025;17,48;175,0;-0,33;planilha Benfica 2001-2020 corrigida
2008;7;Cerrado;93,8159;38,7735;;0,1873;30,2675;0,61;43650,0;-0,33;planilha Benfica 2001-2020 corrigida
2008;7;Mata Atlântica;138,9429;89,4035;;0,5448;25,25;46,14;4425,0;-0,33;planilha Benfica 2001-2020 corrigida
2008;8;Caatinga;73,6082;33,2073;;0,1597;32,875;10,93;5475,0;-0,2;planilha Benfica 2001-2020 corrigida
2008;8;Cerrado;62,1248;29,8596;;0,1229;33,9425;0,44;115550,0;-0,2;planilha Benfica 2001-2020 corrigida
2008;8;Mata Atlântica;139,051;85,6731;;0,4556;28,095;23,87;2575,0;-0,2;planilha Benfica 2001-2020 corrigida
2008;9;Caatinga;49,9948;27,1531;;0,1144;36,775;13,76;33100,0;-0,25;planilha Benfica 2001-2020 corrigida
2008;9;Cerrado;22,2526;23,8105;;0,0889;38,5975;21,42;264975,0;-0,25;planilha Benfica 2001-2020 corrigida
2008;9;Mata Atlântica;130,074;81,7827;;0,4132;33,1325;28,34;7600,0;-0,25;planilha Benfica 2001-2020 corrigida
2008;10;Caatinga;37,3287;22,5086;;0,0864;39,85;5,55;193625,0;-0,36;planilha Benfica 2001-2020 corrigida
2008;10;Cerrado;9,4492;20,0895;;0,0692;41,3125;8,94;482075,0;-0,36;planilha Benfica 2001-2020 corrigida
2008;10;Mata Atlântica;129,2888;91,8709;;0,3575;35,0925;14,5;17150,0;-0,36;planilha Benfica 2001-2020 corrigida
2008;11;Caatinga;53,1494;45,9488;;0,2458;38,9525;69,84;230375,0;-0,57;planilha Benfica 2001-2020 corrigida
2008;11;Cerrado;72,4355;70,5249;;0,4721;35,0475;211,36;125250,0;-0,57;planilha Benfica 2001-2020 corrigida
2008;11;Mata Atlântica;95,9705;87,8093;;0,5598;36,2675;136,04;24975,0;-0,57;planilha Benfica 2001-2020 corrigida
2008;12;Caatinga;94,4898;76,7377;;0,3841;32,2975;127,74;625,0;-0,79;planilha Benfica 2001-2020 corrigida
2008;12;Cerrado;104,7968;94,7593;;0,5499;31,7125;219,66;2775,0;-0,79;planilha Benfica 2001-2020 corrigida
2008;12;Mata Atlântica;135,7687;101,6095;;0,5875;31,185;142,44;25,0;-0,79;planilha Benfica 2001-2020 corrigida
2009;1;Caatinga;120,9374;97,8654;;0,4152;32,59;92,06;6300,0;-0,89;planilha Benfica 2001-2020 corrigida
2009;1;Cerrado;132,132;113,3023;;0,541;31,4467;155,47;0,0;-0,89;planilha Benfica 2001-2020 corrigida
2009;1;Mata Atlântica;147,6037;116,3736;;0,5545;28,6867;102,95;675,0;-0,89;planilha Benfica 2001-2020 corrigida
2009;2;Caatinga;129,0292;98,9197;;0,3987;31,6975;78,47;975,0;-0,84;planilha Benfica 2001-2020 corrigida
2009;2;Cerrado;150,2021;129,5828;;0,5786;30,5625;96,81;1300,0;-0,84;planilha Benfica 2001-2020 corrigida
2009;2;Mata Atlântica;157,7448;121,1622;;0,4935;31,54;46,74;600,0;-0,84;planilha Benfica 2001-2020 corrigida
2009;3;Caatinga;111,0383;84,8531;;0,3717;32,385;88,2;1500,0;-0,63;planilha Benfica 2001-2020 corrigida
2009;3;Cerrado;124,5187;113,3419;;0,5551;30,86;107,15;16800,0;-0,63;planilha Benfica 2001-2020 corrigida
2009;3;Mata Atlântica;117,1768;105,1837;;0,4565;32,54;91,73;2975,0;-0,63;planilha Benfica 2001-2020 corrigida
2009;4;Caatinga;103,9932;94,879;;0,5201;29,73;181,11;125,0;-0,35;planilha Benfica 2001-2020 corrigida
2009;4;Cerrado;105,9172;105,7303;;0,6825;29,075;237,23;3225,0;-0,35;planilha Benfica 2001-2020 corrigida
2009;4;Mata Atlântica;112,1125;108,6737;;0,6312;28,9;210,59;125,0;-0,35;planilha Benfica 2001-2020 corrigida
2009;5;Caatinga;130,6615;99,6447;;0,6113;27,3725;63,26;2450,0;0,03;planilha Benfica 2001-2020 corrigida
2009;5;Cerrado;134,1444;104,2519;;0,6336;27,3775;78,5;13725,0;0,03;planilha Benfica 2001-2020 corrigida
2009;5;Mata Atlântica;131,3021;112,851;;0,7044;25,7;131,3;0,0;0,03;planilha Benfica 2001-2020 corrigida
2009;6;Caatinga;128,7694;80,2598;;0,4647;27,84;24,19;2625,0;0,34;planilha Benfica 2001-2020 corrigida
2009;6;Cerrado;135,8706;91,9015;;0,5331;28,045;26,55;11575,0;0,34;planilha Benfica 2001-2020 corrigida
2009;6;Mata Atlântica;134,4594;104,1344;;0,6782;24,95;65,08;0,0;0,34;planilha Benfica 2001-2020 corrigida
2009;7;Caatinga;110,506;56,7781;;0,3076;30,0375;17,13;500,0;0,5;planilha Benfica 2001-2020 corrigida
2009;7;Cerrado;129,2052;69,8849;;0,3575;30,57;0,72;18525,0;0,5;planilha Benfica 2001-2020 corrigida
2009;7;Mata Atlântica;152,0938;105,1552;;0,6194;25,4125;50,4;925,0;0,5;planilha Benfica 2001-2020 corrigida
2009;8;Caatinga;85,9998;42,0878;;0,2076;33,2475;17,44;1725,0;0,56;planilha Benfica 2001-2020 corrigida
2009;8;Cerrado;101,8558;51,4736;;0,2258;33,705;2,88;38700,0;0,56;planilha Benfica 2001-2020 corrigida
2009;8;Mata Atlântica;150,0208;98,1063;;0,538;27,94;66,2;275,0;0,56;planilha Benfica 2001-2020 corrigida
2009;9;Caatinga;56,9216;31,2976;;0,1274;37,74;6,42;43600,0;0,66;planilha Benfica 2001-2020 corrigida
2009;9;Cerrado;64,5458;43,9113;;0,1664;37,65;19,31;206550,0;0,66;planilha Benfica 2001-2020 corrigida
2009;9;Mata Atlântica;150,1514;103,5662;;0,4463;31,28;26,89;2150,0;0,66;planilha Benfica 2001-2020 corrigida
2009;10;Caatinga;80,6016;67,4409;;0,3318;34,7525;168,21;11550,0;0,92;planilha Benfica 2001-2020 corrigida
2009;10;Cerrado;81,0363;79,4636;;0,5014;32,975;233,78;42775,0;0,92;planilha Benfica 2001-2020 corrigida
2009;10;Mata Atlântica;123,8425;104,0388;;0,5407;32,35;172,55;1150,0;0,92;planilha Benfica 2001-2020 corrigida
2009;11;Caatinga;106,8245;84,3496;;0,319;34,4125;20,29;5200,0;1,31;planilha Benfica 2001-2020 corrigida
2009;11;Cerrado;136,6081;111,9081;;0,4491;33,47;115,54;9525,0;1,31;planilha Benfica 2001-2020 corrigida
2009;11;Mata Atlântica;154,378;118,088;;0,4538;32,5475;34,16;7075,0;1,31;planilha Benfica 2001-2020 corrigida
2009;12;Caatinga;80,5911;72,564;;0,3452;34,0725;84,95;425,0;1,5;planilha Benfica 2001-2020 corrigida
2009;12;Cerrado;116,4427;103,3936;;0,5319;31,7675;218,01;8000,0;1,5;planilha Benfica 2001-2020 corrigida
2009;12;Mata Atlântica;111,0888;93,1908;;0,4346;33,23;49,26;8075,0;1,5;planilha Benfica 2001-2020 corrigida
2010;1;Caatinga;108,4332;89,0932;;0,4209;30,74;55,44;1075,0;1,47;planilha Benfica 2001-2020 corrigida
2010;1;Cerrado;140,445;119,3019;;0,5678;30,5433;122,67;5650,0;1,47;planilha Benfica 2001-2020 corrigida
2010;1;Mata Atlântica;119,3985;93,8757;;0,4322;32,5967;37,58;11125,0;1,47;planilha Benfica 2001-2020 corrigida
2010;2;Caatinga;88,3058;71,5093;;0,2979;33,8825;38,35;1125,0;1,21;planilha Benfica 2001-2020 corrigida
2010;2;Cerrado;143,4659;124,5836;;0,5156;31,1125;81,77;9200,0;1,21;planilha Benfica 2001-2020 corrigida
2010;2;Mata Atlântica;114,4203;91,365;;0,4211;33,84;57,52;6175,0;1,21;planilha Benfica 2001-2020 corrigida
2010;3;Caatinga;106,6179;98,4725;;0,4376;31,92;134,39;0,0;0,88;planilha Benfica 2001-2020 corrigida
2010;3;Cerrado;133,6523;130,5799;;0,6159;30,4775;212,13;11550,0;0,88;planilha Benfica 2001-2020 corrigida
2010;3;Mata Atlântica;110,8056;116,9604;;0,5609;31,445;200,45;425,0;0,88;planilha Benfica 2001-2020 corrigida
2010;4;Caatinga;129,9455;106,9301;;0,4922;29,1125;121,28;675,0;0,38;planilha Benfica 2001-2020 corrigida
2010;4;Cerrado;149,0787;120,6549;;0,5538;29,935;95,68;25150,0;0,38;planilha Benfica 2001-2020 corrigida
2010;4;Mata Atlântica;139,4158;126,7151;;0,6304;27,7525;175,53;0,0;0,38;planilha Benfica 2001-2020 corrigida
2010;5;Caatinga;105,3272;74,7619;;0,3676;30,8425;12,94;200,0;-0,16;planilha Benfica 2001-2020 corrigida
2010;5;Cerrado;123,2841;95,5945;;0,493;30,595;25,42;10775,0;-0,16;planilha Benfica 2001-2020 corrigida
2010;5;Mata Atlântica;127,7028;114,907;;0,638;27,42;56,09;0,0;-0,16;planilha Benfica 2001-2020 corrigida
2010;6;Caatinga;95,4798;50,3384;;0,2901;29,95;18,96;1425,0;-0,66;planilha Benfica 2001-2020 corrigida
2010;6;Cerrado;122,3063;65,9847;;0,357;29,7475;0,5;23675,0;-0,66;planilha Benfica 2001-2020 corrigida
2010;6;Mata Atlântica;132,278;97,5957;;0,6093;26,1625;30,41;975,0;-0,66;planilha Benfica 2001-2020 corrigida
2010;7;Caatinga;90,2814;43,9183;;0,2509;29,8475;46,03;2775,0;-0,98;planilha Benfica 2001-2020 corrigida
2010;7;Cerrado;105,9176;50,134;;0,2563;30,1625;3,06;91275,0;-0,98;planilha Benfica 2001-2020 corrigida
2010;7;Mata Atlântica;133,8174;90,5718;;0,6018;24,53;116,5;575,0;-0,98;planilha Benfica 2001-2020 corrigida
2010;8;Caatinga;84,5552;38,7393;;0,1897;32,22;13,17;12900,0;-1,24;planilha Benfica 2001-2020 corrigida
2010;8;Cerrado;84,3884;36,0586;;0,1546;33,4725;0,87;391300,0;-1,24;planilha Benfica 2001-2020 corrigida
2010;8;Mata Atlântica;145,5178;90,4319;;0,507;27,1675;40,47;575,0;-1,24;planilha Benfica 2001-2020 corrigida
2010;9;Caatinga;61,5149;30,8195;;0,1318;36,7975;10,96;49650,0;-1,43;planilha Benfica 2001-2020 corrigida
2010;9;Cerrado;51,4466;30,0164;;0,1148;38,5375;11,53;866250,0;-1,43;planilha Benfica 2001-2020 corrigida
2010;9;Mata Atlântica;144,3295;89,409;;0,437;30,6575;33,36;4075,0;-1,43;planilha Benfica 2001-2020 corrigida
2010;10;Caatinga;60,5541;44,7698;;0,186;37,3975;67,94;133975,0;-1,54;planilha Benfica 2001-2020 corrigida
2010;10;Cerrado;61,2267;60,5636;;0,2871;37,6425;133,49;410050,0;-1,54;planilha Benfica 2001-2020 corrigida
2010;10;Mata Atlântica;130,2439;97,9134;;0,4512;33,9125;68,21;2500,0;-1,54;planilha Benfica 2001-2020 corrigida
2010;11;Caatinga;78,6737;68,5884;;0,3004;35,4425;66,9;9175,0;-1,57;planilha Benfica 2001-2020 corrigida
2010;11;Cerrado;97,6297;94,5867;;0,4851;34,43;199,12;41900,0;-1,57;planilha Benfica 2001-2020 corrigida
2010;11;Mata Atlântica;127,528;106,3315;;0,5125;31,11;153,84;925,0;-1,57;planilha Benfica 2001-2020 corrigida
2010;12;Caatinga;105,381;92,0671;;0,4473;32,34;155,03;2450,0;-1,48;planilha Benfica 2001-2020 corrigida
2010;12;Cerrado;109,2134;98,3968;;0,5411;32,3775;206,54;28475,0;-1,48;planilha Benfica 2001-2020 corrigida
2010;12;Mata Atlântica;121,2301;105,6138;;0,5253;31,27;121,55;800,0;-1,48;planilha Benfica 2001-2020 corrigida
2011;1;Caatinga;122,9812;101,2813;;0,4631;30,6933;76,1;2875,0;-1,29;planilha Benfica 2001-2020 corrigida
2011;1;Cerrado;132,3475;115,5596;;0,6195;30,9167;196,15;3775,0;-1,29;planilha Benfica 2001-2020 corrigida
2011;1;Mata Atlântica;132,4358;108,0986;;0,5244;30,5233;80,36;1000,0;-1,29;planilha Benfica 2001-2020 corrigida
2011;2;Caatinga;120,5256;89,5532;;0,418;31,2375;86,45;1600,0;-1,06;planilha Benfica 2001-2020 corrigida
2011;2;Cerrado;136,5406;128,7376;;0,6267;30,2475;180,37;3050,0;-1,06;planilha Benfica 2001-2020 corrigida
2011;2;Mata Atlântica;146,2805;114,5106;;0,4793;30,8175;39,47;1950,0;-1,06;planilha Benfica 2001-2020 corrigida
2011;3;Caatinga;118,116;103,4579;;0,5198;29,555;162,56;1700,0;-0,85;planilha Benfica 2001-2020 corrigida
2011;3;Cerrado;118,5277;119,6243;;0,7;28,53;247,94;2250,0;-0,85;planilha Benfica 2001-2020 corrigida
2011;3;Mata Atlântica;113,1684;111,723;;0,5537;31,145;155,55;275,0;-0,85;planilha Benfica 2001-2020 corrigida
2011;4;Caatinga;147,5885;114,3672;;0,4947;28,7675;57,34;250,0;-0,68;planilha Benfica 2001-2020 corrigida
2011;4;Cerrado;158,0101;132,5735;;0,6304;28,68;75,79;63375,0;-0,68;planilha Benfica 2001-2020 corrigida
2011;4;Mata Atlântica;145,6617;128,9854;;0,6181;27,6375;179,32;175,0;-0,68;planilha Benfica 2001-2020 corrigida
2011;5;Caatinga;119,6309;77,1837;;0,444;28,9375;24,3;625,0;-0,5;planilha Benfica 2001-2020 corrigida
2011;5;Cerrado;145,4403;102,2281;;0,5632;29,2775;15,64;21050,0;-0,5;planilha Benfica 2001-2020 corrigida
2011;5;Mata Atlântica;141,0111;113,2635;;0,6789;25,3275;71,12;75,0;-0,5;planilha Benfica 2001-2020 corrigida
2011;6;Caatinga;99,4911;52,8032;;0,2959;30,0325;11,34;225,0;-0,34;planilha Benfica 2001-2020 corrigida
2011;6;Cerrado;125,118;76,745;;0,4309;29,6775;0,87;29425,0;-0,34;planilha Benfica 2001-2020 corrigida
2011;6;Mata Atlântica;130,5881;100,5836;;0,6307;25,3125;37,92;875,0;-0,34;planilha Benfica 2001-2020 corrigida
2011;7;Caatinga;82,4741;37,3944;;0,2033;30,6975;14,26;2400,0;-0,37;planilha Benfica 2001-2020 corrigida
2011;7;Cerrado;111,0923;53,138;;0,2703;30,985;0,58;50250,0;-0,37;planilha Benfica 2001-2020 corrigida
2011;7;Mata Atlântica;132,6612;89,1293;;0,5503;25,7925;33,42;1350,0;-0,37;planilha Benfica 2001-2020 corrigida
2011;8;Caatinga;69,5393;30,2845;;0,1416;33,4175;8,59;11025,0;-0,5;planilha Benfica 2001-2020 corrigida
2011;8;Cerrado;86,1671;39,1609;;0,165;34,7025;0,5;172925,0;-0,5;planilha Benfica 2001-2020 corrigida
2011;8;Mata Atlântica;148,1829;92,3021;;0,4825;27,735;21,15;5025,0;-0,5;planilha Benfica 2001-2020 corrigida
2011;9;Caatinga;56,0459;25,8595;;0,1136;36,075;6,21;96525,0;-0,76;planilha Benfica 2001-2020 corrigida
2011;9;Cerrado;57,5096;34,1391;;0,1376;38,0325;1,8;876400,0;-0,76;planilha Benfica 2001-2020 corrigida
2011;9;Mata Atlântica;136,7715;81,3218;;0,4302;31,3125;20,81;13450,0;-0,76;planilha Benfica 2001-2020 corrigida
2011;10;Caatinga;74,1519;52,7187;;0,2485;36,63;63,91;24225,0;-0,94;planilha Benfica 2001-2020 corrigida
2011;10;Cerrado;88,4844;79,7679;;0,3981;36,2325;145,6;109250,0;-0,94;planilha Benfica 2001-2020 corrigida
2011;10;Mata Atlântica;130,0654;87,6522;;0,5419;28,9367;93,22;275,0;-0,94;planilha Benfica 2001-2020 corrigida
2011;11;Caatinga;108,561;86,0678;;0,3872;33,255;91,69;2350,0;-1,02;planilha Benfica 2001-2020 corrigida
2011;11;Cerrado;118,954;108,0219;;0,5654;32,29;216,58;22200,0;-1,02;planilha Benfica 2001-2020 corrigida
2011;11;Mata Atlântica;147,7614;106,0848;;0,5847;30,2875;165,21;225,0;-1,02;planilha Benfica 2001-2020 corrigida
2011;12;Caatinga;105,7412;82,5718;;0,3735;33,68;83,98;4950,0;-0,92;planilha Benfica 2001-2020 corrigida
2011;12;Cerrado;125,3541;108,3052;;0,55;31,7875;235,44;1775,0;-0,92;planilha Benfica 2001-2020 corrigida
2011;12;Mata Atlântica;138,7876;105,672;;0,5548;30,675;142,22;350,0;-0,92;planilha Benfica 2001-2020 corrigida
2012;1;Caatinga;83,5427;64,5227;;0,306;31,9233;37,42;7250,0;-0,71;planilha Benfica 2001-2020 corrigida
2012;1;Cerrado;112,1602;99,7226;;0,5791;29,5567;190,0;6450,0;-0,71;planilha Benfica 2001-2020 corrigida
2012;1;Mata Atlântica;132,5033;96,8113;;0,5036;29,1133;49,9;975,0;-0,71;planilha Benfica 2001-2020 corrigida
2012;2;Caatinga;94,8272;66,5937;;0,2968;31,9733;66,88;1150,0;-0,56;planilha Benfica 2001-2020 corrigida
2012;2;Cerrado;130,4423;116,9963;;0,5625;30,34;87,52;9950,0;-0,56;planilha Benfica 2001-2020 corrigida
2012;2;Mata Atlântica;149,0359;105,4396;;0,4482;31,46;57,6;3125,0;-0,56;planilha Benfica 2001-2020 corrigida
2012;3;Caatinga;78,0785;54,6249;;0,2119;35,0567;20,36;5675,0;-0,44;planilha Benfica 2001-2020 corrigida
2012;3;Cerrado;123,1085;101,473;;0,4531;31,995;78,01;34600,0;-0,44;planilha Benfica 2001-2020 corrigida
2012;3;Mata Atlântica;133,7942;105,5217;;0,4322;32,475;34,08;1675,0;-0,44;planilha Benfica 2001-2020 corrigida
2012;4;Caatinga;53,6223;38,0527;;0,1581;34,8467;4,64;3200,0;-0,35;planilha Benfica 2001-2020 corrigida
2012;4;Cerrado;110,5091;83,4711;;0,3611;32,655;24,13;16200,0;-0,35;planilha Benfica 2001-2020 corrigida
2012;4;Mata Atlântica;119,692;94,6783;;0,4351;31,29;12,26;3000,0;-0,35;planilha Benfica 2001-2020 corrigida
2012;5;Caatinga;54,2751;31,3814;;0,1621;32,9133;20,75;2700,0;-0,18;planilha Benfica 2001-2020 corrigida
2012;5;Cerrado;94,2707;61,7045;;0,3158;31,29;21,19;32850,0;-0,18;planilha Benfica 2001-2020 corrigida
2012;5;Mata Atlântica;109,6644;85,2216;;0,5171;28,2;81,97;575,0;-0,18;planilha Benfica 2001-2020 corrigida
2012;6;Caatinga;59,6331;28,2934;;0,1621;31,7067;13,17;125,0;0,03;planilha Benfica 2001-2020 corrigida
2012;6;Cerrado;83,2645;42,6268;;0,2125;31,4275;1,48;33325,0;0,03;planilha Benfica 2001-2020 corrigida
2012;6;Mata Atlântica;119,6093;87,778;;0,5539;26,4075;53,21;2125,0;0,03;planilha Benfica 2001-2020 corrigida
2012;7;Caatinga;65,3894;26,9379;;0,1488;31,87;12,67;2525,0;0,28;planilha Benfica 2001-2020 corrigida
2012;7;Cerrado;71,4069;30,5545;;0,1413;31,9025;0,56;136450,0;0,28;planilha Benfica 2001-2020 corrigida
2012;7;Mata Atlântica;130,6114;88,6466;;0,5371;25,2675;46,74;2675,0;0,28;planilha Benfica 2001-2020 corrigida
2012;8;Caatinga;64,3662;26,2507;;0,1291;33,27;19,76;8775,0;0,39;planilha Benfica 2001-2020 corrigida
2012;8;Cerrado;61,6063;25,6223;;0,1052;34,315;1,05;311000,0;0,39;planilha Benfica 2001-2020 corrigida
2012;8;Mata Atlântica;139,7119;87,4194;;0,4754;26,5275;91,18;300,0;0,39;planilha Benfica 2001-2020 corrigida
2012;9;Caatinga;47,3868;21,6633;;0,0916;38,05;3,84;114075,0;0,37;planilha Benfica 2001-2020 corrigida
2012;9;Cerrado;21,8017;17,1771;;0,0629;39,4025;3,32;1291775,0;0,37;planilha Benfica 2001-2020 corrigida
2012;9;Mata Atlântica;141,9916;89,9004;;0,4306;31,2325;22,62;4075,0;0,37;planilha Benfica 2001-2020 corrigida
2012;10;Caatinga;34,4619;24,2815;;0,1028;41,8367;13,99;109400,0;0,28;planilha Benfica 2001-2020 corrigida
2012;10;Cerrado;28,9739;30,7225;;0,1221;43,025;27,03;369975,0;0,28;planilha Benfica 2001-2020 corrigida
2012;10;Mata Atlântica;119,9172;90,1293;;0,4162;35,06;54,14;7650,0;0,28;planilha Benfica 2001-2020 corrigida
2012;11;Caatinga;83,3726;65,7088;;0,3255;34,9267;158,31;8775,0;0,13;planilha Benfica 2001-2020 corrigida
2012;11;Cerrado;85,7348;82,4958;;0,5568;34,9425;331,54;26075,0;0,13;planilha Benfica 2001-2020 corrigida
2012;11;Mata Atlântica;133,7942;103,8811;;0,5126;32,045;195,41;850,0;0,13;planilha Benfica 2001-2020 corrigida
2012;12;Caatinga;89,9553;66,1741;;0,2674;36,2967;16,43;29650,0;-0,03;planilha Benfica 2001-2020 corrigida
2012;12;Cerrado;113,2944;86,2964;;0,366;36,2325;56,38;21650,0;-0,03;planilha Benfica 2001-2020 corrigida
2012;12;Mata Atlântica;132,9831;105,8971;;0,4155;33,2625;7,1;5975,0;-0,03;planilha Benfica 2001-2020 corrigida
2013;1;Caatinga;72,9151;58,9357;;0,2866;35,6733;139,27;4450,0;-0,24;planilha Benfica 2001-2020 corrigida
2013;1;Cerrado;103,3536;86,6894;;0,4872;32,4167;310,51;1800,0;-0,24;planilha Benfica 2001-2020 corrigida
2013;1;Mata Atlântica;114,9082;90,3613;;0,4504;32,3333;122,11;4525,0;-0,24;planilha Benfica 2001-2020 corrigida
2013;2;Caatinga;117,632;82,8561;;0,3149;33,555;11,88;2125,0;-0,28;planilha Benfica 2001-2020 corrigida
2013;2;Cerrado;157,8855;132,5904;;0,5326;31,8975;56,14;13500,0;-0,28;planilha Benfica 2001-2020 corrigida
2013;2;Mata Atlântica;143,6344;110,4645;;0,4466;32,2075;44,44;5525,0;-0,28;planilha Benfica 2001-2020 corrigida
2013;3;Caatinga;72,4323;56,174;;0,222;35,3075;42,95;4550,0;-0,23;planilha Benfica 2001-2020 corrigida
2013;3;Cerrado;116,5268;108,1318;;0,4738;32,3025;145,22;13100,0;-0,23;planilha Benfica 2001-2020 corrigida
2013;3;Mata Atlântica;122,3324;101,9256;;0,4173;34,09;27,18;10925,0;-0,23;planilha Benfica 2001-2020 corrigida
2013;4;Caatinga;79,4457;63,2881;;0,2989;31,75;55,83;425,0;-0,2;planilha Benfica 2001-2020 corrigida
2013;4;Cerrado;124,3222;105,7708;;0,5206;30,36;110,16;5475,0;-0,2;planilha Benfica 2001-2020 corrigida
2013;4;Mata Atlântica;115,6472;102,929;;0,543;29,54;87,58;1225,0;-0,2;planilha Benfica 2001-2020 corrigida
2013;5;Caatinga;85,3722;53,04;;0,2807;32,005;15,44;275,0;-0,3;planilha Benfica 2001-2020 corrigida
2013;5;Cerrado;120,7658;81,2044;;0,4059;31,3375;9,77;4675,0;-0,3;planilha Benfica 2001-2020 corrigida
2013;5;Mata Atlântica;133,0986;112,3926;;0,6111;27,0725;49,56;2000,0;-0,3;planilha Benfica 2001-2020 corrigida
2013;6;Caatinga;77,1762;40,6858;;0,2314;31,84;22,54;850,0;-0,38;planilha Benfica 2001-2020 corrigida
2013;6;Cerrado;98,0369;61,1562;;0,3272;30,8475;7,05;17475,0;-0,38;planilha Benfica 2001-2020 corrigida
2013;6;Mata Atlântica;129,118;101,4119;;0,6393;25,785;94,19;1725,0;-0,38;planilha Benfica 2001-2020 corrigida
2013;7;Caatinga;73,2263;35,7336;;0,1987;32,12;33,14;1700,0;-0,45;planilha Benfica 2001-2020 corrigida
2013;7;Cerrado;83,2389;40,5365;;0,1952;32,125;1,0;19450,0;-0,45;planilha Benfica 2001-2020 corrigida
2013;7;Mata Atlântica;136,4032;98,9446;;0,6007;25,8925;99,58;4275,0;-0,45;planilha Benfica 2001-2020 corrigida
2013;8;Caatinga;68,8053;33,7944;;0,1681;34,3425;20,19;1100,0;-0,34;planilha Benfica 2001-2020 corrigida
2013;8;Cerrado;65,3884;31,7046;;0,1343;34,5625;0,85;42225,0;-0,34;planilha Benfica 2001-2020 corrigida
2013;8;Mata Atlântica;147,1414;99,0186;;0,5608;27,55;99,93;900,0;-0,34;planilha Benfica 2001-2020 corrigida
2013;9;Caatinga;47,9365;25,415;;0,1068;38,16;12,47;47275,0;-0,32;planilha Benfica 2001-2020 corrigida
2013;9;Cerrado;32,7447;25,3317;;0,0967;39,5425;7,3;145950,0;-0,32;planilha Benfica 2001-2020 corrigida
2013;9;Mata Atlântica;147,4729;101,8542;;0,4733;30,3225;76,44;4025,0;-0,32;planilha Benfica 2001-2020 corrigida
2013;10;Caatinga;52,3527;31,6534;;0,1304;38,69;39,92;27900,0;-0,14;planilha Benfica 2001-2020 corrigida
2013;10;Cerrado;64,9054;49,7323;;0,2094;38,4975;73,84;117200,0;-0,14;planilha Benfica 2001-2020 corrigida
2013;10;Mata Atlântica;142,8279;103,5059;;0,4805;30,9475;97,06;3250,0;-0,14;planilha Benfica 2001-2020 corrigida
2013;11;Caatinga;60,8125;48,5902;;0,2064;37,05;92,14;3400,0;-0,12;planilha Benfica 2001-2020 corrigida
2013;11;Cerrado;91,173;80,4867;;0,3498;35,8575;184,23;7775,0;-0,12;planilha Benfica 2001-2020 corrigida
2013;11;Mata Atlântica;140,9087;115,9329;;0,4862;32,43;138,52;325,0;-0,12;planilha Benfica 2001-2020 corrigida
2013;12;Caatinga;75,8736;74,1385;;0,4414;34,0675;217,16;200,0;-0,11;planilha Benfica 2001-2020 corrigida
2013;12;Cerrado;93,2522;91,7319;;0,6239;32,3625;331,66;1675,0;-0,11;planilha Benfica 2001-2020 corrigida
2013;12;Mata Atlântica;100,8188;100,6753;;0,6087;31,7475;209,16;75,0;-0,11;planilha Benfica 2001-2020 corrigida
2014;1;Caatinga;134,6564;96,7676;;0,4331;31,9667;14,74;800,0;-0,24;planilha Benfica 2001-2020 corrigida
2014;1;Cerrado;139,3065;112,3337;;0,5502;32,9233;59,63;3575,0;-0,24;planilha Benfica 2001-2020 corrigida
2014;1;Mata Atlântica;167,0104;124,3078;;0,5685;30,5833;56,71;375,0;-0,24;planilha Benfica 2001-2020 corrigida
2014;2;Caatinga;126,2668;82,1971;;0,3544;32,6475;54,72;50,0;-0,21;planilha Benfica 2001-2020 corrigida
2014;2;Cerrado;144,7045;117,7625;;0,5668;30,805;104,01;2425,0;-0,21;planilha Benfica 2001-2020 corrigida
2014;2;Mata Atlântica;175,8002;126,0371;;0,5186;29,9825;81,6;150,0;-0,21;planilha Benfica 2001-2020 corrigida
2014;3;Caatinga;115,9464;82,6051;;0,3871;32,0875;67,33;350,0;-0,02;planilha Benfica 2001-2020 corrigida
2014;3;Cerrado;133,1874;124,182;;0,634;30,5525;159,9;10125,0;-0,02;planilha Benfica 2001-2020 corrigida
2014;3;Mata Atlântica;147,848;111,0503;;0,548;29,6225;109,0;225,0;-0,02;planilha Benfica 2001-2020 corrigida
2014;4;Caatinga;108,9511;83,6051;;0,3781;31,5425;90,61;400,0;0,25;planilha Benfica 2001-2020 corrigida
2014;4;Cerrado;138,7966;118,1395;;0,5499;30,3425;96,42;13725,0;0,25;planilha Benfica 2001-2020 corrigida
2014;4;Mata Atlântica;129,0555;115,1318;;0,5307;28,86;54,74;575,0;0,25;planilha Benfica 2001-2020 corrigida
2014;5;Caatinga;110,2552;68,3022;;0,3462;30,4475;29,9;225,0;0,35;planilha Benfica 2001-2020 corrigida
2014;5;Cerrado;140,9309;99,7584;;0,5089;29,8225;19,86;3900,0;0,35;planilha Benfica 2001-2020 corrigida
2014;5;Mata Atlântica;127,0025;105,7208;;0,5761;27,4425;65,85;3525,0;0,35;planilha Benfica 2001-2020 corrigida
2014;6;Caatinga;88,9482;46,1363;;0,2592;30,59;16,83;100,0;0,22;planilha Benfica 2001-2020 corrigida
2014;6;Cerrado;117,1547;68,3591;;0,3687;30,0725;2,33;11250,0;0,22;planilha Benfica 2001-2020 corrigida
2014;6;Mata Atlântica;123,0385;92,8232;;0,6172;25,76;100,21;725,0;0,22;planilha Benfica 2001-2020 corrigida
2014;7;Caatinga;77,0165;38,4097;;0,2229;31,3575;32,73;1100,0;0,07;planilha Benfica 2001-2020 corrigida
2014;7;Cerrado;95,4317;50,2398;;0,265;30,8725;0,28;14525,0;0,07;planilha Benfica 2001-2020 corrigida
2014;7;Mata Atlântica;130,0969;91,3311;;0,6006;25,4925;122,74;0,0;0,07;planilha Benfica 2001-2020 corrigida
2014;8;Caatinga;70,5578;33,5715;;0,1577;33,7;11,64;5475,0;0,07;planilha Benfica 2001-2020 corrigida
2014;8;Cerrado;72,2344;32,1696;;0,1334;35,22;0,36;39350,0;0,07;planilha Benfica 2001-2020 corrigida
2014;8;Mata Atlântica;148,8024;95,7068;;0,5007;27,5225;40,13;500,0;0,07;planilha Benfica 2001-2020 corrigida
2014;9;Caatinga;58,0798;27,2041;;0,1136;37,4675;13,52;296550,0;0,24;planilha Benfica 2001-2020 corrigida
2014;9;Cerrado;52,9397;28,4477;;0,1042;39,12;6,41;256650,0;0,24;planilha Benfica 2001-2020 corrigida
2014;9;Mata Atlântica;134,2692;86,0067;;0,4219;31,2025;36,28;13400,0;0,24;planilha Benfica 2001-2020 corrigida
2014;10;Caatinga;47,4185;27,0043;;0,1107;39,86;33,71;31350,0;0,51;planilha Benfica 2001-2020 corrigida
2014;10;Cerrado;49,8635;39,3257;;0,155;40,87;65,16;456450,0;0,51;planilha Benfica 2001-2020 corrigida
2014;10;Mata Atlântica;131,9059;86,8816;;0,4197;33,695;93,47;12250,0;0,51;planilha Benfica 2001-2020 corrigida
2014;11;Caatinga;96,9173;73,1901;;0,3399;34,65;140,96;2325,0;0,7;planilha Benfica 2001-2020 corrigida
2014;11;Cerrado;97,0813;88,0092;;0,4613;35,115;218,17;45825,0;0,7;planilha Benfica 2001-2020 corrigida
2014;11;Mata Atlântica;139,9586;107,2122;;0,5427;32,9425;145,76;1325,0;0,7;planilha Benfica 2001-2020 corrigida
2014;12;Caatinga;110,7855;82,0148;;0,396;32,295;120,86;10000,0;0,8;planilha Benfica 2001-2020 corrigida
2014;12;Cerrado;114,0495;94,6158;;0,5225;33,5475;202,25;36450,0;0,8;planilha Benfica 2001-2020 corrigida
2014;12;Mata Atlântica;142,2141;107,6334;;0,5212;30,875;148,52;1500,0;0,8;planilha Benfica 2001-2020 corrigida
2015;1;Caatinga;102,3724;81,3153;;0,3415;33,4233;19,55;4025,0;0,73;planilha Benfica 2001-2020 corrigida
2015;1;Cerrado;134,9265;100,3992;;0,4271;34,5933;74,71;16500,0;0,73;planilha Benfica 2001-2020 corrigida
2015;1;Mata Atlântica;142,7573;106,9914;;0,453;31,7586;33,18;2225,0;0,73;planilha Benfica 2001-2020 corrigida
2015;2;Caatinga;96,1016;80,1386;;0,3536;33,9825;115,6;100,0;0,65;planilha Benfica 2001-2020 corrigida
2015;2;Cerrado;128,8965;117,4179;;0,5452;31,6675;155,8;3400,0;0,65;planilha Benfica 2001-2020 corrigida
2015;2;Mata Atlântica;125,4871;102,1238;;0,4416;31,5175;120,37;1375,0;0,65;planilha Benfica 2001-2020 corrigida
2015;3;Caatinga;102,8296;80,8326;;0,3448;32,9175;44,35;125,0;0,72;planilha Benfica 2001-2020 corrigida
2015;3;Cerrado;128,2967;119,7536;;0,5704;31,04;134,56;8775,0;0,72;planilha Benfica 2001-2020 corrigida
2015;3;Mata Atlântica;116,1842;109,8127;;0,4825;30,6225;70,54;2025,0;0,72;planilha Benfica 2001-2020 corrigida
2015;4;Caatinga;88,4401;74,7948;;0,3482;33,0225;107,09;0,0;0,86;planilha Benfica 2001-2020 corrigida
2015;4;Cerrado;116,6306;108,8859;;0,5469;30,1878;216,52;9675,0;0,86;planilha Benfica 2001-2020 corrigida
2015;4;Mata Atlântica;104,7385;106,5331;;0,535;30,645;91,95;1025,0;0,86;planilha Benfica 2001-2020 corrigida
2015;5;Caatinga;107,581;72,3203;;0,3946;30,29;43,31;1350,0;1,04;planilha Benfica 2001-2020 corrigida
2015;5;Cerrado;143,1704;104,8839;;0,5534;29,2975;22,35;6750,0;1,04;planilha Benfica 2001-2020 corrigida
2015;5;Mata Atlântica;121,0026;102,6835;;0,6481;26,8775;134,36;2825,0;1,04;planilha Benfica 2001-2020 corrigida
2015;6;Caatinga;92,4812;54,1759;;0,3407;30,34;41,79;525,0;1,19;planilha Benfica 2001-2020 corrigida
2015;6;Cerrado;122,178;75,7157;;0,4315;29,7975;1,58;9200,0;1,19;planilha Benfica 2001-2020 corrigida
2015;6;Mata Atlântica;122,9391;102,5137;;0,6674;25,185;166,74;1925,0;1,19;planilha Benfica 2001-2020 corrigida
2015;7;Caatinga;85,5256;43,6724;;0,2508;31,49;26,82;825,0;1,44;planilha Benfica 2001-2020 corrigida
2015;7;Cerrado;99,1457;50,8106;;0,2664;31,3825;0,59;20525,0;1,44;planilha Benfica 2001-2020 corrigida
2015;7;Mata Atlântica;136,122;98,6724;;0,628;25,2125;76,51;900,0;1,44;planilha Benfica 2001-2020 corrigida
2015;8;Caatinga;71,3619;35,4032;;0,1657;33,89;22,62;18550,0;1,73;planilha Benfica 2001-2020 corrigida
2015;8;Cerrado;72,2481;32,9872;;0,1385;35,3875;0,64;42600,0;1,73;planilha Benfica 2001-2020 corrigida
2015;8;Mata Atlântica;150,4823;103,1437;;0,5411;27,2475;68,7;2300,0;1,73;planilha Benfica 2001-2020 corrigida
2015;9;Caatinga;44,7265;25,0622;;0,1005;39,15;4,48;296550,0;2,02;planilha Benfica 2001-2020 corrigida
2015;9;Cerrado;23,8423;21,0782;;0,0765;41,6225;2,43;529975,0;2,02;planilha Benfica 2001-2020 corrigida
2015;9;Mata Atlântica;142,5295;102,2962;;0,4249;33,4625;17,49;13400,0;2,02;planilha Benfica 2001-2020 corrigida
2015;10;Caatinga;35,2638;22,6336;;0,085;41,495;12,76;142075,0;2,28;planilha Benfica 2001-2020 corrigida
2015;10;Cerrado;27,6535;27,9194;;0,1013;43,46;36,0;538675,0;2,28;planilha Benfica 2001-2020 corrigida
2015;10;Mata Atlântica;124,4155;94,7003;;0,36;36,2425;23,22;20275,0;2,28;planilha Benfica 2001-2020 corrigida
2015;11;Caatinga;35,1692;32,6484;;0,133;41,1175;47,32;44050,0;2,45;planilha Benfica 2001-2020 corrigida
2015;11;Cerrado;62,2044;66,1495;;0,3074;39,4775;136,83;96700,0;2,45;planilha Benfica 2001-2020 corrigida
2015;11;Mata Atlântica;89,4041;93,1407;;0,3774;37,2975;34,93;23875,0;2,45;planilha Benfica 2001-2020 corrigida
2015;12;Caatinga;39,2165;33,2098;;0,1362;38,955;11,29;37200,0;2,59;planilha Benfica 2001-2020 corrigida
2015;12;Cerrado;68,4525;57,1991;;0,2414;37,61;40,62;66400,0;2,59;planilha Benfica 2001-2020 corrigida
2015;12;Mata Atlântica;94,9355;81,1255;;0,3415;36,595;18,35;65850,0;2,59;planilha Benfica 2001-2020 corrigida
2016;1;Caatinga;63,7633;62,2706;;0,3917;33,62;391,06;1925,0;2,5;planilha Benfica 2001-2020 corrigida
2016;1;Cerrado;77,0069;77,631;;0,5609;30,54;488,67;10100,0;2,5;planilha Benfica 2001-2020 corrigida
2016;1;Mata Atlântica;79,1786;80,559;;0,4843;33,5167;254,78;3550,0;2,5;planilha Benfica 2001-2020 corrigida
2016;2;Caatinga;157,9442;119,5707;;0,4613;31,1975;26,02;525,0;2,21;planilha Benfica 2001-2020 corrigida
2016;2;Cerrado;166,4037;131,4216;;0,5094;31,895;37,41;5525,0;2,21;planilha Benfica 2001-2020 corrigida
2016;2;Mata Atlântica;149,1057;125,6449;;0,4755;29,9075;27,26;5375,0;2,21;planilha Benfica 2001-2020 corrigida
2016;3;Caatinga;103,8888;87,3378;;0,3408;32,7975;13,15;0,0;1,69;planilha Benfica 2001-2020 corrigida
2016;3;Cerrado;120,1762;106,7799;;0,4192;32,865;73,77;6475,0;1,69;planilha Benfica 2001-2020 corrigida
2016;3;Mata Atlântica;121,389;100,5753;;0,411;32,6975;35,97;1050,0;1,69;planilha Benfica 2001-2020 corrigida
2016;4;Caatinga;74,5405;60,0239;;0,2635;32,9325;9,83;1150,0;1,11;planilha Benfica 2001-2020 corrigida
2016;4;Cerrado;86,9912;71,7632;;0,3111;33,1675;9,49;15675,0;1,11;planilha Benfica 2001-2020 corrigida
2016;4;Mata Atlântica;106,074;91,1215;;0,4217;32,0775;33,95;1525,0;1,11;planilha Benfica 2001-2020 corrigida
2016;5;Caatinga;62,9337;44,6692;;0,2266;32,315;23,93;0,0;0,57;planilha Benfica 2001-2020 corrigida
2016;5;Cerrado;69,3422;49,4358;;0,2395;32,84;2,49;5500,0;0,57;planilha Benfica 2001-2020 corrigida
2016;5;Mata Atlântica;99,7671;84,9908;;0,4865;30,65;58,88;3400,0;0,57;planilha Benfica 2001-2020 corrigida
2016;6;Caatinga;69,5611;40,3299;;0,2216;31,05;14,14;100,0;0,09;planilha Benfica 2001-2020 corrigida
2016;6;Cerrado;68,4483;39,3956;;0,1996;31,3225;4,38;19475,0;0,09;planilha Benfica 2001-2020 corrigida
2016;6;Mata Atlântica;99,0292;81,7736;;0,5257;27,8275;52,39;975,0;0,09;planilha Benfica 2001-2020 corrigida
2016;7;Caatinga;75,075;34,7738;;0,1839;31,55;9,96;850,0;-0,19;planilha Benfica 2001-2020 corrigida
2016;7;Cerrado;64,2507;29,4594;;0,1371;32,9125;0,42;15725,0;-0,19;planilha Benfica 2001-2020 corrigida
2016;7;Mata Atlântica;127,4579;87,917;;0,5508;26,99;58,05;125,0;-0,19;planilha Benfica 2001-2020 corrigida
2016;8;Caatinga;59,15;28,9743;;0,1377;34,6825;15,52;17200,0;-0,34;planilha Benfica 2001-2020 corrigida
2016;8;Cerrado;37,3717;22,1237;;0,09;36,63;1,5;51550,0;-0,34;planilha Benfica 2001-2020 corrigida
2016;8;Mata Atlântica;135,9674;88,0955;;0,4897;29,215;59,02;325,0;-0,34;planilha Benfica 2001-2020 corrigida
2016;9;Caatinga;49,5285;27,818;;0,1207;37,7975;18,96;43350,0;-0,42;planilha Benfica 2001-2020 corrigida
2016;9;Cerrado;29,67;26,5393;;0,1075;39,15;25,89;138075,0;-0,42;planilha Benfica 2001-2020 corrigida
2016;9;Mata Atlântica;133,1877;87,4569;;0,4468;33,27;55,63;900,0;-0,42;planilha Benfica 2001-2020 corrigida
2016;10;Caatinga;57,13;35,3246;;0,1372;38,775;39,18;23950,0;-0,51;planilha Benfica 2001-2020 corrigida
2016;10;Cerrado;49,2274;41,1904;;0,1515;39,995;66,4489;50450,0;-0,51;planilha Benfica 2001-2020 corrigida
2016;10;Mata Atlântica;143,8056;103,3198;;0,4427;31,7025;111,07;625,0;-0,51;planilha Benfica 2001-2020 corrigida
2016;11;Caatinga;80,182;67,1872;;0,3029;36,96;93,28;23950,0;-0,49;planilha Benfica 2001-2020 corrigida
2016;11;Cerrado;95,0034;89,0595;;0,4493;35,885;154,85;50725,0;-0,49;planilha Benfica 2001-2020 corrigida
2016;11;Mata Atlântica;121,8979;108,917;;0,5224;33,54;150,81;625,0;-0,49;planilha Benfica 2001-2020 corrigida
2016;12;Caatinga;92,3697;68,1944;;0,2972;34,0875;47,09;3500,0;-0,37;planilha Benfica 2001-2020 corrigida
2016;12;Cerrado;119,0027;93,9744;;0,4468;33,1075;110,93;9300,0;-0,37;planilha Benfica 2001-2020 corrigida
2016;12;Mata Atlântica;125,1807;108,8797;;0,4934;32,1775;73,2;950,0;-0,37;planilha Benfica 2001-2020 corrigida
2017;1;Caatinga;73,998;54,1576;;0,2221;35,94;17,97;5200,0;-0,08;planilha Benfica 2001-2020 corrigida
2017;1;Cerrado;102,5982;87,5746;;0,3915;34,5133;88,11;2250,0;-0,08;planilha Benfica 2001-2020 corrigida
2017;1;Mata Atlântica;131,0244;102,153;;0,4213;33,6733;14,29;975,0;-0,08;planilha Benfica 2001-2020 corrigida
2017;2;Caatinga;80,5772;60,5446;;0,2839;33,9375;80,43;75,0;0,08;planilha Benfica 2001-2020 corrigida
2017;2;Cerrado;129,8955;118,7085;;0,6064;30,295;214,83;2275,0;0,08;planilha Benfica 2001-2020 corrigida
2017;2;Mata Atlântica;124,3516;89,1826;;0,4186;30,6175;109,14;25,0;0,08;planilha Benfica 2001-2020 corrigida
2017;3;Caatinga;88,6326;64,159;;0,2727;34,8125;72,62;1450,0;0,27;planilha Benfica 2001-2020 corrigida
2017;3;Cerrado;132,4033;116,8571;;0,5374;31,605;140,19;17450,0;0,27;planilha Benfica 2001-2020 corrigida
2017;3;Mata Atlântica;110,5155;100,92;;0,4401;32,07;121,81;0,0;0,27;planilha Benfica 2001-2020 corrigida
2017;4;Caatinga;100,5546;72,0903;;0,3227;31,7525;52,54;300,0;0,32;planilha Benfica 2001-2020 corrigida
2017;4;Cerrado;140,801;113,1994;;0,5039;30,8125;56,69;5725,0;0,32;planilha Benfica 2001-2020 corrigida
2017;4;Mata Atlântica;129,8028;114,5805;;0,5362;28,7;102,68;0,0;0,32;planilha Benfica 2001-2020 corrigida
2017;5;Caatinga;82,0971;50,9468;;0,2557;32,6625;27,23;475,0;0,35;planilha Benfica 2001-2020 corrigida
2017;5;Cerrado;120,766;78,5971;;0,3795;31,53;15,53;10675,0;0,35;planilha Benfica 2001-2020 corrigida
2017;5;Mata Atlântica;126,4993;114,8933;;0,6209;27,2075;93,53;0,0;0,35;planilha Benfica 2001-2020 corrigida
2017;6;Caatinga;77,1314;37,4143;;0,2194;31,6075;25,19;0,0;0,32;planilha Benfica 2001-2020 corrigida
2017;6;Cerrado;98,1813;48,0004;;0,2384;31,03;1,11;7125,0;0,32;planilha Benfica 2001-2020 corrigida
2017;6;Mata Atlântica;127,4372;101,5652;;0,6099;25,8725;91,68;0,0;0,32;planilha Benfica 2001-2020 corrigida
2017;7;Caatinga;80,7345;34,1794;;0,1961;30,195;34,12;1550,0;0,14;planilha Benfica 2001-2020 corrigida
2017;7;Cerrado;95,8861;36,0696;;0,1772;30,215;2,4;6700,0;0,14;planilha Benfica 2001-2020 corrigida
2017;7;Mata Atlântica;127,0809;88,1033;;0,5932;23,6825;117,86;675,0;0,14;planilha Benfica 2001-2020 corrigida
2017;8;Caatinga;63,8143;28,1127;;0,1381;34,59;7,64;7650,0;-0,07;planilha Benfica 2001-2020 corrigida
2017;8;Cerrado;54,0188;24,8205;;0,1012;35,96;0,46;60275,0;-0,07;planilha Benfica 2001-2020 corrigida
2017;8;Mata Atlântica;149,1892;97,1595;;0,5236;26,325;38,85;1825,0;-0,07;planilha Benfica 2001-2020 corrigida
2017;9;Caatinga;62,0599;26,8421;;0,1219;37,4125;36,63;33275,0;-0,23;planilha Benfica 2001-2020 corrigida
2017;9;Cerrado;42,4512;22,6191;;0,0848;39,2225;4,4;109250,0;-0,23;planilha Benfica 2001-2020 corrigida
2017;9;Mata Atlântica;145,0406;90,5776;;0,4771;29,1425;74,5;10625,0;-0,23;planilha Benfica 2001-2020 corrigida
2017;10;Caatinga;42,6394;27,5421;;0,1137;39,935;9,95;76225,0;-0,44;planilha Benfica 2001-2020 corrigida
2017;10;Cerrado;19,862;28,0835;;0,1131;41,7275;23,47;299000,0;-0,44;planilha Benfica 2001-2020 corrigida
2017;10;Mata Atlântica;131,0576;96,7302;;0,4381;32,8725;19,0;1550,0;-0,44;planilha Benfica 2001-2020 corrigida
2017;11;Caatinga;73,6934;57,585;;0,2543;37,255;82,51;4475,0;-0,61;planilha Benfica 2001-2020 corrigida
2017;11;Cerrado;92,6114;79,4816;;0,4201;35,655;150,63;16800,0;-0,61;planilha Benfica 2001-2020 corrigida
2017;11;Mata Atlântica;121,3256;107,5246;;0,5035;32,2825;111,86;650,0;-0,61;planilha Benfica 2001-2020 corrigida
2017;12;Caatinga;82,2269;64,6049;;0,3016;34,77;83,01;1550,0;-0,76;planilha Benfica 2001-2020 corrigida
2017;12;Cerrado;108,6846;91,872;;0,4941;33,4925;156,77;12400,0;-0,76;planilha Benfica 2001-2020 corrigida
2017;12;Mata Atlântica;120,5378;104,7735;;0,5374;30,8075;141,9;25,0;-0,76;planilha Benfica 2001-2020 corrigida
2018;1;Caatinga;77,9109;60,4355;;0,2477;34,63;61,01;0,0;-0,71;planilha Benfica 2001-2020 corrigida
2018;1;Cerrado;128,9372;105,092;;0,4587;29,79;131,57;25,0;-0,71;planilha Benfica 2001-2020 corrigida
2018;1;Mata Atlântica;147,9492;114,7907;;0,4647;31,8233;51,88;1400,0;-0,71;planilha Benfica 2001-2020 corrigida
2018;2;Caatinga;106,6119;81,035;;0,3747;31,72;132,04;0,0;-0,67;planilha Benfica 2001-2020 corrigida
2018;2;Cerrado;140,5314;124,7567;;0,5967;29,2525;247,73;8775,0;-0,67;planilha Benfica 2001-2020 corrigida
2018;2;Mata Atlântica;132,6036;113,3054;;0,4987;30,7075;116,02;3075,0;-0,67;planilha Benfica 2001-2020 corrigida
2018;3;Caatinga;131,4366;106,8127;;0,4841;30,54;113,31;0,0;-0,55;planilha Benfica 2001-2020 corrigida
2018;3;Cerrado;141,6083;126,1787;;0,5988;29,965;170,84;24850,0;-0,55;planilha Benfica 2001-2020 corrigida
2018;3;Mata Atlântica;128,7107;118,7692;;0,5488;30,2075;115,23;1225,0;-0,55;planilha Benfica 2001-2020 corrigida
2018;4;Caatinga;133,6062;91,7534;;0,4456;29,6725;40,46;325,0;-0,35;planilha Benfica 2001-2020 corrigida
2018;4;Cerrado;147,4862;121,0768;;0,6068;29,525;70,22;4275,0;-0,35;planilha Benfica 2001-2020 corrigida
2018;4;Mata Atlântica;142,1788;109,6123;;0,5916;27,1475;114,8;800,0;-0,35;planilha Benfica 2001-2020 corrigida
2018;5;Caatinga;108,583;62,1336;;0,3237;31,075;26,92;800,0;-0,07;planilha Benfica 2001-2020 corrigida
2018;5;Cerrado;147,4493;89,6508;;0,4558;30,5675;3,71;1575,0;-0,07;planilha Benfica 2001-2020 corrigida
2018;5;Mata Atlântica;138,5633;112,9583;;0,6382;26,3125;104,09;0,0;-0,07;planilha Benfica 2001-2020 corrigida
2018;6;Caatinga;91,2363;44,9239;;0,2631;30,725;30,03;1175,0;0,13;planilha Benfica 2001-2020 corrigida
2018;6;Cerrado;118,8473;62,6245;;0,3415;30,53;2,17;6500,0;0,13;planilha Benfica 2001-2020 corrigida
2018;6;Mata Atlântica;131,0922;100,6346;;0,6436;25,3325;93,62;0,0;0,13;planilha Benfica 2001-2020 corrigida
2018;7;Caatinga;76,0308;31,4358;;0,1694;31,8;6,02;1150,0;0,2;planilha Benfica 2001-2020 corrigida
2018;7;Cerrado;95,9093;40,7077;;0,2018;32,0625;0,21;5575,0;0,2;planilha Benfica 2001-2020 corrigida
2018;7;Mata Atlântica;145,2983;99,9159;;0,5796;25,2775;43,24;1300,0;0,2;planilha Benfica 2001-2020 corrigida
2018;8;Caatinga;55,3436;25,9797;;0,1225;35,0225;8,15;8700,0;0,3;planilha Benfica 2001-2020 corrigida
2018;8;Cerrado;65,5493;34,5544;;0,1497;35,5425;8,14;23475,0;0,3;planilha Benfica 2001-2020 corrigida
2018;8;Mata Atlântica;133,9301;91,8734;;0,5051;28,3875;36,26;475,0;0,3;planilha Benfica 2001-2020 corrigida
2018;9;Caatinga;40,7598;21,4085;;0,0874;38,2075;4,42;33275,0;0,52;planilha Benfica 2001-2020 corrigida
2018;9;Cerrado;31,3004;25,6715;;0,0946;39,645;4,0;111525,0;0,52;planilha Benfica 2001-2020 corrigida
2018;9;Mata Atlântica;135,6918;91,1899;;0,4162;32,95;24,68;10625,0;0,52;planilha Benfica 2001-2020 corrigida
2018;10;Caatinga;40,9851;32,506;;0,1403;40,145;41,97;28375,0;0,82;planilha Benfica 2001-2020 corrigida
2018;10;Cerrado;53,8714;58,5974;;0,2903;38,1725;102,44;116900,0;0,82;planilha Benfica 2001-2020 corrigida
2018;10;Mata Atlântica;103,2792;86,2347;;0,4395;35,4025;61,27;10525,0;0,82;planilha Benfica 2001-2020 corrigida
2018;11;Caatinga;78,2676;64,699;;0,3151;34,075;66,62;2025,0;1,04;planilha Benfica 2001-2020 corrigida
2018;11;Cerrado;110,4182;100,0476;;0,522;31,865;204,89;17775,0;1,04;planilha Benfica 2001-2020 corrigida
2018;11;Mata Atlântica;120,4506;98,5873;;0,5599;28,945;148,58;475,0;1,04;planilha Benfica 2001-2020 corrigida
2018;12;Caatinga;106,019;85,7304;;0,3994;32,2625;137,19;325,0;1,05;planilha Benfica 2001-2020 corrigida
2018;12;Cerrado;117,1912;102,3284;;0,5132;31,22;166,63;23300,0;1,05;planilha Benfica 2001-2020 corrigida
2018;12;Mata Atlântica;125,0924;113,5248;;0,5481;30,275;165,84;325,0;1,05;planilha Benfica 2001-2020 corrigida
2019;1;Caatinga;85,6406;69,1896;;0,2954;33,8433;12,86;3275,0;0,99;planilha Benfica 2001-2020 corrigida
2019;1;Cerrado;125,3466;109,4267;;0,4986;32,2867;37,62;7500,0;0,99;planilha Benfica 2001-2020 corrigida
2019;1;Mata Atlântica;136,4056;105,6363;;0,4461;31,3233;14,62;1125,0;0,99;planilha Benfica 2001-2020 corrigida
2019;2;Caatinga;78,5975;66,3935;;0,2693;34,01;87,54;1375,0;0,94;planilha Benfica 2001-2020 corrigida
2019;2;Cerrado;131,2083;119,5785;;0,5077;32,135;143,55;2900,0;0,94;planilha Benfica 2001-2020 corrigida
2019;2;Mata Atlântica;115,0487;102,7022;;0,3904;33,19;42,49;8525,0;0,94;planilha Benfica 2001-2020 corrigida
2019;3;Caatinga;92,961;81,3743;;0,3476;32,8125;145,1;525,0;0,87;planilha Benfica 2001-2020 corrigida
2019;3;Cerrado;125,0221;125,3205;;0,605;30,11;239,46;8550,0;0,87;planilha Benfica 2001-2020 corrigida
2019;3;Mata Atlântica;90,2379;96,7154;;0,4403;32,285;128,65;11550,0;0,87;planilha Benfica 2001-2020 corrigida
2019;4;Caatinga;131,9038;104,7013;;0,4726;32,5225;80,47;575,0;0,82;planilha Benfica 2001-2020 corrigida
2019;4;Cerrado;144,7827;122,8975;;0,5659;32,5;101,13;11000,0;0,82;planilha Benfica 2001-2020 corrigida
2019;4;Mata Atlântica;137,7237;128,3307;;0,6102;30,0025;102,96;375,0;0,82;planilha Benfica 2001-2020 corrigida
2019;5;Caatinga;105,4581;71,9936;;0,3582;31,73;21,55;600,0;0,71;planilha Benfica 2001-2020 corrigida
2019;5;Cerrado;137,9319;99,5508;;0,4924;30,91;35,67;6000,0;0,71;planilha Benfica 2001-2020 corrigida
2019;5;Mata Atlântica;126,2976;124,7716;;0,6486;27,8375;58,75;1475,0;0,71;planilha Benfica 2001-2020 corrigida
2019;6;Caatinga;96,8487;49,7532;;0,2851;30,775;33,97;1650,0;0,59;planilha Benfica 2001-2020 corrigida
2019;6;Cerrado;127,3459;68,9171;;0,3724;30,02;1,14;4650,0;0,59;planilha Benfica 2001-2020 corrigida
2019;6;Mata Atlântica;125,2465;100,3922;;0,6189;26,14;86,22;1325,0;0,59;planilha Benfica 2001-2020 corrigida
2019;7;Caatinga;82,9095;40,6749;;0,2174;31,47;27,66;1325,0;0,38;planilha Benfica 2001-2020 corrigida
2019;7;Cerrado;98,8926;45,4329;;0,2255;31,6425;0,68;17150,0;0,38;planilha Benfica 2001-2020 corrigida
2019;7;Mata Atlântica;127,589;95,729;;0,5794;25,7925;74,23;25,0;0,38;planilha Benfica 2001-2020 corrigida
2019;8;Caatinga;75,6399;35,981;;0,1788;33,795;23,01;5125,0;0,2;planilha Benfica 2001-2020 corrigida
2019;8;Cerrado;78,7859;37,2275;;0,1623;34,7325;1,96;58150,0;0,2;planilha Benfica 2001-2020 corrigida
2019;8;Mata Atlântica;151,0641;98,3565;;0,5689;27,0675;81,17;475,0;0,2;planilha Benfica 2001-2020 corrigida
2019;9;Caatinga;55,2345;29,533;;0,1222;38,0175;17,95;13875,0;0,31;planilha Benfica 2001-2020 corrigida
2019;9;Cerrado;44,541;29,22;;0,11;39,405;12,67;202575,0;0,31;planilha Benfica 2001-2020 corrigida
2019;9;Mata Atlântica;152,2699;102,0928;;0,4865;30,815;56,61;1525,0;0,31;planilha Benfica 2001-2020 corrigida
2019;10;Caatinga;41,3117;28,3429;;0,1085;40,12;25,73;38025,0;0,51;planilha Benfica 2001-2020 corrigida
2019;10;Cerrado;43,9185;38,937;;0,1445;41,235;46,38;136550,0;0,51;planilha Benfica 2001-2020 corrigida
2019;10;Mata Atlântica;132,7383;105,5866;;0,4122;34,4225;46,38;9275,0;0,51;planilha Benfica 2001-2020 corrigida
2019;11;Caatinga;47,8289;38,2022;;0,1501;40,22;44,38;24575,0;0,72;planilha Benfica 2001-2020 corrigida
2019;11;Cerrado;73,2782;73,4773;;0,3358;37,3325;124,19;57750,0;0,72;planilha Benfica 2001-2020 corrigida
2019;11;Mata Atlântica;117,9688;109,0742;;0,4348;35,325;65,18;17675,0;0,72;planilha Benfica 2001-2020 corrigida
2019;12;Caatinga;45,7696;35,8917;;0,1488;37,5075;34,49;2800,0;0,75;planilha Benfica 2001-2020 corrigida
2019;12;Cerrado;82,2756;71,4775;;0,3148;35,245;77,59;39400,0;0,75;planilha Benfica 2001-2020 corrigida
2019;12;Mata Atlântica;120,8789;100,884;;0,424;31,9325;62,39;2325,0;0,75;planilha Benfica 2001-2020 corrigida
2020;1;Caatinga;79,4768;69,6754;;0,3366;32,4686;178,62;675,0;0,71;planilha Benfica 2001-2020 corrigida
2020;1;Cerrado;111,2765;99,2223;;0,4898;30,7299;280,53;575,0;0,71;planilha Benfica 2001-2020 corrigida
2020;1;Mata Atlântica;111,0858;104,666;;0,4973;30,7623;148,28;2250,0;0,71;planilha Benfica 2001-2020 corrigida
2020;2;Caatinga;130,1509;113,3124;;0,4933;30,6453;69,42;475,0;0,66;planilha Benfica 2001-2020 corrigida
2020;2;Cerrado;133,0095;131,5151;;0,6111;29,9778;178,04;1200,0;0,66;planilha Benfica 2001-2020 corrigida
2020;2;Mata Atlântica;133,7453;122,7901;;0,5262;30,1786;36,5;5475,0;0,66;planilha Benfica 2001-2020 corrigida
2020;3;Caatinga;113,5891;107,0226;;0,5419;28,8436;196,88;400,0;0,57;planilha Benfica 2001-2020 corrigida
2020;3;Cerrado;116,3626;111,2883;;0,668;27,1946;272,44;53275,0;0,57;planilha Benfica 2001-2020 corrigida
2020;3;Mata Atlântica;112,4126;111,9528;;0,5766;28,1661;194,14;550,0;0,57;planilha Benfica 2001-2020 corrigida
2020;4;Caatinga;142,7156;124,231;;0,5809;27,8539;118,01;250,0;0,33;planilha Benfica 2001-2020 corrigida
2020;4;Cerrado;135,7853;126,9372;;0,6354;28,787;139,4;18575,0;0,33;planilha Benfica 2001-2020 corrigida
2020;4;Mata Atlântica;138,2367;129,1812;;0,6429;27,507;179,5834;0,0;0,33;planilha Benfica 2001-2020 corrigida
2020;5;Caatinga;139,7726;109,8841;;0,5969;26,8852;48,39;625,0;0,04;planilha Benfica 2001-2020 corrigida
2020;5;Cerrado;145,4399;113,4881;;0,6143;28,3633;25,53;11500,0;0,04;planilha Benfica 2001-2020 corrigida
2020;5;Mata Atlântica;133,649;118,0698;;0,71;25,2283;105,52;0,0;0,04;planilha Benfica 2001-2020 corrigida
2020;6;Caatinga;138,3108;83,9102;;0,4662;26,7508;37,16;475,0;-0,18;planilha Benfica 2001-2020 corrigida
2020;6;Cerrado;151,0899;92,9946;;0,5127;28,3199;2,39;13250,0;-0,18;planilha Benfica 2001-2020 corrigida
2020;6;Mata Atlântica;140,8681;113,6095;;0,6836;24,5562;75,66;3025,0;-0,18;planilha Benfica 2001-2020 corrigida
2020;7;Caatinga;115,4155;59,3676;;0,3245;27,3601;32,56;2875,0;-0,29;planilha Benfica 2001-2020 corrigida
2020;7;Cerrado;129,2939;65,1842;;0,3488;29,5758;1,43;14775,0;-0,29;planilha Benfica 2001-2020 corrigida
2020;7;Mata Atlântica;153,6151;107,949;;0,6412;23,8869;57,78;2450,0;-0,29;planilha Benfica 2001-2020 corrigida
2020;8;Caatinga;94,5333;45,7731;;0,2417;30,276;18,03;4600,0;-0,43;planilha Benfica 2001-2020 corrigida
2020;8;Cerrado;100,5396;48,1832;;0,2123;33,7188;0,97;48775,0;-0,43;planilha Benfica 2001-2020 corrigida
2020;8;Mata Atlântica;159,6761;101,378;;0,5903;24,362;59,25;1550,0;-0,43;planilha Benfica 2001-2020 corrigida
2020;9;Caatinga;66,43;35,5643;;0,1448;35,1168;11,18;40075,0;-0,77;planilha Benfica 2001-2020 corrigida
2020;9;Cerrado;56,3721;34,5903;;0,1289;38,956;3,85;120675,0;-0,77;planilha Benfica 2001-2020 corrigida
2020;9;Mata Atlântica;162,2092;106,0455;;0,4554;28,2433;24,51;2375,0;-0,77;planilha Benfica 2001-2020 corrigida
2020;10;Caatinga;49,2273;46,6373;;0,2034;37,27;61,09;126825,0;-1,0;planilha Benfica 2001-2020 corrigida
2020;10;Cerrado;58,9616;61,3107;;0,3037;38,2976;92,51;435650,0;-1,0;planilha Benfica 2001-2020 corrigida
2020;10;Mata Atlântica;112,9258;103,4466;;0,5371;29,9477;124,2;8125,0;-1,0;planilha Benfica 2001-2020 corrigida
2020;11;Caatinga;115,3222;105,0317;;0,4205;30,6518;148,1;250,0;-1,11;planilha Benfica 2001-2020 corrigida
2020;11;Cerrado;119,4073;104,2947;;0,4478;33,3863;187,14;28075,0;-1,11;planilha Benfica 2001-2020 corrigida
2020;11;Mata Atlântica;157,8882;126,6256;;0,5596;28,5691;150,66;0,0;-1,11;planilha Benfica 2001-2020 corrigida
2020;12;Caatinga;91,9;90,4472;;0,3455;32,2874;13,06;4600,0;-1,06;planilha Benfica 2001-2020 corrigida
2020;12;Cerrado;118,4076;101,6237;;0,4142;34,2309;102,44;10475,0;-1,06;planilha Benfica 2001-2020 corrigida
2020;12;Mata Atlântica;159,3101;128,2745;;0,5018;29,3029;22,49;275,0;-1,06;planilha Benfica 2001-2020 corrigida
2021;1;Caatinga;75,4736;69,2335;228,8373;0,3025;32,7374;50,5572;5500,0;-0,99;GEE 2021-2025
2021;1;Cerrado;129,5735;103,3085;222,207;0,4649;31,7309;118,2898;2925,0;-0,99;GEE 2021-2025
2021;1;Mata Atlântica;143,7253;103,5387;224,637;0,4609;30,1122;53,4475;1325,0;-0,99;GEE 2021-2025
2021;2;Caatinga;86,4771;78,3583;218,2045;0,3591;31,8845;116,3057;250,0;-0,85;GEE 2021-2025
2021;2;Cerrado;127,3835;113,7485;201,5446;0,5644;28,7445;249,5516;6700,0;-0,85;GEE 2021-2025
2021;2;Mata Atlântica;122,0704;105,3506;212,0784;0,4968;30,2316;78,3479;1350,0;-0,85;GEE 2021-2025
2021;3;Caatinga;94,4134;77,3637;239,4985;0,323;32,3003;18,6199;3750,0;-0,74;GEE 2021-2025
2021;3;Cerrado;131,3536;105,4638;215,4323;0,4895;29,9122;57,0582;28375,0;-0,74;GEE 2021-2025
2021;3;Mata Atlântica;130,9141;108,4047;231,6974;0,4679;30,7463;26,4486;6725,0;-0,74;GEE 2021-2025
2021;4;Caatinga;85,7869;68,4636;198,1459;0,3455;31,1793;98,4167;1300,0;-0,56;GEE 2021-2025
2021;4;Cerrado;105,6911;89,0662;186,6316;0,4772;30,3533;129,1754;15850,0;-0,56;GEE 2021-2025
2021;4;Mata Atlântica;116,2416;102,83;186,9418;0,5501;29,5557;108,9475;2825,0;-0,56;GEE 2021-2025
2021;5;Caatinga;92,6354;61,5861;184,9377;0,333;30,047;14,8572;3800,0;-0,4;GEE 2021-2025
2021;5;Cerrado;110,7702;66,493;182,373;0,3646;30,0625;0,8986;7400,0;-0,4;GEE 2021-2025
2021;5;Mata Atlântica;121,9457;98,6442;162,5002;0,607;26,9403;27,1104;2400,0;-0,4;GEE 2021-2025
2021;6;Caatinga;78,3024;40,8817;175,9965;0,2323;30,0056;12,5886;3675,0;-0,31;GEE 2021-2025
2021;6;Cerrado;92,4194;47,39;179,1035;0,2646;30,1111;1,3549;15625,0;-0,31;GEE 2021-2025
2021;6;Mata Atlântica;116,521;82,7885;143,325;0,5776;24,5488;43,7192;1425,0;-0,31;GEE 2021-2025
2021;7;Caatinga;76,6207;36,0781;183,9987;0,1961;30,6297;28,4764;8975,0;-0,35;GEE 2021-2025
2021;7;Cerrado;79,0526;33,3662;196,481;0,1698;31,1998;0,6984;25750,0;-0,35;GEE 2021-2025
2021;7;Mata Atlântica;120,9511;77,0612;144,5529;0,5331;26,2162;57,0022;2225,0;-0,35;GEE 2021-2025
2021;8;Caatinga;72,9987;32,559;210,0499;0,155;32,6654;16,038;24900,0;-0,46;GEE 2021-2025
2021;8;Cerrado;63,4821;28,2425;222,9235;0,1267;34,503;1,2133;163175,0;-0,46;GEE 2021-2025
2021;8;Mata Atlântica;132,0246;79,9077;167,8834;0,476;26,095;42,7344;875,0;-0,46;GEE 2021-2025
2021;9;Caatinga;42,4019;23,944;246,6504;0,0971;37,6857;3,1363;223350,0;-0,64;GEE 2021-2025
2021;9;Cerrado;6,914;15,9752;262,5397;0,0608;40,7382;4,1192;741000,0;-0,64;GEE 2021-2025
2021;9;Mata Atlântica;127,3496;88,4653;213,039;0,4153;31,1753;32,5672;7200,0;-0,64;GEE 2021-2025
2021;10;Caatinga;44,8707;38,6939;226,2289;0,171;38,0099;71,8032;238025,0;-0,77;GEE 2021-2025
2021;10;Cerrado;46,8447;46,0221;214,5536;0,2145;38,2654;96,5092;283550,0;-0,77;GEE 2021-2025
2021;10;Mata Atlântica;111,4732;96,8221;201,3508;0,4809;28,5707;90,3669;11325,0;-0,77;GEE 2021-2025
2021;11;Caatinga;111,284;98,1988;219,623;0,4471;32,4984;168,0466;200,0;-0,91;GEE 2021-2025
2021;11;Cerrado;112,4123;104,5195;193,8349;0,5392;31,0013;226,687;5275,0;-0,91;GEE 2021-2025
2021;11;Mata Atlântica;139,1046;125,8333;206,4592;0,6095;28,4651;185,2916;475,0;-0,91;GEE 2021-2025
2021;12;Caatinga;107,7479;99,0133;183,8738;0,5385;31,0821;291,3157;0,0;-0,83;GEE 2021-2025
2021;12;Cerrado;99,203;101,5012;155,1941;0,654;28,4094;426,7546;0,0;-0,83;GEE 2021-2025
2021;12;Mata Atlântica;123,3948;118,1455;180,1444;0,6558;28,3963;386,0143;0,0;-0,83;GEE 2021-2025
2022;1;Caatinga;142,1538;110,0323;204,6756;0,5376;28,5229;108,7796;675,0;-0,76;GEE 2021-2025
2022;1;Cerrado;134,7881;114,7998;174,8332;0,6566;26,7245;206,0885;1550,0;-0,76;GEE 2021-2025
2022;1;Mata Atlântica;151,1328;114,4473;204,8164;0,5588;28,3488;91,0464;0,0;-0,76;GEE 2021-2025
2022;2;Caatinga;135,8298;110,5182;222,2778;0,4972;29,0274;61,4947;1200,0;-0,68;GEE 2021-2025
2022;2;Cerrado;146,209;125,9784;199,6266;0,6311;28,2608;157,9377;20850,0;-0,68;GEE 2021-2025
2022;2;Mata Atlântica;146,2795;120,12;216,0202;0,5561;29,0752;61,443;100,0;-0,68;GEE 2021-2025
2022;3;Caatinga;138,3641;101,4641;227,2333;0,4465;28,7222;62,6648;925,0;-0,77;GEE 2021-2025
2022;3;Cerrado;167,3664;129,8125;216,9268;0,5984;30,2484;68,3965;33050,0;-0,77;GEE 2021-2025
2022;3;Mata Atlântica;159,4006;124,3349;222,1511;0,5597;27,0152;99,5318;0,0;-0,77;GEE 2021-2025
2022;4;Caatinga;107,1788;78,4097;213,8607;0,3666;30,476;57,7407;2500,0;-0,86;GEE 2021-2025
2022;4;Cerrado;144,0779;102,4785;208,6056;0,4913;31,2692;48,2092;13875,0;-0,86;GEE 2021-2025
2022;4;Mata Atlântica;135,491;114,8382;197,6644;0,581;27,7496;106,3539;1975,0;-0,86;GEE 2021-2025
2022;5;Caatinga;94,75;57,7655;181,5166;0,3182;29,0083;15,5536;800,0;-0,83;GEE 2021-2025
2022;5;Cerrado;125,463;70,9985;180,5089;0,3933;29,8757;3,7294;10950,0;-0,83;GEE 2021-2025
2022;5;Mata Atlântica;131,7111;102,7227;162,2834;0,633;25,6214;44,6947;2625,0;-0,83;GEE 2021-2025
2022;6;Caatinga;85,8919;43,2092;175,6905;0,2459;28,5836;15,9237;1925,0;-0,73;GEE 2021-2025
2022;6;Cerrado;100,286;48,4677;175,582;0,276;29,8696;0,2651;13100,0;-0,73;GEE 2021-2025
2022;6;Mata Atlântica;131,5401;89,8218;148,8116;0,6036;24,8962;22,272;1275,0;-0,73;GEE 2021-2025
2022;7;Caatinga;80,9318;35,1849;183,465;0,1918;28,7949;29,4536;3550,0;-0,7;GEE 2021-2025
2022;7;Cerrado;89,1673;38,5099;191,6562;0,2009;30,1609;1,0983;29475,0;-0,7;GEE 2021-2025
2022;7;Mata Atlântica;130,4395;81,0517;148,6791;0,5451;23,9503;65,1658;300,0;-0,7;GEE 2021-2025
2022;8;Caatinga;72,9901;31,2517;210,9775;0,1481;31,3273;18,0066;28450,0;-0,78;GEE 2021-2025
2022;8;Cerrado;70,7497;29,2404;223,4133;0,1309;33,5324;0,3431;74600,0;-0,78;GEE 2021-2025
2022;8;Mata Atlântica;134,0317;81,7841;166,2832;0,4918;25,7282;43,2348;1525,0;-0,78;GEE 2021-2025
2022;9;Caatinga;52,8752;27,97;244,3134;0,1145;36,0489;9,2896;52975,0;-0,87;GEE 2021-2025
2022;9;Cerrado;34,5768;26,0368;247,4626;0,1052;38,4408;22,0176;201750,0;-0,87;GEE 2021-2025
2022;9;Mata Atlântica;138,0261;92,3055;205,4075;0,4494;29,1659;35,5644;875,0;-0,87;GEE 2021-2025
2022;10;Caatinga;55,3192;36,9364;232,4202;0,1589;;23,0186;125725,0;-0,89;GEE 2021-2025
2022;10;Cerrado;51,0076;44,6716;228,6782;0,1953;;40,0382;293375,0;-0,89;GEE 2021-2025
2022;10;Mata Atlântica;132,0442;95,2811;212,5949;0,4482;;49,8923;1025,0;-0,89;GEE 2021-2025
2022;11;Caatinga;108,3184;92,6661;194,7479;0,4758;29,8601;231,7824;0,0;-0,82;GEE 2021-2025
2022;11;Cerrado;101,9811;99,8417;166,3469;0,6002;29,255;308,8036;11475,0;-0,82;GEE 2021-2025
2022;11;Mata Atlântica;112,1597;108,4415;175,1424;0,6192;28,5508;252,6554;225,0;-0,82;GEE 2021-2025
2022;12;Caatinga;126,3582;103,8672;193,9561;0,5355;28,7419;189,0139;600,0;-0,7;GEE 2021-2025
2022;12;Cerrado;110,5428;104,6454;161,1767;0,6493;28,1322;245,5946;4050,0;-0,7;GEE 2021-2025
2022;12;Mata Atlântica;125,1141;109,4292;173,2742;0,6315;28,107;257,8547;100,0;-0,7;GEE 2021-2025
2023;1;Caatinga;140,7608;106,3529;210,3156;0,5057;28,4161;91,9237;1750,0;-0,55;GEE 2021-2025
2023;1;Cerrado;140,8879;117,2748;185,6843;0,6316;28,4793;203,7327;6525,0;-0,55;GEE 2021-2025
2023;1;Mata Atlântica;159,6314;122,7509;201,9253;0,6079;27,8484;88,0813;100,0;-0,55;GEE 2021-2025
2023;2;Caatinga;137,1435;102,311;247,0045;0,4142;29,8568;25,4505;325,0;-0,33;GEE 2021-2025
2023;2;Cerrado;179,1981;136,9073;228,9148;0,5981;29,4767;39,869;14275,0;-0,33;GEE 2021-2025
2023;2;Mata Atlântica;175,9883;125,6731;237,8721;0,5283;28,4474;42,346;675,0;-0,33;GEE 2021-2025
2023;3;Caatinga;110,6402;81,0754;229,0247;0,354;30,4174;68,3474;1000,0;-0,11;GEE 2021-2025
2023;3;Cerrado;140,5427;117,3411;198,8415;0,5901;29,8032;118,3996;18050,0;-0,11;GEE 2021-2025
2023;3;Mata Atlântica;162,2011;117,0984;229,6951;0,5098;27,3353;66,318;125,0;-0,11;GEE 2021-2025
2023;4;Caatinga;102,5632;76,3607;210,8876;0,3621;29,9958;41,2318;1125,0;0,19;GEE 2021-2025
2023;4;Cerrado;136,6678;101,044;196,3873;0,5145;29,9969;62,9802;9125,0;0,19;GEE 2021-2025
2023;4;Mata Atlântica;129,2168;114,7308;195,6199;0,5865;27,5542;120,8549;675,0;0,19;GEE 2021-2025
2023;5;Caatinga;100,8068;66,5668;178,0639;0,3738;28,2998;51,8771;1525,0;0,46;GEE 2021-2025
2023;5;Cerrado;136,5213;88,7802;179,141;0,4956;28,9338;20,6235;15600,0;0,46;GEE 2021-2025
2023;5;Mata Atlântica;131,9808;104,0803;161,8748;0,643;24,5691;67,7027;925,0;0,46;GEE 2021-2025
2023;6;Caatinga;92,0555;48,3316;171,3387;0,2821;28,3451;22,4815;1550,0;0,73;GEE 2021-2025
2023;6;Cerrado;115,6054;62,6494;172,3263;0,3636;28,93;0,961;17000,0;0,73;GEE 2021-2025
2023;6;Mata Atlântica;134,9036;93,9908;146,0301;0,6436;23,8526;51,7528;1675,0;0,73;GEE 2021-2025
2023;7;Caatinga;78,2411;36,525;183,7009;0,1988;29,4287;15,5573;10675,0;1,0;GEE 2021-2025
2023;7;Cerrado;89,185;40,9886;189,4176;0,2164;30,1044;1,1156;20550,0;1,0;GEE 2021-2025
2023;7;Mata Atlântica;132,1512;86,4808;147,8307;0,585;23,963;49,9128;400,0;1,0;GEE 2021-2025
2023;8;Caatinga;58,829;27,501;215,6897;0,1275;32,2656;14,1969;6200,0;1,25;GEE 2021-2025
2023;8;Cerrado;62,0203;30,7582;218,386;0,1408;33,4383;16,4325;66125,0;1,25;GEE 2021-2025
2023;8;Mata Atlântica;136,9226;88,0487;176,7802;0,4981;26,0089;38,2334;1625,0;1,25;GEE 2021-2025
2023;9;Caatinga;42,4103;24,0841;248,028;0,0971;35,9733;10,8124;59775,0;1,5;GEE 2021-2025
2023;9;Cerrado;33,381;27,4977;252,3079;0,109;37,8655;10,5787;159200,0;1,5;GEE 2021-2025
2023;9;Mata Atlântica;142,1113;92,8065;210,9534;0,4399;28,6199;27,4001;1725,0;1,5;GEE 2021-2025
2023;10;Caatinga;34,889;24,1654;256,7722;0,0941;37,9595;7,6566;118350,0;1,74;GEE 2021-2025
2023;10;Cerrado;38,8737;39,7086;242,7275;0,1636;38,7355;34,2868;227175,0;1,74;GEE 2021-2025
2023;10;Mata Atlântica;119,6809;87,9519;226,6746;0,388;32,0471;23,2603;7150,0;1,74;GEE 2021-2025
2023;11;Caatinga;28,4703;29,9254;264,8006;0,113;38,0794;37,0456;24100,0;1,9;GEE 2021-2025
2023;11;Cerrado;38,7775;41,8953;265,3821;0,1579;37,583;63,148;31450,0;1,9;GEE 2021-2025
2023;11;Mata Atlântica;113,2444;86,4963;250,1933;0,3457;33,9187;15,3486;39275,0;1,9;GEE 2021-2025
2023;12;Caatinga;32,8023;31,7306;222,0613;0,1429;36,1002;55,9401;15925,0;1,99;GEE 2021-2025
2023;12;Cerrado;40,758;46,3767;221,4696;0,2094;35,3928;94,1158;18825,0;1,99;GEE 2021-2025
2023;12;Mata Atlântica;90,8254;78,6463;217,1317;0,3622;33,1199;85,7138;16775,0;1,99;GEE 2021-2025
2024;1;Caatinga;73,842;65,5133;210,2518;0,3116;33,1719;225,8716;1875,0;1,84;GEE 2021-2025
2024;1;Cerrado;96,8224;91,2835;192,0975;0,4752;31,7415;272,0337;6900,0;1,84;GEE 2021-2025
2024;1;Mata Atlântica;91,1168;90,5586;205,5047;0,4407;29,8667;273,6038;3725,0;1,84;GEE 2021-2025
2024;2;Caatinga;121,7954;102,3041;215,2568;0,4753;28,3986;162,1859;50,0;1,53;GEE 2021-2025
2024;2;Cerrado;130,8513;118,0541;199,3592;0,5922;27,4594;200,2543;10450,0;1,53;GEE 2021-2025
2024;2;Mata Atlântica;130,7425;117,0616;207,5999;0,5639;27,8239;177,7887;0,0;1,53;GEE 2021-2025
2024;3;Caatinga;125,0176;113,7391;243,8622;0,4664;28,8425;46,0212;5000,0;1,18;GEE 2021-2025
2024;3;Cerrado;140,012;116,4082;232,8266;0,5;29,5825;97,4008;46200,0;1,18;GEE 2021-2025
2024;3;Mata Atlântica;132,1963;123,8018;235,865;0,5249;28,3717;69,6629;0,0;1,18;GEE 2021-2025
2024;4;Caatinga;115,8023;103,0055;210,7177;0,4888;27,7204;83,6508;200,0;0,77;GEE 2021-2025
2024;4;Cerrado;130,1207;104,1081;205,7343;0,506;29,0724;89,9142;14825,0;0,77;GEE 2021-2025
2024;4;Mata Atlântica;136,5176;122,5515;200,0542;0,6126;26,2923;142,244;0,0;0,77;GEE 2021-2025
2024;5;Caatinga;108,9349;74,3615;189,3161;0,3928;28,0442;22,5076;525,0;0,43;GEE 2021-2025
2024;5;Cerrado;105,0346;69,6544;193,8739;0,3593;29,5331;2,0889;7775,0;0,43;GEE 2021-2025
2024;5;Mata Atlântica;131,295;108,8932;175,2921;0,6212;25,9898;48,6356;0,0;0,43;GEE 2021-2025
2024;6;Caatinga;96,3152;51,7149;173,3166;0,2984;26,9176;35,8393;3900,0;0,18;GEE 2021-2025
2024;6;Cerrado;89,2582;44,1601;183,8388;0,2402;28,2088;3,8901;9575,0;0,18;GEE 2021-2025
2024;6;Mata Atlântica;132,6019;96,7646;150,3128;0,6438;23,8559;86,515;550,0;0,18;GEE 2021-2025
2024;7;Caatinga;90,449;37,7941;183,2316;0,2063;26,6336;15,0394;4400,0;0,06;GEE 2021-2025
2024;7;Cerrado;79,3255;32,0156;196,4249;0,163;28,7417;0,6758;14200,0;0,06;GEE 2021-2025
2024;7;Mata Atlântica;130,6866;82,3295;150,9018;0,5456;23,7124;34,6308;600,0;0,06;GEE 2021-2025
2024;8;Caatinga;70,6383;30,3009;212,2694;0,1427;29,8352;16,8086;16075,0;-0,04;GEE 2021-2025
2024;8;Cerrado;48,2179;23,1336;228,7685;0,1011;32,3297;1,6479;98175,0;-0,04;GEE 2021-2025
2024;8;Mata Atlântica;144,8861;89,6206;175,5784;0,5104;25,0583;45,9278;1550,0;-0,04;GEE 2021-2025
2024;9;Caatinga;57,0734;24,8506;245,452;0,1012;32,9471;2,8441;21500,0;-0,12;GEE 2021-2025
2024;9;Cerrado;20,0658;16,4084;256,714;0,0639;36,3238;0,5446;415250,0;-0,12;GEE 2021-2025
2024;9;Mata Atlântica;142,8133;87,7044;211,5537;0,4146;27,4757;18,9709;1700,0;-0,12;GEE 2021-2025
2024;10;Caatinga;41,3372;31,8823;248,2231;0,1284;36,0692;42,1722;28000,0;-0,19;GEE 2021-2025
2024;10;Cerrado;30,5643;32,2698;228,8901;0,141;36,2132;118,4648;252550,0;-0,19;GEE 2021-2025
2024;10;Mata Atlântica;117,9204;89,8158;215,4577;0,4169;29,4678;46,3587;1750,0;-0,19;GEE 2021-2025
2024;11;Caatinga;71,1503;66,8253;238,06;0,2807;33,3202;102,6643;2475,0;-0,29;GEE 2021-2025
2024;11;Cerrado;94,9361;83,4999;219,4646;0,3805;31,9713;206,1344;53125,0;-0,29;GEE 2021-2025
2024;11;Mata Atlântica;134,9953;105,8382;228,2082;0,4638;29,8753;144,7655;1025,0;-0,29;GEE 2021-2025
2024;12;Caatinga;57,8838;61,3628;231,7359;0,2648;32,7477;30,5499;9600,0;-0,43;GEE 2021-2025
2024;12;Cerrado;83,2495;85,0017;202,1269;0,4205;30,368;120,6283;2050,0;-0,43;GEE 2021-2025
2024;12;Mata Atlântica;120,8973;98,5217;226,0377;0,4359;29,1756;27,8037;4175,0;-0,43;GEE 2021-2025
2025;1;Caatinga;82,6815;69,8028;211,8512;0,3295;29,2348;131,9072;450,0;-0,46;GEE 2021-2025
2025;1;Cerrado;113,1227;102,0424;192,8818;0,529;25,8101;216,5941;3625,0;-0,46;GEE 2021-2025
2025;1;Mata Atlântica;116,5939;101,2296;202,4796;0,4999;27,8679;114,8697;850,0;-0,46;GEE 2021-2025
2025;2;Caatinga;111,0613;85,5591;246,8461;0,3466;28,5885;24,3758;100,0;-0,22;GEE 2021-2025
2025;2;Cerrado;138,6054;106,7813;230,0279;0,4642;27,6378;57,5989;10400,0;-0,22;GEE 2021-2025
2025;2;Mata Atlântica;162,5584;108,0214;244,0271;0,4427;26,9063;51,4994;0,0;-0,22;GEE 2021-2025
2025;3;Caatinga;69,7134;55,7865;242,0113;0,2305;29,8257;20,3321;2025,0;-0,08;GEE 2021-2025
2025;3;Cerrado;78,5307;68,0898;233,0912;0,2921;29,3788;69,2327;18400,0;-0,08;GEE 2021-2025
2025;3;Mata Atlântica;139,0962;105,3423;230,9426;0,4561;26,5627;51,6546;0,0;-0,08;GEE 2021-2025
2025;4;Caatinga;68,4308;57,1771;217,8298;0,2625;30,536;56,6659;225,0;0,02;GEE 2021-2025
2025;4;Cerrado;90,1775;77,3947;208,0822;0,3719;27,9955;72,286;2625,0;0,02;GEE 2021-2025
2025;4;Mata Atlântica;113,4156;101,914;197,4758;0,5161;26,2674;86,2296;0,0;0,02;GEE 2021-2025
2025;5;Caatinga;107,1164;60,4812;182,2066;0,3319;27,0841;80,2584;1075,0;-0,04;GEE 2021-2025
2025;5;Cerrado;117,6235;68,4502;186,9037;0,3662;26,3533;25,3051;14750,0;-0,04;GEE 2021-2025
2025;5;Mata Atlântica;142,6149;104,0607;160,6404;0,6478;23,5856;127,9292;1975,0;-0,04;GEE 2021-2025
2025;6;Caatinga;89,081;39,7323;173,1551;0,2295;26,1114;23,495;2075,0;-0,02;GEE 2021-2025
2025;6;Cerrado;84,7022;38,7588;184,7737;0,2098;26,2287;0,707;17800,0;-0,02;GEE 2021-2025
2025;6;Mata Atlântica;143,5284;89,6347;143,9232;0,6228;22,4421;40,7939;1350,0;-0,02;GEE 2021-2025
2025;7;Caatinga;87,3908;33,1813;179,3899;0,185;26,3262;14,2213;4625,0;-0,11;GEE 2021-2025
2025;7;Cerrado;79,4404;27,2678;195,9982;0,1391;27,1018;0,679;39725,0;-0,11;GEE 2021-2025
2025;7;Mata Atlântica;153,7669;87,1631;144,2506;0,6042;22,1567;37,7792;3000,0;-0,11;GEE 2021-2025
2025;8;Caatinga;70,8081;25,9622;212,3732;0,1222;28,0791;13,7302;25375,0;-0,26;GEE 2021-2025
2025;8;Cerrado;50,3767;20,8007;231,2444;0,09;29,3613;2,3065;114375,0;-0,26;GEE 2021-2025
2025;8;Mata Atlântica;150,5593;80,9974;171,5607;0,4721;22,8175;32,4958;825,0;-0,26;GEE 2021-2025
2025;9;Caatinga;54,984;21,0891;246,1377;0,0857;31,2879;10,4799;69175,0;-0,43;GEE 2021-2025
2025;9;Cerrado;19,3704;15,7058;263,2997;0,0597;33,5595;4,0557;330000,0;-0,43;GEE 2021-2025
2025;9;Mata Atlântica;150,3856;79,0542;207,28;0,3814;25,1645;33,4725;2725,0;-0,43;GEE 2021-2025
2025;10;Caatinga;46,0701;23,1219;250,7562;0,0922;33,6073;;41300,0;-0,57;GEE 2021-2025
2025;10;Cerrado;23,3365;21,2525;250,7405;0,0848;35,3189;;309600,0;-0,57;GEE 2021-2025
2025;10;Mata Atlântica;134,5004;83,0114;215,346;0,3855;26,7093;;2175,0;-0,57;GEE 2021-2025
2025;11;Caatinga;75,4927;57,6409;209,5345;0,2751;31,7592;;5025,0;-0,61;GEE 2021-2025
2025;11;Cerrado;84,4095;74,6588;180,17;0,4144;30,552;;41725,0;-0,61;GEE 2021-2025
2025;11;Mata Atlântica;133,1841;100,5829;195,8489;0,5136;26,2998;;250,0;-0,61;GEE 2021-2025
2025;12;Caatinga;99,7467;69,5261;206,5678;0,3366;29,3949;;4850,0;-0,6;GEE 2021-2025
2025;12;Cerrado;128,1676;100,2602;176,8393;0,567;27,8144;;21575,0;-0,6;GEE 2021-2025
2025;12;Mata Atlântica;144,3913;96,4697;198,0127;0,4872;26,4973;;50,0;-0,6;GEE 2021-2025
