bioma,janela,rho,p,n
Mata Atlântica,1,-0.0299,0.6082,297
Mata Atlântica,2,0.3069,0.0,296
Mata Atlântica,3,0.4211,0.0,295
Mata Atlântica,4,0.4636,0.0,294
Mata Atlântica,5,0.479,0.0,293
Mata Atlântica,6,0.4545,0.0,292
Mata Atlântica,7,0.4503,0.0,291
Mata Atlântica,8,0.4267,0.0,290
Mata Atlântica,9,0.3934,0.0,289
Mata Atlântica,10,0.3722,0.0,288
Mata Atlântica,11,0.3683,0.0,287
Mata Atlântica,12,0.344,0.0,286
Cerrado,1,0.0822,0.1576,297
Cerrado,2,0.2814,0.0,296
Cerrado,3,0.3828,0.0,295
Cerrado,4,0.4869,0.0,294
Cerrado,5,0.5568,0.0,293
Cerrado,6,0.5468,0.0,292
Cerrado,7,0.5401,0.0,291
Cerrado,8,0.4984,0.0,290
Cerrado,9,0.4388,0.0,289
Cerrado,10,0.4703,0.0,288
Cerrado,11,0.5062,0.0,287
Cerrado,12,0.491,0.0,286
Caatinga,1,0.3111,0.0,297
Caatinga,2,0.623,0.0,296
Caatinga,3,0.6635,0.0,295
Caatinga,4,0.6678,0.0,294
Caatinga,5,0.6383,0.0,293
Caatinga,6,0.5983,0.0,292
Caatinga,7,0.583,0.0,291
Caatinga,8,0.5636,0.0,290
Caatinga,9,0.5168,0.0,289
Caatinga,10,0.509,0.0,288
Caatinga,11,0.5022,0.0,287
Caatinga,12,0.4635,0.0,286
